timestamp,temperature_c,humidity_pct,day_of_week,is_weekend,is_holiday,people_at_home,hours_at_home,ac_hours,fan_hours,tv_hours,washing_machine_used,electricity_consumption_kwh
2025-01-01 00:00:00,25.52,82.39,Wednesday,0,0,2,14.18,0.0,0.45,0.19,0,0.725
2025-01-01 01:00:00,23.65,72.74,Wednesday,0,0,1,15.83,0.0,0.64,0.14,0,0.454
2025-01-01 02:00:00,24.29,72.7,Wednesday,0,0,2,14.92,0.0,0.53,0.04,0,0.485
2025-01-01 03:00:00,25.09,80.81,Wednesday,0,1,3,11.25,0.0,0.98,0.08,0,0.624
2025-01-01 04:00:00,21.2,81.1,Wednesday,0,0,3,11.48,0.0,0.56,0.17,0,0.404
2025-01-01 05:00:00,20.58,79.7,Wednesday,0,0,2,12.52,0.0,0.97,0.01,0,0.531
2025-01-01 06:00:00,23.37,84.55,Wednesday,0,0,3,9.8,0.0,0.99,0.07,0,0.435
2025-01-01 07:00:00,21.61,81.99,Wednesday,0,0,2,6.51,0.0,0.79,0.08,0,0.206
2025-01-01 08:00:00,19.28,83.41,Wednesday,0,0,4,8.09,0.0,0.89,0.09,0,0.643
2025-01-01 09:00:00,21.2,85.32,Wednesday,0,0,0,0.0,0.0,0.0,0.0,0,0.38
2025-01-01 10:00:00,19.69,80.9,Wednesday,0,0,0,0.0,0.0,0.0,0.0,0,0.295
2025-01-01 11:00:00,20.16,90.2,Wednesday,0,0,1,9.2,0.0,0.44,0.03,0,0.303
2025-01-01 12:00:00,22.06,76.71,Wednesday,0,0,0,0.0,0.0,0.0,0.0,0,0.248
2025-01-01 13:00:00,18.9,86.77,Wednesday,0,0,0,0.0,0.0,0.0,0.0,0,0.183
2025-01-01 14:00:00,20.02,89.65,Wednesday,0,0,0,0.0,0.0,0.0,0.0,0,0.242
2025-01-01 15:00:00,22.89,73.01,Wednesday,0,0,0,0.0,0.0,0.0,0.0,0,0.158
2025-01-01 16:00:00,22.8,78.26,Wednesday,0,0,0,0.0,0.0,0.0,0.0,0,0.326
2025-01-01 17:00:00,25.81,82.98,Wednesday,0,0,4,7.8,0.0,0.73,0.14,1,1.024
2025-01-01 18:00:00,24.09,84.61,Wednesday,0,0,3,9.66,0.0,0.45,0.5,0,0.579
2025-01-01 19:00:00,23.48,78.51,Wednesday,0,0,2,13.98,0.0,0.73,0.33,0,0.298
2025-01-01 20:00:00,28.76,70.94,Wednesday,0,0,3,11.99,0.56,1.0,0.84,0,1.946
2025-01-01 21:00:00,25.61,82.23,Wednesday,0,0,3,15.36,0.0,0.3,0.97,0,0.552
2025-01-01 22:00:00,25.84,83.16,Wednesday,0,0,4,14.91,0.0,0.75,0.65,0,0.588
2025-01-01 23:00:00,22.68,74.26,Wednesday,0,0,2,14.0,0.0,0.93,0.69,0,1.031
2025-01-02 00:00:00,23.64,73.2,Thursday,0,0,1,15.51,0.0,0.76,0.05,0,0.536
2025-01-02 01:00:00,24.1,79.94,Thursday,0,0,1,13.75,0.0,0.7,0.2,0,0.325
2025-01-02 02:00:00,21.05,84.7,Thursday,0,0,4,15.69,0.0,0.97,0.02,0,0.493
2025-01-02 03:00:00,23.02,78.28,Thursday,0,0,1,15.41,0.0,0.55,0.18,0,0.118
2025-01-02 04:00:00,20.54,85.41,Thursday,0,0,2,12.57,0.0,0.56,0.04,0,0.68
2025-01-02 05:00:00,20.48,78.52,Thursday,0,0,2,13.31,0.0,0.29,0.14,0,0.389
2025-01-02 06:00:00,19.44,72.43,Thursday,0,0,1,10.24,0.0,0.83,0.16,0,0.349
2025-01-02 07:00:00,23.56,77.18,Thursday,0,0,4,10.08,0.0,0.81,0.16,0,0.631
2025-01-02 08:00:00,20.1,82.73,Thursday,0,0,0,0.0,0.0,0.0,0.0,0,0.172
2025-01-02 09:00:00,18.32,82.63,Thursday,0,0,1,10.18,0.0,0.53,0.03,0,0.482
2025-01-02 10:00:00,22.01,74.9,Thursday,0,0,0,0.0,0.0,0.0,0.0,0,0.092
2025-01-02 11:00:00,18.8,74.5,Thursday,0,0,0,0.0,0.0,0.0,0.0,0,0.157
2025-01-02 12:00:00,22.0,78.13,Thursday,0,0,0,0.0,0.0,0.0,0.0,0,0.209
2025-01-02 13:00:00,18.82,88.05,Thursday,0,0,0,0.0,0.0,0.0,0.0,0,0.455
2025-01-02 14:00:00,20.73,88.12,Thursday,0,0,0,0.0,0.0,0.0,0.0,0,0.556
2025-01-02 15:00:00,24.25,84.61,Thursday,0,0,0,0.0,0.0,0.0,0.0,0,0.242
2025-01-02 16:00:00,25.95,73.06,Thursday,0,1,2,9.28,0.0,0.45,0.16,0,0.484
2025-01-02 17:00:00,25.55,71.73,Thursday,0,0,2,8.31,0.0,0.73,0.18,0,0.327
2025-01-02 18:00:00,25.51,80.02,Thursday,0,0,4,9.22,0.0,0.77,0.61,0,0.849
2025-01-02 19:00:00,25.48,80.74,Thursday,0,0,1,11.89,0.0,0.71,0.64,0,0.373
2025-01-02 20:00:00,23.46,81.38,Thursday,0,0,2,11.8,0.0,0.84,0.56,1,0.517
2025-01-02 21:00:00,24.73,68.18,Thursday,0,0,3,13.49,0.0,0.85,0.62,0,0.308
2025-01-02 22:00:00,24.89,73.76,Thursday,0,0,2,16.0,0.0,0.83,0.92,0,0.764
2025-01-02 23:00:00,27.15,75.92,Thursday,0,1,2,13.91,0.62,0.77,0.53,0,2.301
2025-01-03 00:00:00,25.24,80.22,Friday,0,0,3,16.0,0.0,0.49,0.18,0,0.61
2025-01-03 01:00:00,20.73,85.68,Friday,0,0,1,13.95,0.0,0.42,0.08,0,0.436
2025-01-03 02:00:00,23.71,79.89,Friday,0,0,1,12.87,0.0,0.61,0.12,0,0.712
2025-01-03 03:00:00,21.65,82.67,Friday,0,0,4,13.41,0.0,1.0,0.09,0,0.553
2025-01-03 04:00:00,20.4,82.56,Friday,0,0,2,16.0,0.0,1.0,0.17,0,0.469
2025-01-03 05:00:00,22.1,84.04,Friday,0,0,2,12.47,0.0,0.89,0.11,0,0.57
2025-01-03 06:00:00,22.38,81.92,Friday,0,0,3,10.69,0.0,0.84,0.14,0,0.481
2025-01-03 07:00:00,21.9,81.12,Friday,0,0,1,7.92,0.0,1.0,0.13,0,0.404
2025-01-03 08:00:00,18.61,82.41,Friday,0,0,3,6.92,0.0,1.0,0.17,1,0.566
2025-01-03 09:00:00,19.67,83.2,Friday,0,0,2,4.24,0.0,0.52,0.11,0,0.351
2025-01-03 10:00:00,21.12,83.91,Friday,0,0,0,0.0,0.0,0.0,0.0,0,0.309
2025-01-03 11:00:00,22.76,81.36,Friday,0,0,0,0.0,0.0,0.0,0.0,0,0.324
2025-01-03 12:00:00,20.76,83.72,Friday,0,1,3,5.27,0.0,0.41,0.11,0,0.382
2025-01-03 13:00:00,22.01,87.4,Friday,0,0,0,0.0,0.0,0.0,0.0,0,0.162
2025-01-03 14:00:00,21.13,82.81,Friday,0,0,2,8.81,0.0,1.0,0.14,0,0.458
2025-01-03 15:00:00,21.75,77.68,Friday,0,0,0,0.0,0.0,0.0,0.0,0,0.413
2025-01-03 16:00:00,26.09,81.44,Friday,0,0,0,0.0,0.0,0.0,0.0,0,0.239
2025-01-03 17:00:00,27.69,68.75,Friday,0,0,0,0.0,0.0,0.0,0.0,0,0.239
2025-01-03 18:00:00,25.59,72.06,Friday,0,0,2,9.81,0.0,0.94,0.77,0,0.415
2025-01-03 19:00:00,27.83,77.13,Friday,0,0,1,8.76,0.33,0.97,0.71,0,0.646
2025-01-03 20:00:00,26.77,78.99,Friday,0,0,3,10.21,0.0,1.0,0.54,1,1.097
2025-01-03 21:00:00,24.86,71.9,Friday,0,0,1,13.25,0.0,0.81,0.98,0,0.391
2025-01-03 22:00:00,26.37,74.85,Friday,0,0,4,14.77,0.0,0.82,0.75,0,0.833
2025-01-03 23:00:00,28.01,72.26,Friday,0,0,1,16.0,0.39,0.66,0.46,0,0.892
2025-01-04 00:00:00,24.56,75.96,Saturday,1,0,3,13.62,0.0,0.52,0.04,0,0.492
2025-01-04 01:00:00,26.72,81.17,Saturday,1,0,2,14.49,0.0,0.51,0.2,0,0.603
2025-01-04 02:00:00,18.41,87.47,Saturday,1,0,1,13.12,0.0,0.71,0.02,0,0.601
2025-01-04 03:00:00,23.83,78.96,Saturday,1,0,2,15.21,0.0,0.84,0.13,0,0.489
2025-01-04 04:00:00,21.78,78.17,Saturday,1,0,1,14.42,0.0,0.39,0.17,0,0.445
2025-01-04 05:00:00,20.46,75.33,Saturday,1,0,1,14.23,0.0,1.0,0.17,0,0.718
2025-01-04 06:00:00,20.69,88.98,Saturday,1,0,1,10.53,0.0,0.58,0.0,0,0.36
2025-01-04 07:00:00,16.65,88.48,Saturday,1,0,3,11.5,0.0,0.54,0.09,0,0.232
2025-01-04 08:00:00,19.73,79.21,Saturday,1,0,0,0.0,0.0,0.0,0.0,0,0.256
2025-01-04 09:00:00,20.87,85.32,Saturday,1,0,4,6.79,0.0,0.16,0.05,0,0.586
2025-01-04 10:00:00,23.19,79.28,Saturday,1,0,1,4.08,0.0,0.84,0.19,0,0.482
2025-01-04 11:00:00,20.07,81.0,Saturday,1,0,3,6.03,0.0,0.5,0.18,0,0.345
2025-01-04 12:00:00,20.17,84.52,Saturday,1,1,4,5.43,0.0,0.27,0.13,0,0.4
2025-01-04 13:00:00,21.44,77.49,Saturday,1,0,4,1.49,0.0,0.79,0.18,0,0.418
2025-01-04 14:00:00,24.77,76.49,Saturday,1,0,1,7.33,0.0,0.79,0.06,0,0.388
2025-01-04 15:00:00,24.49,79.06,Saturday,1,0,3,7.75,0.0,1.0,0.17,0,0.793
2025-01-04 16:00:00,23.67,76.7,Saturday,1,0,1,6.67,0.0,0.79,0.14,0,0.608
2025-01-04 17:00:00,26.17,80.29,Saturday,1,0,2,9.13,0.0,0.79,0.15,0,0.602
2025-01-04 18:00:00,25.9,86.54,Saturday,1,0,3,7.76,0.0,0.76,0.9,1,1.349
2025-01-04 19:00:00,27.76,71.74,Saturday,1,0,2,10.14,1.0,0.11,0.94,0,2.156
2025-01-04 20:00:00,24.86,69.8,Saturday,1,0,2,15.0,0.0,0.77,0.99,0,0.622
2025-01-04 21:00:00,25.43,67.6,Saturday,1,0,0,0.0,0.0,0.0,0.0,0,0.154
2025-01-04 22:00:00,25.02,77.23,Saturday,1,0,1,14.34,0.0,0.71,0.53,0,0.42
2025-01-04 23:00:00,22.61,76.83,Saturday,1,0,1,12.74,0.0,0.54,0.38,0,0.605
2025-01-05 00:00:00,25.16,78.9,Sunday,1,0,3,15.51,0.0,0.89,0.15,0,0.892
2025-01-05 01:00:00,24.37,79.23,Sunday,1,0,1,15.67,0.0,0.51,0.02,0,0.553
2025-01-05 02:00:00,23.13,71.66,Sunday,1,0,3,15.42,0.0,0.93,0.01,0,0.416
2025-01-05 03:00:00,21.92,71.69,Sunday,1,0,3,14.24,0.0,0.85,0.18,0,0.481
2025-01-05 04:00:00,19.08,84.81,Sunday,1,0,2,14.64,0.0,1.0,0.03,0,0.361
2025-01-05 05:00:00,20.24,82.96,Sunday,1,0,3,10.46,0.0,0.63,0.09,0,0.556
2025-01-05 06:00:00,19.91,80.45,Sunday,1,0,3,8.41,0.0,1.0,0.02,0,0.465
2025-01-05 07:00:00,18.78,75.31,Sunday,1,0,2,7.83,0.0,0.8,0.11,0,0.166
2025-01-05 08:00:00,19.83,85.01,Sunday,1,0,2,5.48,0.0,0.73,0.02,0,0.396
2025-01-05 09:00:00,20.95,88.0,Sunday,1,0,4,6.58,0.0,0.54,0.15,1,0.834
2025-01-05 10:00:00,23.92,80.36,Sunday,1,0,0,0.0,0.0,0.0,0.0,0,0.286
2025-01-05 11:00:00,21.32,77.08,Sunday,1,0,3,5.89,0.0,0.63,0.09,0,0.391
2025-01-05 12:00:00,22.09,80.84,Sunday,1,0,1,2.58,0.0,0.74,0.08,0,0.528
2025-01-05 13:00:00,22.21,73.68,Sunday,1,0,0,0.0,0.0,0.0,0.0,0,0.167
2025-01-05 14:00:00,19.67,88.09,Sunday,1,0,2,7.49,0.0,0.74,0.09,0,0.47
2025-01-05 15:00:00,23.85,79.44,Sunday,1,0,0,0.0,0.0,0.0,0.0,0,0.246
2025-01-05 16:00:00,24.73,69.4,Sunday,1,0,3,4.66,0.0,1.0,0.11,0,0.553
2025-01-05 17:00:00,29.68,72.29,Sunday,1,0,2,8.69,0.81,0.89,0.14,0,1.864
2025-01-05 18:00:00,25.38,79.98,Sunday,1,0,3,8.9,0.0,0.58,0.65,1,0.733
2025-01-05 19:00:00,26.56,74.93,Sunday,1,0,1,11.31,0.0,0.65,0.54,0,0.514
2025-01-05 20:00:00,26.06,75.67,Sunday,1,0,3,11.93,0.0,0.79,0.44,0,0.612
2025-01-05 21:00:00,23.92,72.85,Sunday,1,0,0,0.0,0.0,0.0,0.0,0,0.18
2025-01-05 22:00:00,27.78,78.33,Sunday,1,0,3,14.46,1.0,0.42,0.91,0,1.481
2025-01-05 23:00:00,26.6,73.32,Sunday,1,0,1,15.3,0.0,0.8,0.99,0,0.883
2025-01-06 00:00:00,26.05,66.28,Monday,0,0,1,14.93,0.0,1.0,0.13,0,0.501
2025-01-06 01:00:00,22.26,78.61,Monday,0,0,0,0.0,0.0,0.0,0.0,0,0.241
2025-01-06 02:00:00,25.65,82.32,Monday,0,0,0,0.0,0.0,0.0,0.0,0,0.45
2025-01-06 03:00:00,19.82,80.72,Monday,0,0,0,0.0,0.0,0.0,0.0,0,0.29
2025-01-06 04:00:00,22.68,88.78,Monday,0,1,3,11.91,0.0,1.0,0.06,0,0.596
2025-01-06 05:00:00,24.94,80.19,Monday,0,0,3,13.36,0.0,0.63,0.03,0,0.663
2025-01-06 06:00:00,18.74,85.33,Monday,0,0,2,10.74,0.0,0.51,0.17,0,0.561
2025-01-06 07:00:00,19.21,82.57,Monday,0,0,2,8.48,0.0,0.81,0.13,0,0.423
2025-01-06 08:00:00,20.3,81.89,Monday,0,0,2,8.76,0.0,1.0,0.14,0,0.568
2025-01-06 09:00:00,19.32,81.8,Monday,0,0,0,0.0,0.0,0.0,0.0,0,0.348
2025-01-06 10:00:00,17.73,83.03,Monday,0,0,2,6.91,0.0,0.66,0.2,0,0.407
2025-01-06 11:00:00,21.13,84.14,Monday,0,0,0,0.0,0.0,0.0,0.0,0,0.216
2025-01-06 12:00:00,19.71,78.08,Monday,0,0,0,0.0,0.0,0.0,0.0,0,0.252
2025-01-06 13:00:00,23.2,74.24,Monday,0,0,0,0.0,0.0,0.0,0.0,0,0.366
2025-01-06 14:00:00,21.47,75.56,Monday,0,0,0,0.0,0.0,0.0,0.0,0,0.203
2025-01-06 15:00:00,26.69,86.71,Monday,0,0,2,7.93,0.0,0.54,0.06,0,0.149
2025-01-06 16:00:00,23.21,82.26,Monday,0,0,0,0.0,0.0,0.0,0.0,0,0.236
2025-01-06 17:00:00,24.67,79.82,Monday,0,0,4,9.57,0.0,0.89,0.07,0,0.361
2025-01-06 18:00:00,27.19,70.75,Monday,0,0,4,12.13,0.89,0.65,0.4,0,0.658
2025-01-06 19:00:00,23.81,82.19,Monday,0,0,1,12.98,0.0,0.74,0.94,0,0.69
2025-01-06 20:00:00,26.53,76.04,Monday,0,0,0,0.0,0.0,0.0,0.0,0,0.153
2025-01-06 21:00:00,28.37,76.03,Monday,0,0,2,14.79,0.46,0.61,0.46,0,1.303
2025-01-06 22:00:00,22.83,75.07,Monday,0,1,3,12.41,0.0,0.63,0.6,0,0.564
2025-01-06 23:00:00,25.58,78.28,Monday,0,0,1,15.11,0.0,0.6,0.65,0,0.418
2025-01-07 00:00:00,25.09,75.8,Tuesday,0,0,1,13.23,0.0,0.65,0.12,0,0.28
2025-01-07 01:00:00,25.31,73.9,Tuesday,0,0,3,14.67,0.0,0.8,0.06,0,0.505
2025-01-07 02:00:00,20.9,85.36,Tuesday,0,0,3,12.17,0.0,1.0,0.01,0,0.477
2025-01-07 03:00:00,19.97,74.84,Tuesday,0,0,2,15.18,0.0,0.94,0.16,0,0.445
2025-01-07 04:00:00,22.56,83.02,Tuesday,0,0,0,0.0,0.0,0.0,0.0,0,0.296
2025-01-07 05:00:00,21.54,84.54,Tuesday,0,0,3,12.65,0.0,0.59,0.17,0,0.267
2025-01-07 06:00:00,20.98,77.22,Tuesday,0,0,1,9.89,0.0,0.31,0.16,0,0.385
2025-01-07 07:00:00,20.85,77.63,Tuesday,0,0,2,5.94,0.0,0.58,0.05,0,0.167
2025-01-07 08:00:00,18.9,82.38,Tuesday,0,0,1,6.77,0.0,0.48,0.11,0,0.413
2025-01-07 09:00:00,20.64,83.33,Tuesday,0,0,3,5.67,0.0,0.76,0.16,1,1.17
2025-01-07 10:00:00,21.05,80.79,Tuesday,0,0,0,0.0,0.0,0.0,0.0,0,0.355
2025-01-07 11:00:00,19.72,84.92,Tuesday,0,0,0,0.0,0.0,0.0,0.0,0,0.413
2025-01-07 12:00:00,24.98,86.83,Tuesday,0,0,0,0.0,0.0,0.0,0.0,0,0.164
2025-01-07 13:00:00,23.2,77.08,Tuesday,0,0,0,0.0,0.0,0.0,0.0,0,0.265
2025-01-07 14:00:00,20.98,73.04,Tuesday,0,0,0,0.0,0.0,0.0,0.0,0,0.209
2025-01-07 15:00:00,25.08,82.06,Tuesday,0,0,2,5.35,0.0,1.0,0.11,0,0.683
2025-01-07 16:00:00,22.87,88.33,Tuesday,0,0,0,0.0,0.0,0.0,0.0,0,0.242
2025-01-07 17:00:00,26.66,78.47,Tuesday,0,0,2,8.54,0.0,0.5,0.0,0,0.432
2025-01-07 18:00:00,27.81,70.03,Tuesday,0,0,3,7.64,0.87,0.94,0.67,1,3.629
2025-01-07 19:00:00,24.54,77.79,Tuesday,0,1,2,10.54,0.0,0.36,0.69,0,0.273
2025-01-07 20:00:00,27.86,69.84,Tuesday,0,0,2,14.47,0.59,0.89,0.38,1,2.066
2025-01-07 21:00:00,26.76,79.63,Tuesday,0,0,3,13.97,0.0,0.58,0.42,0,0.809
2025-01-07 22:00:00,27.2,69.26,Tuesday,0,0,1,14.4,0.58,1.0,0.68,0,0.944
2025-01-07 23:00:00,28.66,73.21,Tuesday,0,0,2,14.25,0.6,0.74,0.58,0,1.64
2025-01-08 00:00:00,24.18,73.71,Wednesday,0,0,1,14.31,0.0,0.71,0.14,0,0.391
2025-01-08 01:00:00,22.54,80.85,Wednesday,0,0,2,15.65,0.0,0.9,0.18,0,0.444
2025-01-08 02:00:00,21.52,79.3,Wednesday,0,0,3,14.54,0.0,0.75,0.05,0,0.449
2025-01-08 03:00:00,20.88,82.59,Wednesday,0,0,1,14.69,0.0,0.44,0.16,0,0.508
2025-01-08 04:00:00,21.48,81.28,Wednesday,0,0,3,13.32,0.0,0.62,0.0,0,0.583
2025-01-08 05:00:00,21.62,76.11,Wednesday,0,0,2,11.32,0.0,0.34,0.18,0,0.611
2025-01-08 06:00:00,21.02,84.71,Wednesday,0,1,3,10.58,0.0,0.53,0.12,0,0.358
2025-01-08 07:00:00,21.71,80.71,Wednesday,0,0,2,7.82,0.0,0.22,0.17,0,0.29
2025-01-08 08:00:00,20.15,77.43,Wednesday,0,0,3,7.43,0.0,1.0,0.05,0,0.531
2025-01-08 09:00:00,22.84,91.15,Wednesday,0,0,0,0.0,0.0,0.0,0.0,0,0.315
2025-01-08 10:00:00,20.05,84.84,Wednesday,0,0,0,0.0,0.0,0.0,0.0,0,0.172
2025-01-08 11:00:00,25.9,76.43,Wednesday,0,0,0,0.0,0.0,0.0,0.0,0,0.291
2025-01-08 12:00:00,22.75,87.1,Wednesday,0,0,0,0.0,0.0,0.0,0.0,0,0.26
2025-01-08 13:00:00,20.8,90.99,Wednesday,0,0,0,0.0,0.0,0.0,0.0,0,0.225
2025-01-08 14:00:00,21.2,80.7,Wednesday,0,0,0,0.0,0.0,0.0,0.0,0,0.339
2025-01-08 15:00:00,24.77,79.95,Wednesday,0,0,0,0.0,0.0,0.0,0.0,0,0.363
2025-01-08 16:00:00,24.22,73.76,Wednesday,0,0,0,0.0,0.0,0.0,0.0,0,0.239
2025-01-08 17:00:00,26.53,75.89,Wednesday,0,0,1,9.11,0.0,0.6,0.01,0,0.144
2025-01-08 18:00:00,26.57,75.59,Wednesday,0,0,2,9.96,0.0,0.84,0.6,0,0.376
2025-01-08 19:00:00,25.89,78.12,Wednesday,0,0,1,11.22,0.0,0.76,0.48,0,0.595
2025-01-08 20:00:00,24.6,80.02,Wednesday,0,0,3,12.4,0.0,0.46,0.63,0,0.571
2025-01-08 21:00:00,23.29,82.33,Wednesday,0,0,1,14.61,0.0,0.29,0.85,0,0.636
2025-01-08 22:00:00,24.92,79.26,Wednesday,0,0,1,12.68,0.0,0.68,0.74,0,0.609
2025-01-08 23:00:00,26.79,70.34,Wednesday,0,0,3,15.86,0.0,0.68,0.57,0,0.431
2025-01-09 00:00:00,25.01,73.3,Thursday,0,0,1,15.1,0.0,0.68,0.17,0,0.623
2025-01-09 01:00:00,21.66,78.28,Thursday,0,0,2,12.19,0.0,1.0,0.07,0,0.417
2025-01-09 02:00:00,23.44,78.0,Thursday,0,0,4,14.9,0.0,1.0,0.02,0,0.206
2025-01-09 03:00:00,23.04,85.02,Thursday,0,0,4,13.71,0.0,0.91,0.12,0,0.86
2025-01-09 04:00:00,20.03,76.66,Thursday,0,0,1,11.19,0.0,0.9,0.13,0,0.233
2025-01-09 05:00:00,21.28,79.56,Thursday,0,0,2,11.53,0.0,0.73,0.12,0,0.556
2025-01-09 06:00:00,20.63,86.7,Thursday,0,0,2,8.03,0.0,0.79,0.1,0,0.646
2025-01-09 07:00:00,18.17,82.65,Thursday,0,0,2,7.68,0.0,0.86,0.04,0,0.413
2025-01-09 08:00:00,20.77,84.11,Thursday,0,0,4,7.56,0.0,0.79,0.11,0,0.25
2025-01-09 09:00:00,21.24,80.69,Thursday,0,0,0,0.0,0.0,0.0,0.0,0,0.361
2025-01-09 10:00:00,22.47,81.56,Thursday,0,0,0,0.0,0.0,0.0,0.0,0,0.19
2025-01-09 11:00:00,22.9,78.75,Thursday,0,0,0,0.0,0.0,0.0,0.0,0,0.21
2025-01-09 12:00:00,19.14,86.61,Thursday,0,0,0,0.0,0.0,0.0,0.0,0,0.234
2025-01-09 13:00:00,20.66,74.18,Thursday,0,0,0,0.0,0.0,0.0,0.0,0,0.326
2025-01-09 14:00:00,24.05,77.04,Thursday,0,0,0,0.0,0.0,0.0,0.0,0,0.322
2025-01-09 15:00:00,24.82,79.64,Thursday,0,0,0,0.0,0.0,0.0,0.0,0,0.23
2025-01-09 16:00:00,25.55,80.17,Thursday,0,0,0,0.0,0.0,0.0,0.0,0,0.213
2025-01-09 17:00:00,32.18,79.0,Thursday,0,0,1,8.87,0.7,1.0,0.11,0,1.349
2025-01-09 18:00:00,26.75,74.47,Thursday,0,0,1,8.95,0.0,0.47,0.41,0,0.311
2025-01-09 19:00:00,28.07,82.64,Thursday,0,0,1,14.04,0.43,1.0,0.4,0,0.99
2025-01-09 20:00:00,27.84,72.15,Thursday,0,0,2,12.78,0.43,0.72,0.74,1,1.996
2025-01-09 21:00:00,27.19,82.67,Thursday,0,0,2,13.28,0.73,0.89,0.41,0,1.315
2025-01-09 22:00:00,25.15,81.95,Thursday,0,0,0,0.0,0.0,0.0,0.0,0,0.285
2025-01-09 23:00:00,26.61,71.98,Thursday,0,0,2,16.0,0.0,0.56,0.49,0,0.381
2025-01-10 00:00:00,23.23,81.13,Friday,0,0,4,15.82,0.0,0.63,0.12,0,0.432
2025-01-10 01:00:00,23.47,79.12,Friday,0,0,2,12.22,0.0,0.94,0.17,0,0.621
2025-01-10 02:00:00,22.25,83.6,Friday,0,0,3,13.29,0.0,0.66,0.11,0,0.535
2025-01-10 03:00:00,22.49,79.14,Friday,0,0,4,12.87,0.0,0.19,0.05,0,0.598
2025-01-10 04:00:00,25.79,75.75,Friday,0,0,1,12.48,0.0,0.99,0.08,0,0.482
2025-01-10 05:00:00,17.64,91.47,Friday,0,0,0,0.0,0.0,0.0,0.0,0,0.348
2025-01-10 06:00:00,21.76,80.42,Friday,0,0,2,8.39,0.0,0.74,0.02,0,0.412
2025-01-10 07:00:00,17.32,89.04,Friday,0,1,3,8.59,0.0,0.78,0.11,0,0.428
2025-01-10 08:00:00,19.27,82.03,Friday,0,0,1,10.05,0.0,1.0,0.02,0,0.258
2025-01-10 09:00:00,22.19,88.87,Friday,0,0,0,0.0,0.0,0.0,0.0,0,0.308
2025-01-10 10:00:00,20.64,78.53,Friday,0,0,0,0.0,0.0,0.0,0.0,0,0.275
2025-01-10 11:00:00,19.06,80.27,Friday,0,0,0,0.0,0.0,0.0,0.0,0,0.217
2025-01-10 12:00:00,20.34,89.82,Friday,0,0,0,0.0,0.0,0.0,0.0,0,0.267
2025-01-10 13:00:00,23.57,77.06,Friday,0,0,0,0.0,0.0,0.0,0.0,0,0.276
2025-01-10 14:00:00,21.81,88.88,Friday,0,0,0,0.0,0.0,0.0,0.0,0,0.352
2025-01-10 15:00:00,24.29,83.1,Friday,0,0,2,7.28,0.0,0.62,0.02,0,0.353
2025-01-10 16:00:00,24.71,77.49,Friday,0,0,0,0.0,0.0,0.0,0.0,0,0.367
2025-01-10 17:00:00,24.07,69.77,Friday,0,0,2,7.99,0.0,0.91,0.13,0,0.511
2025-01-10 18:00:00,29.58,73.78,Friday,0,0,3,7.31,0.56,0.52,0.95,0,1.49
2025-01-10 19:00:00,27.16,76.56,Friday,0,0,0,0.0,0.0,0.0,0.0,0,0.402
2025-01-10 20:00:00,22.48,86.11,Friday,0,0,2,11.97,0.0,1.0,0.32,0,0.772
2025-01-10 21:00:00,26.36,84.72,Friday,0,0,3,13.7,0.0,0.69,0.39,0,0.569
2025-01-10 22:00:00,24.53,75.0,Friday,0,1,4,12.96,0.0,0.43,0.41,0,0.494
2025-01-10 23:00:00,26.78,80.4,Friday,0,0,2,14.22,0.0,0.55,0.88,0,0.553
2025-01-11 00:00:00,23.2,83.45,Saturday,1,0,2,14.13,0.0,0.86,0.01,0,0.511
2025-01-11 01:00:00,23.69,84.54,Saturday,1,0,2,12.83,0.0,0.96,0.13,0,0.194
2025-01-11 02:00:00,24.03,81.36,Saturday,1,0,3,12.97,0.0,0.74,0.19,0,0.834
2025-01-11 03:00:00,23.91,69.27,Saturday,1,0,4,13.51,0.0,0.11,0.16,0,0.548
2025-01-11 04:00:00,19.46,82.21,Saturday,1,0,2,12.95,0.0,0.92,0.16,0,0.537
2025-01-11 05:00:00,20.4,76.36,Saturday,1,0,2,10.27,0.0,0.24,0.15,0,0.282
2025-01-11 06:00:00,19.67,81.78,Saturday,1,0,2,8.2,0.0,0.22,0.07,0,0.336
2025-01-11 07:00:00,19.05,88.26,Saturday,1,0,3,8.17,0.0,1.0,0.04,0,0.418
2025-01-11 08:00:00,23.3,81.05,Saturday,1,0,3,8.67,0.0,0.45,0.06,0,0.514
2025-01-11 09:00:00,20.95,87.38,Saturday,1,0,1,5.06,0.0,0.81,0.03,0,0.196
2025-01-11 10:00:00,18.26,85.78,Saturday,1,0,1,5.69,0.0,0.77,0.17,0,0.366
2025-01-11 11:00:00,22.65,73.62,Saturday,1,0,4,4.18,0.0,0.55,0.08,0,0.441
2025-01-11 12:00:00,25.44,65.0,Saturday,1,0,0,0.0,0.0,0.0,0.0,0,0.214
2025-01-11 13:00:00,24.21,79.46,Saturday,1,0,2,4.41,0.0,0.61,0.06,0,0.395
2025-01-11 14:00:00,20.39,81.08,Saturday,1,0,3,6.66,0.0,0.76,0.03,0,0.435
2025-01-11 15:00:00,23.03,74.89,Saturday,1,0,2,7.99,0.0,0.65,0.17,1,1.323
2025-01-11 16:00:00,26.9,67.78,Saturday,1,0,2,9.81,0.0,0.62,0.16,0,0.368
2025-01-11 17:00:00,23.97,75.25,Saturday,1,0,1,6.68,0.0,0.59,0.11,0,0.29
2025-01-11 18:00:00,26.52,75.66,Saturday,1,0,4,7.9,0.0,0.53,0.31,0,0.581
2025-01-11 19:00:00,27.42,79.16,Saturday,1,0,1,13.04,1.0,0.96,0.76,0,2.127
2025-01-11 20:00:00,24.45,79.43,Saturday,1,0,0,0.0,0.0,0.0,0.0,0,0.506
2025-01-11 21:00:00,25.91,85.22,Saturday,1,0,2,12.61,0.0,0.47,0.68,0,0.74
2025-01-11 22:00:00,19.89,77.42,Saturday,1,0,0,0.0,0.0,0.0,0.0,0,0.178
2025-01-11 23:00:00,23.4,83.84,Saturday,1,0,1,14.95,0.0,0.62,0.32,0,0.545
2025-01-12 00:00:00,24.17,78.98,Sunday,1,0,2,12.72,0.0,0.65,0.19,0,0.698
2025-01-12 01:00:00,21.65,84.48,Sunday,1,0,2,13.59,0.0,0.93,0.12,0,0.622
2025-01-12 02:00:00,26.06,74.86,Sunday,1,0,2,14.6,0.0,0.59,0.12,0,0.443
2025-01-12 03:00:00,19.77,88.06,Sunday,1,0,3,14.01,0.0,0.66,0.17,0,0.649
2025-01-12 04:00:00,20.83,83.23,Sunday,1,0,1,14.87,0.0,0.91,0.14,0,0.348
2025-01-12 05:00:00,21.24,77.99,Sunday,1,0,3,10.73,0.0,0.86,0.1,0,0.733
2025-01-12 06:00:00,23.12,79.63,Sunday,1,0,3,8.54,0.0,0.58,0.02,0,0.425
2025-01-12 07:00:00,17.64,83.43,Sunday,1,0,4,10.08,0.0,0.99,0.1,0,0.695
2025-01-12 08:00:00,22.22,82.95,Sunday,1,0,2,8.07,0.0,0.98,0.04,0,0.55
2025-01-12 09:00:00,20.24,76.38,Sunday,1,0,2,5.92,0.0,0.96,0.1,0,0.341
2025-01-12 10:00:00,18.76,83.47,Sunday,1,0,2,5.72,0.0,0.83,0.0,0,0.454
2025-01-12 11:00:00,21.83,82.83,Sunday,1,0,4,4.6,0.0,0.71,0.07,0,0.513
2025-01-12 12:00:00,21.98,80.88,Sunday,1,0,3,6.04,0.0,0.48,0.01,0,0.281
2025-01-12 13:00:00,21.27,88.09,Sunday,1,0,2,7.7,0.0,0.4,0.03,1,0.692
2025-01-12 14:00:00,23.25,83.45,Sunday,1,0,4,4.58,0.0,0.73,0.14,1,0.331
2025-01-12 15:00:00,23.21,79.58,Sunday,1,0,3,7.1,0.0,0.75,0.2,0,0.594
2025-01-12 16:00:00,24.83,79.24,Sunday,1,0,4,5.21,0.0,0.68,0.11,0,0.412
2025-01-12 17:00:00,26.44,78.19,Sunday,1,0,3,7.1,0.0,0.72,0.03,0,0.115
2025-01-12 18:00:00,28.58,76.8,Sunday,1,0,3,10.84,0.17,1.0,0.66,0,0.382
2025-01-12 19:00:00,23.79,69.96,Sunday,1,0,3,11.19,0.0,1.0,0.44,0,0.601
2025-01-12 20:00:00,29.96,72.03,Sunday,1,0,0,0.0,0.0,0.0,0.0,0,0.243
2025-01-12 21:00:00,22.51,72.82,Sunday,1,0,0,0.0,0.0,0.0,0.0,0,0.23
2025-01-12 22:00:00,25.45,83.99,Sunday,1,0,2,15.65,0.0,0.76,0.44,0,0.639
2025-01-12 23:00:00,26.3,76.52,Sunday,1,0,2,12.66,0.0,0.92,0.89,0,0.405
2025-01-13 00:00:00,25.13,76.92,Monday,0,0,3,16.0,0.0,1.0,0.15,0,0.33
2025-01-13 01:00:00,22.78,84.48,Monday,0,0,3,15.69,0.0,1.0,0.03,0,0.756
2025-01-13 02:00:00,22.75,82.14,Monday,0,0,3,15.22,0.0,0.93,0.04,0,0.611
2025-01-13 03:00:00,21.46,75.54,Monday,0,0,2,13.53,0.0,0.76,0.12,0,0.519
2025-01-13 04:00:00,20.56,81.64,Monday,0,0,2,15.12,0.0,0.66,0.09,0,0.796
2025-01-13 05:00:00,22.53,78.55,Monday,0,0,0,0.0,0.0,0.0,0.0,0,0.184
2025-01-13 06:00:00,21.17,72.73,Monday,0,0,2,9.45,0.0,0.56,0.12,0,0.441
2025-01-13 07:00:00,18.98,79.97,Monday,0,0,0,0.0,0.0,0.0,0.0,0,0.444
2025-01-13 08:00:00,21.74,80.01,Monday,0,0,2,6.4,0.0,0.68,0.09,0,0.777
2025-01-13 09:00:00,20.78,81.22,Monday,0,1,3,6.04,0.0,0.42,0.15,0,0.435
2025-01-13 10:00:00,21.99,73.3,Monday,0,0,0,0.0,0.0,0.0,0.0,0,0.426
2025-01-13 11:00:00,22.14,86.34,Monday,0,0,0,0.0,0.0,0.0,0.0,0,0.199
2025-01-13 12:00:00,20.13,81.87,Monday,0,0,1,5.99,0.0,0.21,0.08,0,0.312
2025-01-13 13:00:00,21.34,81.48,Monday,0,0,0,0.0,0.0,0.0,0.0,0,0.182
2025-01-13 14:00:00,24.47,80.48,Monday,0,0,0,0.0,0.0,0.0,0.0,0,0.107
2025-01-13 15:00:00,25.0,74.06,Monday,0,0,0,0.0,0.0,0.0,0.0,0,0.353
2025-01-13 16:00:00,24.59,80.65,Monday,0,0,3,9.99,0.0,0.75,0.11,0,0.558
2025-01-13 17:00:00,25.46,75.75,Monday,0,0,2,9.48,0.0,0.9,0.09,0,0.458
2025-01-13 18:00:00,28.02,70.8,Monday,0,0,2,10.88,0.41,0.68,0.8,0,1.112
2025-01-13 19:00:00,24.96,80.91,Monday,0,0,0,0.0,0.0,0.0,0.0,0,0.467
2025-01-13 20:00:00,27.11,83.56,Monday,0,0,0,0.0,0.0,0.0,0.0,0,0.22
2025-01-13 21:00:00,25.66,81.03,Monday,0,0,3,16.0,0.0,1.0,0.69,0,0.373
2025-01-13 22:00:00,25.33,82.32,Monday,0,0,3,13.77,0.0,1.0,0.73,0,0.597
2025-01-13 23:00:00,27.22,73.4,Monday,0,0,2,16.0,0.61,0.72,0.84,0,0.942
2025-01-14 00:00:00,26.11,69.01,Tuesday,0,0,2,15.05,0.0,0.92,0.04,0,0.761
2025-01-14 01:00:00,25.36,85.12,Tuesday,0,0,1,11.83,0.0,0.85,0.18,0,0.47
2025-01-14 02:00:00,25.47,87.85,Tuesday,0,0,4,12.22,0.0,0.86,0.03,0,0.442
2025-01-14 03:00:00,22.38,88.07,Tuesday,0,1,4,14.17,0.0,0.42,0.06,0,0.396
2025-01-14 04:00:00,22.85,78.26,Tuesday,0,0,2,14.02,0.0,0.94,0.12,0,0.987
2025-01-14 05:00:00,20.44,76.33,Tuesday,0,1,4,12.21,0.0,0.9,0.04,0,0.547
2025-01-14 06:00:00,21.11,76.17,Tuesday,0,0,1,11.15,0.0,1.0,0.13,0,0.39
2025-01-14 07:00:00,19.99,74.09,Tuesday,0,0,3,12.59,0.0,1.0,0.14,0,0.42
2025-01-14 08:00:00,20.3,81.69,Tuesday,0,0,1,8.29,0.0,0.79,0.05,0,0.348
2025-01-14 09:00:00,21.3,89.36,Tuesday,0,0,3,6.07,0.0,0.72,0.02,0,0.506
2025-01-14 10:00:00,19.05,82.64,Tuesday,0,0,0,0.0,0.0,0.0,0.0,0,0.253
2025-01-14 11:00:00,24.77,79.72,Tuesday,0,0,0,0.0,0.0,0.0,0.0,0,0.145
2025-01-14 12:00:00,19.81,89.55,Tuesday,0,0,1,3.1,0.0,0.48,0.16,0,0.388
2025-01-14 13:00:00,20.16,80.33,Tuesday,0,0,0,0.0,0.0,0.0,0.0,0,0.234
2025-01-14 14:00:00,25.21,87.99,Tuesday,0,0,3,5.69,0.0,0.97,0.11,0,0.232
2025-01-14 15:00:00,25.32,87.67,Tuesday,0,1,2,5.22,0.0,0.77,0.05,0,0.664
2025-01-14 16:00:00,25.75,76.67,Tuesday,0,0,0,0.0,0.0,0.0,0.0,0,0.324
2025-01-14 17:00:00,26.38,73.87,Tuesday,0,0,3,10.93,0.0,0.8,0.11,0,0.348
2025-01-14 18:00:00,25.7,80.86,Tuesday,0,0,4,8.71,0.0,0.49,0.59,0,0.576
2025-01-14 19:00:00,24.41,76.8,Tuesday,0,1,2,11.39,0.0,0.84,0.39,0,0.558
2025-01-14 20:00:00,26.26,71.08,Tuesday,0,0,1,11.04,0.0,0.67,0.93,0,0.509
2025-01-14 21:00:00,24.8,84.58,Tuesday,0,1,2,16.0,0.0,0.63,0.81,0,0.395
2025-01-14 22:00:00,27.48,81.85,Tuesday,0,0,0,0.0,0.0,0.0,0.0,0,0.185
2025-01-14 23:00:00,24.98,78.8,Tuesday,0,0,4,12.81,0.0,0.95,0.37,0,0.393
2025-01-15 00:00:00,23.14,73.36,Wednesday,0,0,1,14.36,0.0,0.17,0.01,0,0.53
2025-01-15 01:00:00,23.32,73.36,Wednesday,0,0,2,16.0,0.0,0.8,0.18,0,0.304
2025-01-15 02:00:00,23.87,79.56,Wednesday,0,0,4,12.86,0.0,1.0,0.07,0,0.556
2025-01-15 03:00:00,21.33,78.8,Wednesday,0,0,0,0.0,0.0,0.0,0.0,0,0.216
2025-01-15 04:00:00,20.14,80.67,Wednesday,0,0,0,0.0,0.0,0.0,0.0,0,0.428
2025-01-15 05:00:00,21.44,86.31,Wednesday,0,0,3,11.81,0.0,1.0,0.15,0,0.36
2025-01-15 06:00:00,20.97,85.3,Wednesday,0,0,1,8.17,0.0,0.64,0.2,0,0.251
2025-01-15 07:00:00,19.31,90.01,Wednesday,0,0,0,0.0,0.0,0.0,0.0,0,0.248
2025-01-15 08:00:00,19.28,78.2,Wednesday,0,0,1,7.27,0.0,1.0,0.06,0,0.286
2025-01-15 09:00:00,20.64,80.21,Wednesday,0,0,0,0.0,0.0,0.0,0.0,0,0.218
2025-01-15 10:00:00,17.92,88.17,Wednesday,0,0,2,7.09,0.0,0.84,0.08,0,0.519
2025-01-15 11:00:00,18.47,86.12,Wednesday,0,0,4,5.53,0.0,0.74,0.08,0,0.434
2025-01-15 12:00:00,20.33,89.86,Wednesday,0,0,4,4.86,0.0,1.0,0.17,0,0.662
2025-01-15 13:00:00,21.96,82.84,Wednesday,0,0,0,0.0,0.0,0.0,0.0,0,0.246
2025-01-15 14:00:00,23.68,88.43,Wednesday,0,0,0,0.0,0.0,0.0,0.0,0,0.478
2025-01-15 15:00:00,26.56,79.3,Wednesday,0,0,2,5.38,0.0,1.0,0.09,0,0.79
2025-01-15 16:00:00,26.17,82.26,Wednesday,0,0,3,4.25,0.0,0.41,0.19,0,0.421
2025-01-15 17:00:00,24.96,76.42,Wednesday,0,0,3,8.37,0.0,0.57,0.08,0,0.165
2025-01-15 18:00:00,25.69,77.45,Wednesday,0,0,4,10.57,0.0,1.0,0.49,0,0.608
2025-01-15 19:00:00,24.22,83.26,Wednesday,0,0,2,10.67,0.0,1.0,0.62,0,0.68
2025-01-15 20:00:00,26.09,85.08,Wednesday,0,0,2,11.71,0.0,0.55,0.59,0,0.22
2025-01-15 21:00:00,25.5,81.19,Wednesday,0,0,1,12.99,0.0,0.45,0.48,0,0.533
2025-01-15 22:00:00,26.3,76.41,Wednesday,0,1,3,14.29,0.0,0.82,0.48,0,0.497
2025-01-15 23:00:00,23.76,86.01,Wednesday,0,0,3,12.88,0.0,0.83,0.96,0,0.529
2025-01-16 00:00:00,25.56,66.54,Thursday,0,0,4,15.99,0.0,0.74,0.12,0,0.619
2025-01-16 01:00:00,26.66,69.4,Thursday,0,0,2,10.84,0.0,1.0,0.02,0,0.717
2025-01-16 02:00:00,22.93,83.27,Thursday,0,0,3,15.14,0.0,0.91,0.03,0,0.53
2025-01-16 03:00:00,23.07,79.81,Thursday,0,0,0,0.0,0.0,0.0,0.0,0,0.277
2025-01-16 04:00:00,22.87,82.95,Thursday,0,0,2,13.25,0.0,1.0,0.11,0,0.494
2025-01-16 05:00:00,20.28,82.57,Thursday,0,0,2,8.4,0.0,0.76,0.05,0,0.422
2025-01-16 06:00:00,20.93,84.52,Thursday,0,0,2,10.44,0.0,0.58,0.08,0,0.405
2025-01-16 07:00:00,20.25,78.2,Thursday,0,0,0,0.0,0.0,0.0,0.0,0,0.246
2025-01-16 08:00:00,20.3,85.08,Thursday,0,0,2,9.9,0.0,1.0,0.08,0,0.418
2025-01-16 09:00:00,18.83,88.52,Thursday,0,0,0,0.0,0.0,0.0,0.0,0,0.112
2025-01-16 10:00:00,20.57,88.09,Thursday,0,0,3,3.9,0.0,0.51,0.19,0,0.606
2025-01-16 11:00:00,21.9,90.86,Thursday,0,0,0,0.0,0.0,0.0,0.0,0,0.119
2025-01-16 12:00:00,24.24,79.91,Thursday,0,0,0,0.0,0.0,0.0,0.0,0,0.218
2025-01-16 13:00:00,24.07,80.2,Thursday,0,0,0,0.0,0.0,0.0,0.0,0,0.45
2025-01-16 14:00:00,27.0,68.58,Thursday,0,0,1,7.4,0.0,0.94,0.08,1,0.939
2025-01-16 15:00:00,22.52,77.58,Thursday,0,0,0,0.0,0.0,0.0,0.0,0,0.146
2025-01-16 16:00:00,26.19,75.96,Thursday,0,0,1,7.62,0.0,0.93,0.16,0,0.205
2025-01-16 17:00:00,25.57,82.73,Thursday,0,0,4,8.21,0.0,0.66,0.07,0,0.499
2025-01-16 18:00:00,29.66,70.75,Thursday,0,0,1,9.97,0.91,0.61,0.83,0,1.689
2025-01-16 19:00:00,24.57,82.37,Thursday,0,0,2,13.12,0.0,0.42,0.68,0,0.624
2025-01-16 20:00:00,24.61,78.34,Thursday,0,0,3,11.98,0.0,0.48,0.55,0,0.781
2025-01-16 21:00:00,24.94,77.17,Thursday,0,0,3,14.52,0.0,1.0,0.79,0,0.592
2025-01-16 22:00:00,21.9,82.04,Thursday,0,0,1,13.54,0.0,0.96,0.76,0,0.616
2025-01-16 23:00:00,24.3,76.68,Thursday,0,0,2,16.0,0.0,1.0,0.75,0,0.439
2025-01-17 00:00:00,23.26,77.42,Friday,0,0,0,0.0,0.0,0.0,0.0,0,0.05
2025-01-17 01:00:00,24.17,70.22,Friday,0,0,0,0.0,0.0,0.0,0.0,0,0.151
2025-01-17 02:00:00,23.74,77.9,Friday,0,1,3,16.0,0.0,0.73,0.01,0,0.518
2025-01-17 03:00:00,25.72,74.95,Friday,0,0,2,9.66,0.0,0.55,0.15,0,0.527
2025-01-17 04:00:00,23.33,76.92,Friday,0,0,1,13.63,0.0,0.48,0.18,0,0.593
2025-01-17 05:00:00,19.96,84.62,Friday,0,0,2,12.0,0.0,0.49,0.08,0,0.462
2025-01-17 06:00:00,18.91,86.78,Friday,0,0,1,10.67,0.0,0.56,0.0,0,0.378
2025-01-17 07:00:00,21.11,82.66,Friday,0,0,4,9.07,0.0,0.53,0.12,0,0.568
2025-01-17 08:00:00,17.75,89.5,Friday,0,0,2,7.86,0.0,0.98,0.05,0,0.397
2025-01-17 09:00:00,23.52,82.21,Friday,0,0,0,0.0,0.0,0.0,0.0,0,0.15
2025-01-17 10:00:00,22.65,78.64,Friday,0,0,1,7.03,0.0,0.69,0.06,0,0.253
2025-01-17 11:00:00,20.16,80.04,Friday,0,0,0,0.0,0.0,0.0,0.0,0,0.486
2025-01-17 12:00:00,18.54,85.38,Friday,0,0,0,0.0,0.0,0.0,0.0,0,0.191
2025-01-17 13:00:00,24.78,81.06,Friday,0,0,0,0.0,0.0,0.0,0.0,0,0.304
2025-01-17 14:00:00,22.92,86.86,Friday,0,0,0,0.0,0.0,0.0,0.0,0,0.413
2025-01-17 15:00:00,26.13,82.94,Friday,0,0,0,0.0,0.0,0.0,0.0,0,0.398
2025-01-17 16:00:00,21.75,78.21,Friday,0,0,0,0.0,0.0,0.0,0.0,0,0.232
2025-01-17 17:00:00,24.17,78.24,Friday,0,0,3,6.8,0.0,0.48,0.13,0,0.499
2025-01-17 18:00:00,25.73,80.7,Friday,0,0,0,0.0,0.0,0.0,0.0,0,0.193
2025-01-17 19:00:00,26.11,82.34,Friday,0,0,2,12.41,0.0,0.69,0.35,0,0.603
2025-01-17 20:00:00,25.31,82.41,Friday,0,0,2,11.7,0.0,0.92,0.5,0,0.679
2025-01-17 21:00:00,27.14,75.75,Friday,0,0,1,13.98,0.75,0.78,0.82,0,0.751
2025-01-17 22:00:00,23.8,72.81,Friday,0,0,3,16.0,0.0,1.0,0.47,0,0.909
2025-01-17 23:00:00,24.99,73.02,Friday,0,0,2,14.33,0.0,0.56,0.88,0,0.453
2025-01-18 00:00:00,24.84,79.51,Saturday,1,0,4,16.0,0.0,0.97,0.19,0,0.707
2025-01-18 01:00:00,24.83,79.87,Saturday,1,0,2,16.0,0.0,0.6,0.04,0,0.473
2025-01-18 02:00:00,24.4,73.04,Saturday,1,0,2,13.27,0.0,0.35,0.19,0,0.632
2025-01-18 03:00:00,20.32,82.43,Saturday,1,0,1,11.87,0.0,1.0,0.06,0,0.709
2025-01-18 04:00:00,18.86,86.68,Saturday,1,0,1,12.75,0.0,1.0,0.09,0,0.393
2025-01-18 05:00:00,23.3,73.77,Saturday,1,0,3,9.43,0.0,0.85,0.02,0,0.332
2025-01-18 06:00:00,21.12,87.01,Saturday,1,0,4,5.64,0.0,0.59,0.12,0,0.528
2025-01-18 07:00:00,18.88,81.62,Saturday,1,0,2,7.97,0.0,0.47,0.1,0,0.443
2025-01-18 08:00:00,22.92,86.16,Saturday,1,0,3,10.76,0.0,0.89,0.14,0,0.351
2025-01-18 09:00:00,20.43,79.44,Saturday,1,1,3,5.79,0.0,0.22,0.12,0,0.257
2025-01-18 10:00:00,22.65,74.98,Saturday,1,0,4,6.24,0.0,0.97,0.2,0,0.457
2025-01-18 11:00:00,21.12,79.2,Saturday,1,0,1,6.22,0.0,0.65,0.15,0,0.053
2025-01-18 12:00:00,25.33,77.22,Saturday,1,0,2,4.94,0.0,0.64,0.19,0,0.365
2025-01-18 13:00:00,25.51,75.6,Saturday,1,0,2,4.67,0.0,0.48,0.11,1,0.544
2025-01-18 14:00:00,22.68,79.01,Saturday,1,0,0,0.0,0.0,0.0,0.0,0,0.256
2025-01-18 15:00:00,25.65,79.09,Saturday,1,0,2,6.52,0.0,0.74,0.11,0,0.361
2025-01-18 16:00:00,25.79,76.44,Saturday,1,0,2,7.36,0.0,0.8,0.09,0,0.287
2025-01-18 17:00:00,27.71,75.23,Saturday,1,0,2,9.9,0.45,0.73,0.09,0,0.883
2025-01-18 18:00:00,23.98,70.37,Saturday,1,0,0,0.0,0.0,0.0,0.0,0,0.115
2025-01-18 19:00:00,27.26,77.93,Saturday,1,0,3,9.4,0.44,0.76,0.63,0,1.292
2025-01-18 20:00:00,28.03,74.83,Saturday,1,0,3,10.06,0.67,0.93,0.5,0,1.156
2025-01-18 21:00:00,22.86,87.98,Saturday,1,1,3,14.39,0.0,0.38,0.42,0,0.398
2025-01-18 22:00:00,23.59,74.57,Saturday,1,0,2,14.08,0.0,0.64,0.81,0,0.499
2025-01-18 23:00:00,21.57,72.04,Saturday,1,0,1,16.0,0.0,1.0,0.61,0,0.717
2025-01-19 00:00:00,24.14,81.87,Sunday,1,0,2,15.08,0.0,0.99,0.09,0,0.5
2025-01-19 01:00:00,25.19,79.56,Sunday,1,0,1,12.77,0.0,0.83,0.03,0,0.531
2025-01-19 02:00:00,25.83,72.21,Sunday,1,0,2,13.8,0.0,0.66,0.12,0,0.573
2025-01-19 03:00:00,22.48,72.62,Sunday,1,0,1,14.88,0.0,0.52,0.03,0,0.293
2025-01-19 04:00:00,24.55,86.09,Sunday,1,0,2,12.11,0.0,0.62,0.18,0,0.619
2025-01-19 05:00:00,18.52,90.9,Sunday,1,0,1,13.07,0.0,0.91,0.08,0,0.6
2025-01-19 06:00:00,17.46,72.35,Sunday,1,0,1,9.32,0.0,0.25,0.01,0,0.384
2025-01-19 07:00:00,20.13,80.1,Sunday,1,0,4,9.78,0.0,1.0,0.0,0,0.559
2025-01-19 08:00:00,20.81,90.09,Sunday,1,0,4,4.83,0.0,1.0,0.14,1,0.883
2025-01-19 09:00:00,20.17,79.97,Sunday,1,0,2,6.12,0.0,1.0,0.12,0,0.594
2025-01-19 10:00:00,16.8,82.92,Sunday,1,0,1,5.09,0.0,0.9,0.15,0,0.697
2025-01-19 11:00:00,20.84,80.33,Sunday,1,0,0,0.0,0.0,0.0,0.0,0,0.174
2025-01-19 12:00:00,19.28,77.55,Sunday,1,0,4,6.67,0.0,0.84,0.0,1,1.196
2025-01-19 13:00:00,23.55,70.78,Sunday,1,0,3,4.21,0.0,0.66,0.03,0,0.356
2025-01-19 14:00:00,23.78,84.36,Sunday,1,0,2,4.55,0.0,1.0,0.07,0,0.577
2025-01-19 15:00:00,22.21,71.3,Sunday,1,0,1,8.42,0.0,0.72,0.01,0,0.361
2025-01-19 16:00:00,23.7,80.41,Sunday,1,0,1,7.74,0.0,0.63,0.04,0,0.509
2025-01-19 17:00:00,23.34,83.93,Sunday,1,0,3,9.88,0.0,0.68,0.12,0,0.062
2025-01-19 18:00:00,25.61,70.2,Sunday,1,0,3,7.45,0.0,0.57,0.38,0,0.456
2025-01-19 19:00:00,27.74,70.91,Sunday,1,0,2,10.1,0.72,0.95,0.66,0,1.086
2025-01-19 20:00:00,24.35,84.65,Sunday,1,0,2,15.63,0.0,0.62,0.69,0,0.516
2025-01-19 21:00:00,26.93,78.93,Sunday,1,0,2,14.82,0.0,0.72,0.46,0,0.443
2025-01-19 22:00:00,24.77,75.12,Sunday,1,0,3,12.72,0.0,1.0,0.53,0,0.423
2025-01-19 23:00:00,23.82,85.08,Sunday,1,0,3,15.17,0.0,1.0,0.51,0,0.73
2025-01-20 00:00:00,24.43,84.54,Monday,0,0,2,13.51,0.0,0.49,0.17,0,0.726
2025-01-20 01:00:00,22.04,82.01,Monday,0,0,1,16.0,0.0,1.0,0.07,0,0.084
2025-01-20 02:00:00,22.13,76.09,Monday,0,0,2,10.93,0.0,0.4,0.17,0,0.414
2025-01-20 03:00:00,20.19,80.26,Monday,0,0,0,0.0,0.0,0.0,0.0,0,0.309
2025-01-20 04:00:00,25.16,79.29,Monday,0,0,3,12.89,0.0,0.67,0.13,0,0.53
2025-01-20 05:00:00,21.07,80.6,Monday,0,0,1,9.63,0.0,0.82,0.01,0,0.396
2025-01-20 06:00:00,19.27,87.86,Monday,0,0,1,9.59,0.0,0.69,0.19,0,0.257
2025-01-20 07:00:00,20.61,74.3,Monday,0,0,3,9.27,0.0,0.86,0.09,0,0.314
2025-01-20 08:00:00,19.92,75.1,Monday,0,0,2,4.83,0.0,0.66,0.02,0,0.407
2025-01-20 09:00:00,19.83,83.56,Monday,0,0,0,0.0,0.0,0.0,0.0,0,0.231
2025-01-20 10:00:00,21.63,78.57,Monday,0,0,0,0.0,0.0,0.0,0.0,0,0.256
2025-01-20 11:00:00,22.37,77.24,Monday,0,0,3,3.92,0.0,0.37,0.19,0,0.342
2025-01-20 12:00:00,20.67,73.06,Monday,0,0,0,0.0,0.0,0.0,0.0,0,0.215
2025-01-20 13:00:00,21.31,81.42,Monday,0,0,0,0.0,0.0,0.0,0.0,0,0.272
2025-01-20 14:00:00,22.63,79.87,Monday,0,0,2,4.3,0.0,0.88,0.12,0,0.494
2025-01-20 15:00:00,19.76,85.99,Monday,0,0,1,6.42,0.0,1.0,0.06,1,1.003
2025-01-20 16:00:00,21.9,81.14,Monday,0,0,0,0.0,0.0,0.0,0.0,0,0.218
2025-01-20 17:00:00,27.71,74.9,Monday,0,0,3,9.87,0.87,0.24,0.11,0,1.628
2025-01-20 18:00:00,28.68,80.57,Monday,0,0,2,8.13,0.91,0.67,0.37,0,1.084
2025-01-20 19:00:00,25.57,70.92,Monday,0,0,1,10.35,0.0,1.0,0.53,0,0.773
2025-01-20 20:00:00,27.16,78.74,Monday,0,0,1,13.38,0.4,0.79,0.62,0,1.408
2025-01-20 21:00:00,26.58,68.22,Monday,0,0,2,11.31,0.0,0.64,0.72,0,0.345
2025-01-20 22:00:00,31.26,68.17,Monday,0,0,1,14.49,0.5,0.48,0.86,0,1.463
2025-01-20 23:00:00,27.26,69.9,Monday,0,0,3,14.87,0.62,0.93,0.98,0,0.959
2025-01-21 00:00:00,24.39,82.46,Tuesday,0,1,3,11.12,0.0,1.0,0.04,0,0.759
2025-01-21 01:00:00,22.18,80.21,Tuesday,0,0,0,0.0,0.0,0.0,0.0,0,0.241
2025-01-21 02:00:00,20.23,82.22,Tuesday,0,0,3,14.83,0.0,0.82,0.15,0,0.558
2025-01-21 03:00:00,22.71,74.52,Tuesday,0,1,1,13.22,0.0,1.0,0.17,0,0.675
2025-01-21 04:00:00,20.26,80.77,Tuesday,0,0,4,11.79,0.0,0.6,0.17,0,0.503
2025-01-21 05:00:00,18.44,80.08,Tuesday,0,0,1,11.53,0.0,0.7,0.04,0,0.443
2025-01-21 06:00:00,19.36,84.99,Tuesday,0,0,1,11.48,0.0,0.74,0.06,0,0.385
2025-01-21 07:00:00,18.28,79.09,Tuesday,0,0,2,9.51,0.0,0.65,0.04,0,0.362
2025-01-21 08:00:00,23.16,86.3,Tuesday,0,0,2,6.37,0.0,1.0,0.14,0,0.476
2025-01-21 09:00:00,21.81,72.49,Tuesday,0,0,0,0.0,0.0,0.0,0.0,0,0.213
2025-01-21 10:00:00,20.51,78.01,Tuesday,0,0,0,0.0,0.0,0.0,0.0,0,0.178
2025-01-21 11:00:00,23.67,87.59,Tuesday,0,0,2,3.4,0.0,0.52,0.03,0,0.428
2025-01-21 12:00:00,21.76,78.74,Tuesday,0,0,3,4.21,0.0,1.0,0.07,0,0.679
2025-01-21 13:00:00,20.8,75.21,Tuesday,0,0,0,0.0,0.0,0.0,0.0,0,0.239
2025-01-21 14:00:00,25.87,78.32,Tuesday,0,0,0,0.0,0.0,0.0,0.0,0,0.192
2025-01-21 15:00:00,24.87,75.74,Tuesday,0,0,0,0.0,0.0,0.0,0.0,0,0.236
2025-01-21 16:00:00,22.76,75.84,Tuesday,0,0,0,0.0,0.0,0.0,0.0,0,0.294
2025-01-21 17:00:00,24.9,72.61,Tuesday,0,0,2,7.94,0.0,0.87,0.09,0,0.402
2025-01-21 18:00:00,24.15,92.61,Tuesday,0,0,2,8.2,0.0,0.67,0.43,0,0.344
2025-01-21 19:00:00,23.53,78.06,Tuesday,0,0,2,14.23,0.0,0.69,0.52,0,0.562
2025-01-21 20:00:00,27.79,65.86,Tuesday,0,0,1,12.07,0.58,0.73,0.49,0,1.9
2025-01-21 21:00:00,29.46,81.46,Tuesday,0,0,0,0.0,0.0,0.0,0.0,0,0.124
2025-01-21 22:00:00,23.2,82.67,Tuesday,0,0,2,14.63,0.0,0.87,0.48,0,0.708
2025-01-21 23:00:00,26.26,73.04,Tuesday,0,0,3,14.09,0.0,0.82,0.91,0,0.553
2025-01-22 00:00:00,23.45,74.73,Wednesday,0,0,2,14.19,0.0,0.28,0.14,0,0.359
2025-01-22 01:00:00,23.02,83.15,Wednesday,0,0,1,12.75,0.0,0.7,0.07,0,0.538
2025-01-22 02:00:00,22.06,79.41,Wednesday,0,0,1,16.0,0.0,0.76,0.05,0,0.284
2025-01-22 03:00:00,20.79,72.16,Wednesday,0,0,3,13.35,0.0,1.0,0.11,0,0.577
2025-01-22 04:00:00,21.71,89.9,Wednesday,0,0,2,14.64,0.0,0.68,0.1,0,0.77
2025-01-22 05:00:00,19.51,80.77,Wednesday,0,0,3,10.62,0.0,0.77,0.11,0,0.503
2025-01-22 06:00:00,21.01,89.07,Wednesday,0,0,2,9.55,0.0,0.73,0.19,0,0.35
2025-01-22 07:00:00,20.14,88.77,Wednesday,0,0,4,7.01,0.0,1.0,0.03,0,0.269
2025-01-22 08:00:00,19.69,77.77,Wednesday,0,0,2,7.03,0.0,0.45,0.12,1,0.595
2025-01-22 09:00:00,18.59,88.93,Wednesday,0,0,2,4.6,0.0,0.55,0.01,0,0.223
2025-01-22 10:00:00,19.49,79.7,Wednesday,0,0,4,6.27,0.0,0.54,0.13,0,0.777
2025-01-22 11:00:00,22.36,71.04,Wednesday,0,0,0,0.0,0.0,0.0,0.0,0,0.245
2025-01-22 12:00:00,22.53,78.1,Wednesday,0,0,3,7.21,0.0,0.38,0.16,0,0.31
2025-01-22 13:00:00,20.59,83.96,Wednesday,0,0,0,0.0,0.0,0.0,0.0,0,0.141
2025-01-22 14:00:00,23.3,77.21,Wednesday,0,0,0,0.0,0.0,0.0,0.0,0,0.166
2025-01-22 15:00:00,25.25,76.24,Wednesday,0,0,0,0.0,0.0,0.0,0.0,0,0.199
2025-01-22 16:00:00,21.62,86.76,Wednesday,0,0,0,0.0,0.0,0.0,0.0,0,0.232
2025-01-22 17:00:00,26.22,77.43,Wednesday,0,0,2,6.99,0.0,0.66,0.06,0,0.636
2025-01-22 18:00:00,24.53,74.21,Wednesday,0,0,2,10.3,0.0,0.96,0.38,0,0.501
2025-01-22 19:00:00,27.05,79.67,Wednesday,0,0,0,0.0,0.0,0.0,0.0,0,0.164
2025-01-22 20:00:00,24.75,79.21,Wednesday,0,0,3,11.49,0.0,1.0,0.53,0,0.748
2025-01-22 21:00:00,22.77,67.4,Wednesday,0,0,2,13.69,0.0,0.92,0.35,0,0.805
2025-01-22 22:00:00,22.79,82.13,Wednesday,0,0,2,16.0,0.0,0.62,0.71,0,0.853
2025-01-22 23:00:00,25.33,79.66,Wednesday,0,0,0,0.0,0.0,0.0,0.0,0,0.281
2025-01-23 00:00:00,25.09,78.02,Thursday,0,0,0,0.0,0.0,0.0,0.0,0,0.252
2025-01-23 01:00:00,22.27,84.91,Thursday,0,0,3,14.05,0.0,0.63,0.02,0,0.602
2025-01-23 02:00:00,24.27,75.29,Thursday,0,0,2,11.46,0.0,0.75,0.09,0,0.623
2025-01-23 03:00:00,19.36,84.76,Thursday,0,0,3,11.85,0.0,0.7,0.15,0,0.62
2025-01-23 04:00:00,21.5,73.31,Thursday,0,0,3,11.79,0.0,0.53,0.03,0,0.405
2025-01-23 05:00:00,18.82,85.6,Thursday,0,0,4,11.99,0.0,0.18,0.12,0,0.308
2025-01-23 06:00:00,19.35,92.85,Thursday,0,0,2,10.13,0.0,0.82,0.04,0,0.384
2025-01-23 07:00:00,20.31,77.25,Thursday,0,0,2,6.74,0.0,0.84,0.06,0,0.255
2025-01-23 08:00:00,18.57,79.98,Thursday,0,0,1,4.75,0.0,0.84,0.07,0,0.487
2025-01-23 09:00:00,19.53,79.37,Thursday,0,0,0,0.0,0.0,0.0,0.0,0,0.189
2025-01-23 10:00:00,22.34,81.05,Thursday,0,0,4,5.38,0.0,0.37,0.05,0,0.314
2025-01-23 11:00:00,19.96,77.22,Thursday,0,0,0,0.0,0.0,0.0,0.0,0,0.288
2025-01-23 12:00:00,23.13,81.79,Thursday,0,0,2,4.47,0.0,1.0,0.17,0,0.307
2025-01-23 13:00:00,20.31,86.45,Thursday,0,0,0,0.0,0.0,0.0,0.0,0,0.177
2025-01-23 14:00:00,24.08,81.5,Thursday,0,0,2,6.49,0.0,0.66,0.1,0,0.515
2025-01-23 15:00:00,26.49,67.81,Thursday,0,0,0,0.0,0.0,0.0,0.0,0,0.21
2025-01-23 16:00:00,20.17,87.32,Thursday,0,0,0,0.0,0.0,0.0,0.0,0,0.153
2025-01-23 17:00:00,23.81,83.76,Thursday,0,0,1,9.39,0.0,0.58,0.11,0,0.514
2025-01-23 18:00:00,26.76,80.57,Thursday,0,0,4,6.56,0.0,1.0,0.94,0,0.713
2025-01-23 19:00:00,25.66,79.27,Thursday,0,0,2,10.94,0.0,0.92,0.32,0,0.64
2025-01-23 20:00:00,26.79,77.49,Thursday,0,0,4,11.5,0.0,0.94,0.93,0,0.762
2025-01-23 21:00:00,24.93,83.22,Thursday,0,0,3,15.44,0.0,0.47,0.92,0,0.493
2025-01-23 22:00:00,25.88,86.83,Thursday,0,0,2,12.83,0.0,0.38,0.4,0,0.489
2025-01-23 23:00:00,24.96,73.27,Thursday,0,0,0,0.0,0.0,0.0,0.0,0,0.221
2025-01-24 00:00:00,26.73,81.84,Friday,0,0,4,16.0,0.0,0.86,0.08,0,0.606
2025-01-24 01:00:00,24.36,78.15,Friday,0,0,3,15.28,0.0,0.68,0.2,0,0.425
2025-01-24 02:00:00,23.73,78.49,Friday,0,0,1,14.58,0.0,1.0,0.08,0,0.36
2025-01-24 03:00:00,21.61,73.37,Friday,0,0,1,15.2,0.0,0.9,0.0,0,0.556
2025-01-24 04:00:00,20.75,80.4,Friday,0,0,3,12.89,0.0,0.54,0.16,0,0.634
2025-01-24 05:00:00,20.22,77.31,Friday,0,0,2,10.48,0.0,0.27,0.1,0,0.177
2025-01-24 06:00:00,21.24,79.07,Friday,0,0,1,8.06,0.0,0.9,0.03,0,0.295
2025-01-24 07:00:00,19.47,77.49,Friday,0,0,3,9.44,0.0,0.63,0.0,0,0.482
2025-01-24 08:00:00,20.65,79.67,Friday,0,0,3,6.34,0.0,0.72,0.2,0,0.629
2025-01-24 09:00:00,23.96,76.9,Friday,0,0,2,6.1,0.0,0.69,0.13,0,0.363
2025-01-24 10:00:00,22.09,81.1,Friday,0,0,0,0.0,0.0,0.0,0.0,0,0.341
2025-01-24 11:00:00,20.42,74.05,Friday,0,0,0,0.0,0.0,0.0,0.0,0,0.173
2025-01-24 12:00:00,23.79,71.87,Friday,0,0,0,0.0,0.0,0.0,0.0,0,0.363
2025-01-24 13:00:00,21.61,82.86,Friday,0,0,0,0.0,0.0,0.0,0.0,0,0.251
2025-01-24 14:00:00,19.45,79.0,Friday,0,0,0,0.0,0.0,0.0,0.0,0,0.364
2025-01-24 15:00:00,22.09,86.0,Friday,0,0,0,0.0,0.0,0.0,0.0,0,0.318
2025-01-24 16:00:00,21.26,82.5,Friday,0,0,0,0.0,0.0,0.0,0.0,0,0.266
2025-01-24 17:00:00,24.61,81.38,Friday,0,0,4,7.88,0.0,0.61,0.05,1,1.233
2025-01-24 18:00:00,25.75,84.37,Friday,0,0,4,11.18,0.0,0.45,0.92,0,0.578
2025-01-24 19:00:00,29.04,72.82,Friday,0,0,3,9.77,0.56,0.73,0.44,0,1.633
2025-01-24 20:00:00,26.71,73.59,Friday,0,0,2,13.32,0.0,0.45,0.62,0,0.569
2025-01-24 21:00:00,25.63,81.79,Friday,0,0,3,13.79,0.0,0.84,0.48,0,0.968
2025-01-24 22:00:00,27.21,78.55,Friday,0,0,2,14.37,0.66,0.86,0.46,0,1.059
2025-01-24 23:00:00,21.26,80.43,Friday,0,0,1,15.09,0.0,1.0,0.9,0,0.511
2025-01-25 00:00:00,25.05,84.91,Saturday,1,0,2,15.62,0.0,0.7,0.08,0,0.654
2025-01-25 01:00:00,25.29,76.68,Saturday,1,0,2,14.49,0.0,1.0,0.03,0,0.664
2025-01-25 02:00:00,20.46,82.25,Saturday,1,0,0,0.0,0.0,0.0,0.0,0,0.249
2025-01-25 03:00:00,24.41,78.64,Saturday,1,0,1,14.4,0.0,0.77,0.16,0,0.468
2025-01-25 04:00:00,22.23,75.82,Saturday,1,0,2,10.79,0.0,1.0,0.03,0,0.524
2025-01-25 05:00:00,20.25,82.66,Saturday,1,0,0,0.0,0.0,0.0,0.0,0,0.216
2025-01-25 06:00:00,21.66,87.99,Saturday,1,0,1,10.27,0.0,0.63,0.19,0,0.609
2025-01-25 07:00:00,24.31,80.84,Saturday,1,0,3,5.69,0.0,1.0,0.08,0,0.662
2025-01-25 08:00:00,20.45,82.25,Saturday,1,0,2,4.98,0.0,0.73,0.09,1,1.321
2025-01-25 09:00:00,20.67,81.09,Saturday,1,0,2,9.17,0.0,1.0,0.07,0,0.396
2025-01-25 10:00:00,19.7,84.43,Saturday,1,0,3,7.99,0.0,0.91,0.1,0,0.449
2025-01-25 11:00:00,19.47,86.72,Saturday,1,0,2,4.31,0.0,0.83,0.12,0,0.614
2025-01-25 12:00:00,23.12,82.74,Saturday,1,0,2,6.5,0.0,1.0,0.02,0,0.742
2025-01-25 13:00:00,20.81,80.12,Saturday,1,0,3,6.72,0.0,0.79,0.02,0,0.545
2025-01-25 14:00:00,23.25,81.2,Saturday,1,0,2,6.38,0.0,0.73,0.15,0,0.433
2025-01-25 15:00:00,23.04,82.16,Saturday,1,0,3,6.35,0.0,0.74,0.2,0,0.682
2025-01-25 16:00:00,25.49,72.53,Saturday,1,0,2,8.44,0.0,0.46,0.1,0,0.383
2025-01-25 17:00:00,25.85,78.08,Saturday,1,0,1,9.9,0.0,1.0,0.17,0,0.481
2025-01-25 18:00:00,27.59,64.86,Saturday,1,0,2,10.96,0.78,0.59,0.8,1,1.634
2025-01-25 19:00:00,25.1,80.32,Saturday,1,0,2,8.97,0.0,0.8,0.86,0,0.356
2025-01-25 20:00:00,25.64,80.73,Saturday,1,0,0,0.0,0.0,0.0,0.0,0,0.33
2025-01-25 21:00:00,24.26,82.4,Saturday,1,0,1,16.0,0.0,0.9,0.63,0,0.671
2025-01-25 22:00:00,24.92,76.1,Saturday,1,0,0,0.0,0.0,0.0,0.0,0,0.359
2025-01-25 23:00:00,25.92,78.71,Saturday,1,0,3,15.6,0.0,0.68,0.81,0,0.588
2025-01-26 00:00:00,25.99,84.23,Sunday,1,0,3,16.0,0.0,0.85,0.06,0,0.623
2025-01-26 01:00:00,22.24,87.55,Sunday,1,0,3,16.0,0.0,0.83,0.07,0,0.371
2025-01-26 02:00:00,24.69,78.13,Sunday,1,0,2,15.85,0.0,0.48,0.15,0,0.194
2025-01-26 03:00:00,24.79,78.89,Sunday,1,0,3,11.38,0.0,0.72,0.06,0,0.287
2025-01-26 04:00:00,22.37,85.92,Sunday,1,0,1,13.69,0.0,1.0,0.17,0,0.636
2025-01-26 05:00:00,24.38,71.05,Sunday,1,1,2,11.65,0.0,1.0,0.1,0,0.359
2025-01-26 06:00:00,19.13,81.67,Sunday,1,0,3,11.17,0.0,0.32,0.06,0,0.541
2025-01-26 07:00:00,17.99,90.99,Sunday,1,0,1,7.15,0.0,0.96,0.06,0,0.504
2025-01-26 08:00:00,16.92,90.15,Sunday,1,0,4,5.89,0.0,0.78,0.16,1,0.985
2025-01-26 09:00:00,22.92,81.72,Sunday,1,0,3,6.25,0.0,0.6,0.02,0,0.653
2025-01-26 10:00:00,21.7,73.44,Sunday,1,1,3,5.1,0.0,0.64,0.19,0,0.478
2025-01-26 11:00:00,20.9,81.44,Sunday,1,0,0,0.0,0.0,0.0,0.0,0,0.345
2025-01-26 12:00:00,22.13,77.64,Sunday,1,0,3,4.28,0.0,0.41,0.17,0,0.392
2025-01-26 13:00:00,20.32,83.87,Sunday,1,0,4,4.87,0.0,0.85,0.16,0,0.683
2025-01-26 14:00:00,27.53,71.68,Sunday,1,0,3,4.67,0.53,1.0,0.16,0,0.861
2025-01-26 15:00:00,24.13,73.65,Sunday,1,0,2,6.39,0.0,0.84,0.13,0,0.524
2025-01-26 16:00:00,24.82,67.84,Sunday,1,0,2,5.36,0.0,0.79,0.1,0,0.452
2025-01-26 17:00:00,26.55,82.71,Sunday,1,0,2,9.48,0.0,0.59,0.08,0,0.374
2025-01-26 18:00:00,26.59,74.57,Sunday,1,0,4,10.39,0.0,0.52,0.96,0,0.706
2025-01-26 19:00:00,26.42,77.5,Sunday,1,0,4,9.4,0.0,0.76,0.61,0,0.635
2025-01-26 20:00:00,24.7,78.26,Sunday,1,0,2,14.49,0.0,0.49,0.76,0,0.563
2025-01-26 21:00:00,26.87,70.98,Sunday,1,0,3,12.3,0.0,1.0,0.79,0,0.815
2025-01-26 22:00:00,29.11,68.01,Sunday,1,0,0,0.0,0.0,0.0,0.0,0,0.259
2025-01-26 23:00:00,27.67,70.57,Sunday,1,0,0,0.0,0.0,0.0,0.0,0,0.186
2025-01-27 00:00:00,27.49,72.14,Monday,0,0,0,0.0,0.0,0.0,0.0,0,0.278
2025-01-27 01:00:00,22.98,81.65,Monday,0,0,2,15.09,0.0,1.0,0.16,0,0.706
2025-01-27 02:00:00,21.34,77.31,Monday,0,0,0,0.0,0.0,0.0,0.0,0,0.177
2025-01-27 03:00:00,22.12,89.32,Monday,0,0,2,15.02,0.0,0.53,0.1,0,0.619
2025-01-27 04:00:00,21.72,86.08,Monday,0,0,3,15.36,0.0,0.7,0.0,0,0.313
2025-01-27 05:00:00,22.97,83.87,Monday,0,0,2,12.91,0.0,0.71,0.17,0,0.647
2025-01-27 06:00:00,17.48,84.17,Monday,0,0,1,10.67,0.0,0.64,0.05,0,0.331
2025-01-27 07:00:00,22.98,87.39,Monday,0,0,1,6.68,0.0,1.0,0.09,0,0.439
2025-01-27 08:00:00,19.84,81.55,Monday,0,0,1,3.88,0.0,0.8,0.03,0,0.519
2025-01-27 09:00:00,19.46,82.83,Monday,0,0,1,6.27,0.0,0.74,0.14,0,0.361
2025-01-27 10:00:00,18.7,84.52,Monday,0,0,0,0.0,0.0,0.0,0.0,0,0.291
2025-01-27 11:00:00,18.02,87.79,Monday,0,0,3,4.15,0.0,0.49,0.07,0,0.346
2025-01-27 12:00:00,23.11,82.89,Monday,0,0,0,0.0,0.0,0.0,0.0,0,0.25
2025-01-27 13:00:00,22.48,77.89,Monday,0,0,2,6.16,0.0,0.53,0.03,0,0.236
2025-01-27 14:00:00,20.8,79.11,Monday,0,0,0,0.0,0.0,0.0,0.0,0,0.215
2025-01-27 15:00:00,21.57,84.29,Monday,0,0,0,0.0,0.0,0.0,0.0,0,0.421
2025-01-27 16:00:00,24.02,82.46,Monday,0,0,2,7.55,0.0,0.98,0.12,0,0.507
2025-01-27 17:00:00,28.25,73.11,Monday,0,0,3,8.76,0.66,0.66,0.18,0,1.502
2025-01-27 18:00:00,25.25,69.84,Monday,0,1,3,12.81,0.0,1.0,0.88,0,0.367
2025-01-27 19:00:00,23.32,78.48,Monday,0,0,1,11.56,0.0,0.9,0.37,0,0.414
2025-01-27 20:00:00,25.68,80.5,Monday,0,0,4,12.42,0.0,0.48,0.7,0,0.527
2025-01-27 21:00:00,25.53,86.55,Monday,0,0,3,14.32,0.0,0.39,0.66,0,0.671
2025-01-27 22:00:00,20.87,75.73,Monday,0,0,2,16.0,0.0,0.83,0.76,0,0.665
2025-01-27 23:00:00,25.15,75.73,Monday,0,0,2,14.76,0.0,0.87,0.96,0,0.569
2025-01-28 00:00:00,24.21,76.77,Tuesday,0,0,3,15.66,0.0,0.43,0.14,0,0.726
2025-01-28 01:00:00,25.15,84.64,Tuesday,0,0,3,14.67,0.0,0.62,0.11,0,0.457
2025-01-28 02:00:00,26.45,76.52,Tuesday,0,0,0,0.0,0.0,0.0,0.0,0,0.193
2025-01-28 03:00:00,24.37,74.03,Tuesday,0,0,2,12.8,0.0,1.0,0.15,0,0.802
2025-01-28 04:00:00,21.14,84.27,Tuesday,0,0,2,11.66,0.0,0.77,0.19,0,0.433
2025-01-28 05:00:00,19.01,81.37,Tuesday,0,0,1,13.84,0.0,0.76,0.02,0,0.535
2025-01-28 06:00:00,25.16,71.74,Tuesday,0,0,4,9.17,0.0,0.64,0.02,0,0.656
2025-01-28 07:00:00,20.33,77.74,Tuesday,0,0,2,6.39,0.0,1.0,0.18,0,0.467
2025-01-28 08:00:00,20.15,91.04,Tuesday,0,0,2,7.69,0.0,0.89,0.19,0,0.484
2025-01-28 09:00:00,20.18,84.26,Tuesday,0,0,0,0.0,0.0,0.0,0.0,0,0.155
2025-01-28 10:00:00,20.88,82.25,Tuesday,0,0,0,0.0,0.0,0.0,0.0,0,0.664
2025-01-28 11:00:00,20.74,80.58,Tuesday,0,0,0,0.0,0.0,0.0,0.0,0,0.075
2025-01-28 12:00:00,20.59,83.43,Tuesday,0,0,0,0.0,0.0,0.0,0.0,0,0.184
2025-01-28 13:00:00,21.36,82.67,Tuesday,0,0,0,0.0,0.0,0.0,0.0,0,0.18
2025-01-28 14:00:00,23.06,81.2,Tuesday,0,0,0,0.0,0.0,0.0,0.0,0,0.528
2025-01-28 15:00:00,22.92,80.44,Tuesday,0,0,1,6.2,0.0,0.52,0.08,0,0.535
2025-01-28 16:00:00,23.34,83.84,Tuesday,0,0,0,0.0,0.0,0.0,0.0,0,0.214
2025-01-28 17:00:00,25.44,77.72,Tuesday,0,0,1,11.49,0.0,0.58,0.01,0,0.225
2025-01-28 18:00:00,25.26,72.87,Tuesday,0,0,3,7.76,0.0,0.62,0.39,0,0.631
2025-01-28 19:00:00,28.73,71.58,Tuesday,0,0,0,0.0,0.0,0.0,0.0,0,0.311
2025-01-28 20:00:00,21.35,71.39,Tuesday,0,0,2,13.68,0.0,0.89,0.48,1,0.84
2025-01-28 21:00:00,27.99,85.45,Tuesday,0,0,0,0.0,0.0,0.0,0.0,0,0.171
2025-01-28 22:00:00,27.96,79.65,Tuesday,0,0,4,12.85,0.59,0.65,0.44,0,0.911
2025-01-28 23:00:00,21.51,76.99,Tuesday,0,0,3,14.75,0.0,0.92,0.76,0,0.647
2025-01-29 00:00:00,24.01,77.48,Wednesday,0,0,0,0.0,0.0,0.0,0.0,0,0.233
2025-01-29 01:00:00,23.23,76.41,Wednesday,0,0,2,14.45,0.0,0.61,0.16,0,0.499
2025-01-29 02:00:00,20.59,89.68,Wednesday,0,0,3,14.02,0.0,1.0,0.12,0,0.435
2025-01-29 03:00:00,20.95,74.55,Wednesday,0,0,3,11.86,0.0,0.66,0.13,0,0.255
2025-01-29 04:00:00,19.62,83.41,Wednesday,0,0,3,13.08,0.0,1.0,0.02,0,0.531
2025-01-29 05:00:00,24.16,78.22,Wednesday,0,0,4,12.62,0.0,0.39,0.01,0,0.34
2025-01-29 06:00:00,22.21,84.65,Wednesday,0,0,0,0.0,0.0,0.0,0.0,0,0.233
2025-01-29 07:00:00,22.51,79.72,Wednesday,0,0,1,9.51,0.0,0.79,0.07,0,0.421
2025-01-29 08:00:00,21.42,72.43,Wednesday,0,0,3,6.6,0.0,0.43,0.01,1,0.803
2025-01-29 09:00:00,18.19,82.87,Wednesday,0,0,0,0.0,0.0,0.0,0.0,0,0.198
2025-01-29 10:00:00,19.58,78.02,Wednesday,0,0,0,0.0,0.0,0.0,0.0,0,0.199
2025-01-29 11:00:00,21.88,81.2,Wednesday,0,0,0,0.0,0.0,0.0,0.0,0,0.185
2025-01-29 12:00:00,19.42,90.19,Wednesday,0,0,0,0.0,0.0,0.0,0.0,0,0.139
2025-01-29 13:00:00,23.63,70.54,Wednesday,0,0,0,0.0,0.0,0.0,0.0,0,0.05
2025-01-29 14:00:00,22.69,76.08,Wednesday,0,0,0,0.0,0.0,0.0,0.0,0,0.286
2025-01-29 15:00:00,23.23,76.83,Wednesday,0,0,2,6.31,0.0,0.79,0.0,0,0.548
2025-01-29 16:00:00,25.9,75.28,Wednesday,0,0,0,0.0,0.0,0.0,0.0,0,0.381
2025-01-29 17:00:00,26.04,80.76,Wednesday,0,0,4,8.77,0.0,0.66,0.2,0,0.406
2025-01-29 18:00:00,25.07,77.07,Wednesday,0,0,4,12.24,0.0,0.35,0.34,0,0.518
2025-01-29 19:00:00,28.11,77.28,Wednesday,0,0,3,10.53,0.86,0.92,0.74,0,1.527
2025-01-29 20:00:00,24.18,75.61,Wednesday,0,0,1,12.85,0.0,0.89,0.96,0,0.609
2025-01-29 21:00:00,27.13,77.23,Wednesday,0,0,2,11.96,0.74,0.46,0.52,0,0.953
2025-01-29 22:00:00,26.79,80.28,Wednesday,0,0,3,14.18,0.0,0.79,0.71,0,0.622
2025-01-29 23:00:00,24.69,74.62,Wednesday,0,0,1,15.41,0.0,1.0,0.46,0,0.447
2025-01-30 00:00:00,25.21,81.72,Thursday,0,0,1,15.19,0.0,0.79,0.11,0,0.569
2025-01-30 01:00:00,21.65,81.28,Thursday,0,0,3,14.18,0.0,0.25,0.12,0,0.225
2025-01-30 02:00:00,24.79,83.42,Thursday,0,0,1,14.99,0.0,0.61,0.1,0,0.521
2025-01-30 03:00:00,22.01,79.68,Thursday,0,0,1,14.54,0.0,0.78,0.2,0,0.465
2025-01-30 04:00:00,20.68,83.79,Thursday,0,0,2,13.6,0.0,1.0,0.11,0,0.413
2025-01-30 05:00:00,22.89,79.7,Thursday,0,1,4,10.85,0.0,0.45,0.01,0,0.698
2025-01-30 06:00:00,19.26,82.69,Thursday,0,0,3,9.07,0.0,0.71,0.06,0,0.629
2025-01-30 07:00:00,17.69,85.87,Thursday,0,0,4,11.65,0.0,0.48,0.16,0,0.15
2025-01-30 08:00:00,17.32,87.59,Thursday,0,0,0,0.0,0.0,0.0,0.0,0,0.283
2025-01-30 09:00:00,21.32,75.07,Thursday,0,0,2,6.08,0.0,0.66,0.14,0,0.439
2025-01-30 10:00:00,18.22,91.27,Thursday,0,0,0,0.0,0.0,0.0,0.0,0,0.252
2025-01-30 11:00:00,24.16,69.46,Thursday,0,0,0,0.0,0.0,0.0,0.0,0,0.251
2025-01-30 12:00:00,17.88,80.99,Thursday,0,0,0,0.0,0.0,0.0,0.0,0,0.26
2025-01-30 13:00:00,25.4,77.17,Thursday,0,0,2,5.83,0.0,0.85,0.2,0,0.674
2025-01-30 14:00:00,23.5,81.41,Thursday,0,0,0,0.0,0.0,0.0,0.0,0,0.197
2025-01-30 15:00:00,23.73,87.03,Thursday,0,0,4,6.49,0.0,0.91,0.02,0,0.357
2025-01-30 16:00:00,23.64,69.93,Thursday,0,0,0,0.0,0.0,0.0,0.0,0,0.267
2025-01-30 17:00:00,25.96,74.59,Thursday,0,0,2,10.81,0.0,0.77,0.12,0,0.848
2025-01-30 18:00:00,25.65,66.78,Thursday,0,0,3,8.89,0.0,0.75,0.63,0,0.63
2025-01-30 19:00:00,28.01,75.45,Thursday,0,0,1,11.65,0.67,0.65,0.48,0,1.834
2025-01-30 20:00:00,26.33,78.16,Thursday,0,0,3,11.7,0.0,0.89,0.63,0,0.516
2025-01-30 21:00:00,26.29,84.79,Thursday,0,0,2,13.06,0.0,0.96,0.91,0,0.353
2025-01-30 22:00:00,25.07,78.54,Thursday,0,0,2,13.14,0.0,0.74,0.81,0,0.56
2025-01-30 23:00:00,25.14,83.09,Thursday,0,0,2,15.27,0.0,0.63,0.62,0,0.777
2025-01-31 00:00:00,25.18,80.76,Friday,0,0,0,0.0,0.0,0.0,0.0,0,0.104
2025-01-31 01:00:00,20.82,79.58,Friday,0,0,3,15.3,0.0,0.84,0.04,0,0.483
2025-01-31 02:00:00,20.7,74.83,Friday,0,0,4,14.15,0.0,0.5,0.17,0,0.197
2025-01-31 03:00:00,23.68,80.56,Friday,0,0,2,14.48,0.0,0.79,0.18,0,0.579
2025-01-31 04:00:00,21.93,73.3,Friday,0,0,3,13.59,0.0,0.78,0.02,0,0.757
2025-01-31 05:00:00,20.67,88.37,Friday,0,0,3,10.82,0.0,1.0,0.03,0,0.374
2025-01-31 06:00:00,20.56,81.19,Friday,0,0,2,10.55,0.0,1.0,0.19,0,0.404
2025-01-31 07:00:00,20.85,87.71,Friday,0,0,2,8.03,0.0,0.0,0.15,0,0.457
2025-01-31 08:00:00,19.15,80.86,Friday,0,0,3,9.47,0.0,0.7,0.01,0,0.423
2025-01-31 09:00:00,18.82,84.9,Friday,0,0,1,5.93,0.0,0.22,0.04,0,0.214
2025-01-31 10:00:00,20.88,82.76,Friday,0,0,2,5.37,0.0,1.0,0.08,0,0.26
2025-01-31 11:00:00,19.24,82.96,Friday,0,0,0,0.0,0.0,0.0,0.0,0,0.138
2025-01-31 12:00:00,22.36,78.21,Friday,0,0,0,0.0,0.0,0.0,0.0,0,0.427
2025-01-31 13:00:00,19.28,85.11,Friday,0,0,0,0.0,0.0,0.0,0.0,0,0.223
2025-01-31 14:00:00,24.98,73.39,Friday,0,0,0,0.0,0.0,0.0,0.0,0,0.333
2025-01-31 15:00:00,24.75,72.18,Friday,0,0,1,6.57,0.0,0.51,0.09,0,0.576
2025-01-31 16:00:00,25.08,84.14,Friday,0,1,2,6.79,0.0,0.72,0.15,0,0.324
2025-01-31 17:00:00,27.01,79.82,Friday,0,0,1,10.38,0.96,0.89,0.01,1,1.797
2025-01-31 18:00:00,28.72,74.98,Friday,0,0,1,9.18,1.0,0.76,0.99,0,2.419
2025-01-31 19:00:00,27.85,83.76,Friday,0,0,2,11.48,0.58,0.79,0.52,0,1.402
2025-01-31 20:00:00,22.81,78.63,Friday,0,0,2,15.8,0.0,0.66,0.78,0,0.585
2025-01-31 21:00:00,23.72,85.77,Friday,0,0,1,12.1,0.0,1.0,0.99,0,0.347
2025-01-31 22:00:00,24.6,79.24,Friday,0,0,0,0.0,0.0,0.0,0.0,0,0.398
2025-01-31 23:00:00,25.29,72.61,Friday,0,0,1,15.26,0.0,0.76,0.68,0,0.373
2025-02-01 00:00:00,28.57,84.02,Saturday,1,0,2,15.79,0.72,0.82,0.04,0,0.458
2025-02-01 01:00:00,25.61,82.4,Saturday,1,0,1,14.4,0.0,0.65,0.08,0,0.394
2025-02-01 02:00:00,26.48,76.06,Saturday,1,0,2,13.44,0.0,0.66,0.12,0,0.606
2025-02-01 03:00:00,24.01,82.53,Saturday,1,0,2,13.88,0.0,0.87,0.18,0,0.869
2025-02-01 04:00:00,23.54,77.29,Saturday,1,0,2,11.82,0.0,0.94,0.16,0,0.491
2025-02-01 05:00:00,21.49,85.31,Saturday,1,0,3,7.8,0.0,0.97,0.12,0,0.334
2025-02-01 06:00:00,21.88,68.85,Saturday,1,0,2,8.76,0.0,0.7,0.05,0,0.643
2025-02-01 07:00:00,20.81,76.67,Saturday,1,0,1,8.23,0.0,0.78,0.04,0,0.432
2025-02-01 08:00:00,21.39,86.15,Saturday,1,0,2,5.88,0.0,0.6,0.16,0,0.378
2025-02-01 09:00:00,25.14,76.63,Saturday,1,0,0,0.0,0.0,0.0,0.0,0,0.139
2025-02-01 10:00:00,21.83,81.89,Saturday,1,0,4,4.53,0.0,0.51,0.07,0,0.301
2025-02-01 11:00:00,28.76,67.88,Saturday,1,0,0,0.0,0.0,0.0,0.0,0,0.293
2025-02-01 12:00:00,25.53,86.76,Saturday,1,0,1,8.25,0.0,0.97,0.18,0,0.438
2025-02-01 13:00:00,25.7,83.32,Saturday,1,0,2,7.01,0.0,0.78,0.13,0,0.33
2025-02-01 14:00:00,24.6,77.36,Saturday,1,0,2,6.56,0.0,0.83,0.07,0,0.403
2025-02-01 15:00:00,28.18,73.12,Saturday,1,0,2,9.18,0.86,0.68,0.06,0,2.191
2025-02-01 16:00:00,26.61,81.7,Saturday,1,0,2,7.39,0.0,0.29,0.19,0,0.35
2025-02-01 17:00:00,28.48,84.78,Saturday,1,0,1,8.61,0.44,0.58,0.09,0,1.094
2025-02-01 18:00:00,33.35,75.26,Saturday,1,0,1,8.42,0.57,0.76,0.34,0,1.549
2025-02-01 19:00:00,28.87,85.38,Saturday,1,0,2,13.21,0.87,0.58,0.95,0,1.897
2025-02-01 20:00:00,31.21,67.8,Saturday,1,0,4,15.44,0.8,0.87,0.52,0,1.291
2025-02-01 21:00:00,27.77,71.41,Saturday,1,0,1,14.9,0.72,0.38,0.86,0,1.757
2025-02-01 22:00:00,28.68,68.75,Saturday,1,0,3,16.0,0.74,0.27,0.55,0,2.354
2025-02-01 23:00:00,31.45,74.4,Saturday,1,0,2,10.72,0.36,0.92,0.65,0,1.049
2025-02-02 00:00:00,26.51,77.52,Sunday,1,0,2,16.0,0.0,0.67,0.04,0,0.335
2025-02-02 01:00:00,30.18,72.58,Sunday,1,0,3,14.67,0.54,0.84,0.13,0,0.756
2025-02-02 02:00:00,27.42,79.87,Sunday,1,0,2,16.0,1.0,0.62,0.02,0,1.807
2025-02-02 03:00:00,24.35,84.74,Sunday,1,0,2,16.0,0.0,0.89,0.1,0,0.464
2025-02-02 04:00:00,25.78,69.67,Sunday,1,0,2,13.66,0.0,1.0,0.1,0,0.605
2025-02-02 05:00:00,25.77,74.32,Sunday,1,0,1,10.78,0.0,1.0,0.1,0,0.504
2025-02-02 06:00:00,24.66,82.4,Sunday,1,0,2,10.24,0.0,0.59,0.15,0,0.266
2025-02-02 07:00:00,20.42,79.79,Sunday,1,0,2,5.84,0.0,0.64,0.15,0,0.478
2025-02-02 08:00:00,21.83,76.86,Sunday,1,0,1,8.9,0.0,0.79,0.14,0,0.371
2025-02-02 09:00:00,22.8,85.07,Sunday,1,0,2,2.63,0.0,1.0,0.13,0,0.446
2025-02-02 10:00:00,23.41,72.98,Sunday,1,0,0,0.0,0.0,0.0,0.0,0,0.286
2025-02-02 11:00:00,25.14,76.37,Sunday,1,0,0,0.0,0.0,0.0,0.0,0,0.354
2025-02-02 12:00:00,24.96,79.68,Sunday,1,0,3,6.08,0.0,0.97,0.07,0,0.485
2025-02-02 13:00:00,22.96,76.97,Sunday,1,0,0,0.0,0.0,0.0,0.0,0,0.233
2025-02-02 14:00:00,26.83,80.27,Sunday,1,0,2,3.66,0.0,0.91,0.11,0,0.61
2025-02-02 15:00:00,28.02,72.44,Sunday,1,0,4,5.57,0.69,0.6,0.05,0,1.121
2025-02-02 16:00:00,28.65,81.76,Sunday,1,0,1,7.62,0.33,0.84,0.08,0,0.729
2025-02-02 17:00:00,30.21,72.68,Sunday,1,0,2,10.02,0.19,0.62,0.01,1,0.632
2025-02-02 18:00:00,30.24,76.64,Sunday,1,0,2,10.91,0.27,0.5,0.55,0,0.863
2025-02-02 19:00:00,29.87,77.35,Sunday,1,0,2,9.71,0.96,0.79,0.56,0,1.276
2025-02-02 20:00:00,29.02,71.25,Sunday,1,0,2,13.43,0.57,0.45,0.97,0,1.106
2025-02-02 21:00:00,26.05,66.79,Sunday,1,0,2,14.62,0.0,0.86,0.61,0,0.763
2025-02-02 22:00:00,29.51,75.74,Sunday,1,0,1,15.06,0.59,0.69,0.95,0,1.374
2025-02-02 23:00:00,28.64,75.09,Sunday,1,0,1,16.0,0.26,0.41,0.87,0,1.105
2025-02-03 00:00:00,28.13,77.96,Monday,0,0,3,16.0,0.87,0.82,0.02,0,1.849
2025-02-03 01:00:00,24.62,77.21,Monday,0,0,1,16.0,0.0,0.82,0.05,0,0.501
2025-02-03 02:00:00,24.2,76.57,Monday,0,0,3,16.0,0.0,0.16,0.07,0,0.46
2025-02-03 03:00:00,27.26,86.01,Monday,0,0,3,14.81,0.88,0.74,0.03,0,1.462
2025-02-03 04:00:00,24.57,71.02,Monday,0,0,1,11.67,0.0,0.75,0.04,0,0.594
2025-02-03 05:00:00,25.25,81.45,Monday,0,0,1,13.16,0.0,0.77,0.14,0,0.537
2025-02-03 06:00:00,23.59,76.39,Monday,0,0,2,9.4,0.0,0.3,0.02,0,0.293
2025-02-03 07:00:00,23.3,77.85,Monday,0,0,2,7.23,0.0,0.84,0.19,0,0.691
2025-02-03 08:00:00,24.83,76.57,Monday,0,0,3,6.15,0.0,0.88,0.15,0,0.479
2025-02-03 09:00:00,22.31,76.4,Monday,0,0,1,8.31,0.0,0.52,0.07,0,0.312
2025-02-03 10:00:00,23.72,82.01,Monday,0,0,0,0.0,0.0,0.0,0.0,0,0.176
2025-02-03 11:00:00,23.19,86.58,Monday,0,0,2,6.76,0.0,0.51,0.14,0,0.595
2025-02-03 12:00:00,23.86,81.38,Monday,0,0,1,5.94,0.0,0.78,0.12,0,0.465
2025-02-03 13:00:00,24.81,78.69,Monday,0,0,0,0.0,0.0,0.0,0.0,0,0.249
2025-02-03 14:00:00,26.54,71.68,Monday,0,0,0,0.0,0.0,0.0,0.0,0,0.217
2025-02-03 15:00:00,26.06,79.63,Monday,0,0,0,0.0,0.0,0.0,0.0,0,0.23
2025-02-03 16:00:00,29.9,84.37,Monday,0,0,2,6.6,0.77,0.75,0.18,0,1.276
2025-02-03 17:00:00,26.65,74.61,Monday,0,0,2,6.77,0.0,0.67,0.18,0,0.406
2025-02-03 18:00:00,28.4,73.06,Monday,0,0,2,9.27,0.76,0.58,0.44,0,1.474
2025-02-03 19:00:00,28.25,72.27,Monday,0,0,0,0.0,0.0,0.0,0.0,0,0.244
2025-02-03 20:00:00,31.75,69.48,Monday,0,0,2,11.53,0.88,1.0,0.9,1,2.172
2025-02-03 21:00:00,29.39,60.32,Monday,0,0,2,16.0,1.0,0.95,0.6,0,2.127
2025-02-03 22:00:00,30.6,74.99,Monday,0,0,0,0.0,0.0,0.0,0.0,0,0.246
2025-02-03 23:00:00,25.59,73.24,Monday,0,0,1,15.01,0.0,0.85,0.5,0,0.386
2025-02-04 00:00:00,28.12,67.14,Tuesday,0,0,1,14.09,0.46,0.51,0.18,0,1.21
2025-02-04 01:00:00,28.52,78.6,Tuesday,0,0,1,16.0,0.59,0.82,0.17,0,1.571
2025-02-04 02:00:00,26.29,71.43,Tuesday,0,0,2,12.51,0.0,0.89,0.02,0,0.624
2025-02-04 03:00:00,27.28,74.25,Tuesday,0,0,1,14.01,0.68,0.9,0.13,0,1.3
2025-02-04 04:00:00,23.71,86.49,Tuesday,0,0,2,11.85,0.0,0.64,0.19,0,0.462
2025-02-04 05:00:00,26.56,69.55,Tuesday,0,0,0,0.0,0.0,0.0,0.0,0,0.156
2025-02-04 06:00:00,27.68,67.92,Tuesday,0,0,2,10.73,1.0,0.43,0.01,0,2.076
2025-02-04 07:00:00,22.59,81.51,Tuesday,0,0,3,6.99,0.0,0.83,0.19,0,0.154
2025-02-04 08:00:00,22.34,86.14,Tuesday,0,0,2,4.99,0.0,0.68,0.03,0,0.452
2025-02-04 09:00:00,25.86,69.35,Tuesday,0,0,1,5.07,0.0,0.56,0.01,1,0.842
2025-02-04 10:00:00,26.39,78.79,Tuesday,0,0,0,0.0,0.0,0.0,0.0,0,0.347
2025-02-04 11:00:00,23.08,82.63,Tuesday,0,0,0,0.0,0.0,0.0,0.0,0,0.235
2025-02-04 12:00:00,23.89,68.71,Tuesday,0,0,0,0.0,0.0,0.0,0.0,0,0.227
2025-02-04 13:00:00,24.86,82.12,Tuesday,0,0,0,0.0,0.0,0.0,0.0,0,0.206
2025-02-04 14:00:00,23.72,83.53,Tuesday,0,0,0,0.0,0.0,0.0,0.0,0,0.12
2025-02-04 15:00:00,25.26,76.2,Tuesday,0,0,0,0.0,0.0,0.0,0.0,0,0.281
2025-02-04 16:00:00,25.83,83.51,Tuesday,0,0,0,0.0,0.0,0.0,0.0,0,0.159
2025-02-04 17:00:00,26.88,81.99,Tuesday,0,0,4,10.25,0.0,0.88,0.18,0,0.49
2025-02-04 18:00:00,28.68,75.21,Tuesday,0,0,0,0.0,0.0,0.0,0.0,0,0.148
2025-02-04 19:00:00,29.46,71.73,Tuesday,0,0,3,10.21,0.36,0.8,0.51,0,0.984
2025-02-04 20:00:00,31.93,66.9,Tuesday,0,0,3,12.34,0.3,0.25,0.39,0,1.229
2025-02-04 21:00:00,27.24,75.79,Tuesday,0,0,1,11.98,0.42,1.0,0.5,0,0.668
2025-02-04 22:00:00,30.51,75.89,Tuesday,0,0,1,13.26,0.82,1.0,0.6,0,1.749
2025-02-04 23:00:00,27.88,73.79,Tuesday,0,0,1,13.11,0.78,0.95,0.33,0,2.169
2025-02-05 00:00:00,27.55,64.72,Wednesday,0,0,0,0.0,0.0,0.0,0.0,0,0.246
2025-02-05 01:00:00,28.13,81.52,Wednesday,0,0,2,14.72,0.54,1.0,0.11,0,0.995
2025-02-05 02:00:00,24.12,79.74,Wednesday,0,0,3,12.92,0.0,0.68,0.09,0,0.698
2025-02-05 03:00:00,26.05,75.15,Wednesday,0,0,0,0.0,0.0,0.0,0.0,0,0.153
2025-02-05 04:00:00,24.94,82.34,Wednesday,0,0,1,12.5,0.0,1.0,0.06,0,0.567
2025-02-05 05:00:00,24.91,85.71,Wednesday,0,0,0,0.0,0.0,0.0,0.0,0,0.314
2025-02-05 06:00:00,24.06,64.83,Wednesday,0,0,0,0.0,0.0,0.0,0.0,0,0.535
2025-02-05 07:00:00,27.66,77.77,Wednesday,0,0,2,6.55,1.0,0.8,0.16,0,0.778
2025-02-05 08:00:00,21.99,73.57,Wednesday,0,0,0,0.0,0.0,0.0,0.0,0,0.292
2025-02-05 09:00:00,22.29,82.94,Wednesday,0,0,3,4.73,0.0,0.41,0.06,0,0.736
2025-02-05 10:00:00,22.42,80.96,Wednesday,0,0,2,6.51,0.0,0.99,0.08,0,0.349
2025-02-05 11:00:00,23.02,82.96,Wednesday,0,0,0,0.0,0.0,0.0,0.0,0,0.244
2025-02-05 12:00:00,23.49,76.86,Wednesday,0,0,0,0.0,0.0,0.0,0.0,0,0.44
2025-02-05 13:00:00,27.51,66.38,Wednesday,0,0,0,0.0,0.0,0.0,0.0,0,0.132
2025-02-05 14:00:00,28.7,72.42,Wednesday,0,0,0,0.0,0.0,0.0,0.0,0,0.271
2025-02-05 15:00:00,25.89,79.23,Wednesday,0,0,0,0.0,0.0,0.0,0.0,0,0.275
2025-02-05 16:00:00,26.14,82.05,Wednesday,0,0,0,0.0,0.0,0.0,0.0,0,0.139
2025-02-05 17:00:00,29.11,68.44,Wednesday,0,0,2,8.71,0.38,0.95,0.19,0,1.05
2025-02-05 18:00:00,27.75,80.66,Wednesday,0,0,2,11.6,0.51,0.76,0.55,0,1.104
2025-02-05 19:00:00,30.18,70.1,Wednesday,0,0,1,12.11,0.86,0.54,0.34,0,2.252
2025-02-05 20:00:00,29.51,75.76,Wednesday,0,0,2,13.62,0.26,0.86,0.88,0,1.536
2025-02-05 21:00:00,26.31,74.27,Wednesday,0,0,3,14.44,0.0,0.73,0.48,0,0.839
2025-02-05 22:00:00,31.53,73.04,Wednesday,0,0,1,13.77,0.45,1.0,0.34,0,1.002
2025-02-05 23:00:00,31.5,76.61,Wednesday,0,0,4,16.0,0.79,0.9,0.35,0,1.862
2025-02-06 00:00:00,26.54,70.48,Thursday,0,0,3,13.99,0.0,0.85,0.18,0,0.634
2025-02-06 01:00:00,26.22,73.5,Thursday,0,0,2,10.66,0.0,0.58,0.18,0,0.624
2025-02-06 02:00:00,26.66,77.43,Thursday,0,0,2,11.63,0.0,0.79,0.02,0,0.226
2025-02-06 03:00:00,25.97,89.14,Thursday,0,0,1,13.36,0.0,0.61,0.14,0,0.325
2025-02-06 04:00:00,25.83,72.94,Thursday,0,0,1,12.0,0.0,0.73,0.13,0,0.153
2025-02-06 05:00:00,27.64,85.83,Thursday,0,0,2,10.49,0.91,1.0,0.1,0,1.924
2025-02-06 06:00:00,23.22,89.62,Thursday,0,0,2,10.23,0.0,0.68,0.01,0,0.388
2025-02-06 07:00:00,21.81,80.39,Thursday,0,0,4,10.51,0.0,0.39,0.02,0,0.372
2025-02-06 08:00:00,20.66,80.42,Thursday,0,0,2,8.18,0.0,0.87,0.13,0,0.322
2025-02-06 09:00:00,21.93,77.3,Thursday,0,0,0,0.0,0.0,0.0,0.0,0,0.24
2025-02-06 10:00:00,23.48,79.02,Thursday,0,1,3,4.05,0.0,1.0,0.01,0,0.367
2025-02-06 11:00:00,27.25,68.94,Thursday,0,0,0,0.0,0.0,0.0,0.0,0,0.308
2025-02-06 12:00:00,23.71,78.78,Thursday,0,0,2,6.05,0.0,0.68,0.17,0,0.332
2025-02-06 13:00:00,25.77,84.79,Thursday,0,0,2,5.33,0.0,0.82,0.18,0,0.637
2025-02-06 14:00:00,26.11,73.94,Thursday,0,0,0,0.0,0.0,0.0,0.0,0,0.31
2025-02-06 15:00:00,29.06,73.14,Thursday,0,0,0,0.0,0.0,0.0,0.0,0,0.15
2025-02-06 16:00:00,32.19,63.02,Thursday,0,0,0,0.0,0.0,0.0,0.0,0,0.223
2025-02-06 17:00:00,27.31,77.79,Thursday,0,0,4,11.08,0.66,0.61,0.03,1,2.41
2025-02-06 18:00:00,27.86,76.75,Thursday,0,0,2,9.2,0.37,0.87,0.68,0,1.193
2025-02-06 19:00:00,30.92,72.99,Thursday,0,0,3,10.07,0.9,1.0,0.53,0,2.075
2025-02-06 20:00:00,30.37,72.08,Thursday,0,0,0,0.0,0.0,0.0,0.0,0,0.352
2025-02-06 21:00:00,32.36,69.91,Thursday,0,0,1,14.66,0.62,0.65,0.85,0,2.175
2025-02-06 22:00:00,29.79,76.2,Thursday,0,0,0,0.0,0.0,0.0,0.0,0,0.173
2025-02-06 23:00:00,27.62,75.5,Thursday,0,0,1,16.0,0.43,0.72,0.35,0,0.805
2025-02-07 00:00:00,28.7,76.24,Friday,0,0,2,15.37,0.06,0.96,0.05,0,0.248
2025-02-07 01:00:00,28.91,75.55,Friday,0,0,1,14.32,0.58,0.57,0.06,0,1.434
2025-02-07 02:00:00,27.62,81.26,Friday,0,0,0,0.0,0.0,0.0,0.0,0,0.271
2025-02-07 03:00:00,26.28,80.23,Friday,0,0,2,14.81,0.0,1.0,0.06,0,0.416
2025-02-07 04:00:00,26.56,77.56,Friday,0,0,2,12.42,0.0,0.65,0.07,0,0.444
2025-02-07 05:00:00,26.12,84.58,Friday,0,0,4,11.7,0.0,0.64,0.09,0,0.787
2025-02-07 06:00:00,26.03,79.17,Friday,0,0,1,10.91,0.0,0.79,0.1,0,0.342
2025-02-07 07:00:00,24.41,85.05,Friday,0,0,0,0.0,0.0,0.0,0.0,0,0.261
2025-02-07 08:00:00,22.84,82.98,Friday,0,0,0,0.0,0.0,0.0,0.0,0,0.405
2025-02-07 09:00:00,23.51,70.13,Friday,0,0,1,7.25,0.0,0.38,0.07,0,0.294
2025-02-07 10:00:00,25.72,83.88,Friday,0,0,0,0.0,0.0,0.0,0.0,0,0.204
2025-02-07 11:00:00,22.55,80.88,Friday,0,0,0,0.0,0.0,0.0,0.0,0,0.242
2025-02-07 12:00:00,25.31,77.47,Friday,0,0,1,5.95,0.0,0.58,0.02,0,0.339
2025-02-07 13:00:00,24.66,79.72,Friday,0,0,2,6.26,0.0,0.34,0.13,1,0.79
2025-02-07 14:00:00,26.19,75.2,Friday,0,0,1,5.08,0.0,0.98,0.06,0,0.327
2025-02-07 15:00:00,29.22,75.34,Friday,0,0,4,5.81,0.45,0.65,0.01,0,1.054
2025-02-07 16:00:00,27.99,72.35,Friday,0,0,0,0.0,0.0,0.0,0.0,0,0.388
2025-02-07 17:00:00,28.35,81.36,Friday,0,0,2,10.69,0.81,0.72,0.01,0,1.727
2025-02-07 18:00:00,26.29,76.27,Friday,0,0,3,9.93,0.0,0.44,0.96,0,0.7
2025-02-07 19:00:00,30.38,71.24,Friday,0,0,2,12.32,0.55,0.87,0.85,0,1.256
2025-02-07 20:00:00,30.3,68.6,Friday,0,0,4,11.09,0.7,0.43,0.85,0,0.84
2025-02-07 21:00:00,32.93,72.2,Friday,0,0,4,12.64,0.26,0.45,0.36,0,1.016
2025-02-07 22:00:00,28.19,76.07,Friday,0,0,2,12.46,1.0,0.45,0.82,0,2.86
2025-02-07 23:00:00,28.66,76.65,Friday,0,0,0,0.0,0.0,0.0,0.0,0,0.353
2025-02-08 00:00:00,28.09,70.08,Saturday,1,0,1,15.45,1.0,0.3,0.04,0,1.543
2025-02-08 01:00:00,29.76,65.71,Saturday,1,0,4,16.0,0.65,1.0,0.09,0,1.82
2025-02-08 02:00:00,25.97,80.25,Saturday,1,0,2,14.01,0.0,0.66,0.17,0,0.455
2025-02-08 03:00:00,25.87,84.64,Saturday,1,0,3,15.14,0.0,0.22,0.03,0,0.493
2025-02-08 04:00:00,25.74,72.21,Saturday,1,0,2,13.48,0.0,0.48,0.11,0,0.248
2025-02-08 05:00:00,24.36,86.53,Saturday,1,0,2,14.98,0.0,0.9,0.12,0,0.463
2025-02-08 06:00:00,22.74,81.45,Saturday,1,0,1,12.5,0.0,1.0,0.06,0,0.505
2025-02-08 07:00:00,23.59,79.23,Saturday,1,0,2,10.94,0.0,0.79,0.15,0,0.468
2025-02-08 08:00:00,25.07,75.95,Saturday,1,0,1,8.75,0.0,0.77,0.13,0,0.465
2025-02-08 09:00:00,21.4,74.32,Saturday,1,0,1,5.12,0.0,0.37,0.09,0,0.604
2025-02-08 10:00:00,23.78,84.03,Saturday,1,0,1,6.11,0.0,1.0,0.13,0,0.655
2025-02-08 11:00:00,22.76,76.14,Saturday,1,0,2,8.54,0.0,0.89,0.17,0,0.321
2025-02-08 12:00:00,26.79,72.49,Saturday,1,0,2,5.76,0.0,0.83,0.12,0,0.347
2025-02-08 13:00:00,22.62,85.1,Saturday,1,0,0,0.0,0.0,0.0,0.0,0,0.2
2025-02-08 14:00:00,25.14,68.46,Saturday,1,0,1,6.17,0.0,0.88,0.12,0,0.288
2025-02-08 15:00:00,27.6,68.04,Saturday,1,0,2,4.98,0.46,0.55,0.14,0,1.017
2025-02-08 16:00:00,30.46,73.0,Saturday,1,0,3,6.22,0.15,0.98,0.08,0,0.739
2025-02-08 17:00:00,28.14,76.64,Saturday,1,0,2,9.33,0.31,0.95,0.17,0,0.923
2025-02-08 18:00:00,27.74,77.96,Saturday,1,0,4,11.11,0.57,0.73,0.39,0,1.42
2025-02-08 19:00:00,32.43,69.81,Saturday,1,0,1,10.1,0.72,0.68,0.68,0,1.719
2025-02-08 20:00:00,26.54,89.27,Saturday,1,0,3,11.66,0.0,0.21,0.74,0,0.601
2025-02-08 21:00:00,25.08,76.79,Saturday,1,0,2,11.4,0.0,0.32,0.49,0,0.376
2025-02-08 22:00:00,29.53,72.77,Saturday,1,0,2,14.14,0.35,0.89,0.63,0,1.689
2025-02-08 23:00:00,27.36,71.89,Saturday,1,0,2,11.91,1.0,0.98,0.95,0,2.46
2025-02-09 00:00:00,25.8,77.9,Sunday,1,0,2,14.55,0.0,1.0,0.11,0,0.449
2025-02-09 01:00:00,28.19,78.2,Sunday,1,0,2,14.95,0.88,0.41,0.19,0,1.228
2025-02-09 02:00:00,26.58,82.6,Sunday,1,0,2,11.7,0.0,1.0,0.13,0,0.453
2025-02-09 03:00:00,24.35,71.14,Sunday,1,0,1,12.02,0.0,1.0,0.1,0,0.446
2025-02-09 04:00:00,22.34,79.17,Sunday,1,0,2,12.41,0.0,0.61,0.02,0,0.707
2025-02-09 05:00:00,25.59,79.7,Sunday,1,0,3,11.0,0.0,0.79,0.13,0,0.678
2025-02-09 06:00:00,24.71,81.19,Sunday,1,0,2,9.77,0.0,0.33,0.11,0,0.523
2025-02-09 07:00:00,23.07,79.77,Sunday,1,0,1,9.14,0.0,0.6,0.19,0,0.444
2025-02-09 08:00:00,26.47,79.39,Sunday,1,0,1,4.99,0.0,0.88,0.07,0,0.396
2025-02-09 09:00:00,21.32,77.27,Sunday,1,0,1,7.53,0.0,0.77,0.16,0,0.437
2025-02-09 10:00:00,20.8,89.57,Sunday,1,0,1,5.19,0.0,1.0,0.06,0,0.315
2025-02-09 11:00:00,22.77,84.97,Sunday,1,0,1,4.28,0.0,0.38,0.03,0,0.392
2025-02-09 12:00:00,24.56,71.67,Sunday,1,0,1,2.2,0.0,0.72,0.0,0,0.241
2025-02-09 13:00:00,25.8,71.9,Sunday,1,0,2,4.77,0.0,0.47,0.18,1,0.888
2025-02-09 14:00:00,25.71,72.13,Sunday,1,0,2,6.44,0.0,1.0,0.09,0,0.662
2025-02-09 15:00:00,27.55,79.09,Sunday,1,0,4,6.68,0.0,0.82,0.06,0,0.436
2025-02-09 16:00:00,25.39,71.23,Sunday,1,0,4,7.76,0.0,0.75,0.08,0,0.339
2025-02-09 17:00:00,30.86,71.07,Sunday,1,0,1,8.2,0.54,0.72,0.14,0,1.532
2025-02-09 18:00:00,28.59,77.04,Sunday,1,0,1,9.91,0.54,0.53,0.32,0,1.283
2025-02-09 19:00:00,31.05,72.22,Sunday,1,0,2,9.63,0.57,1.0,0.69,0,1.205
2025-02-09 20:00:00,29.76,75.01,Sunday,1,0,1,12.49,0.35,0.79,0.48,0,1.628
2025-02-09 21:00:00,29.86,68.3,Sunday,1,0,2,12.8,0.57,0.81,0.67,0,1.505
2025-02-09 22:00:00,29.77,76.69,Sunday,1,0,2,12.64,0.92,0.9,0.92,0,2.294
2025-02-09 23:00:00,29.07,71.27,Sunday,1,0,2,15.96,0.58,0.53,0.74,0,1.135
2025-02-10 00:00:00,28.8,72.96,Monday,0,0,3,12.64,0.97,1.0,0.19,0,2.066
2025-02-10 01:00:00,29.31,75.31,Monday,0,0,3,15.62,0.96,1.0,0.18,0,2.045
2025-02-10 02:00:00,26.5,77.17,Monday,0,0,4,15.21,0.0,0.74,0.03,0,0.683
2025-02-10 03:00:00,26.64,76.64,Monday,0,0,1,12.74,0.0,0.67,0.18,0,0.576
2025-02-10 04:00:00,24.48,74.71,Monday,0,0,0,0.0,0.0,0.0,0.0,0,0.352
2025-02-10 05:00:00,26.61,75.05,Monday,0,0,2,10.47,0.0,1.0,0.1,0,0.509
2025-02-10 06:00:00,22.33,80.42,Monday,0,0,0,0.0,0.0,0.0,0.0,0,0.352
2025-02-10 07:00:00,26.49,69.79,Monday,0,0,0,0.0,0.0,0.0,0.0,0,0.244
2025-02-10 08:00:00,23.07,77.42,Monday,0,0,4,7.49,0.0,0.78,0.15,0,0.654
2025-02-10 09:00:00,20.67,83.84,Monday,0,0,3,5.03,0.0,0.78,0.05,0,0.581
2025-02-10 10:00:00,23.77,72.72,Monday,0,0,2,4.48,0.0,0.28,0.18,0,0.312
2025-02-10 11:00:00,22.79,85.77,Monday,0,0,0,0.0,0.0,0.0,0.0,0,0.183
2025-02-10 12:00:00,26.15,83.31,Monday,0,0,0,0.0,0.0,0.0,0.0,0,0.259
2025-02-10 13:00:00,24.19,72.5,Monday,0,0,0,0.0,0.0,0.0,0.0,0,0.182
2025-02-10 14:00:00,25.34,84.48,Monday,0,0,3,7.07,0.0,0.79,0.14,0,0.457
2025-02-10 15:00:00,23.52,78.62,Monday,0,0,2,7.29,0.0,0.55,0.13,0,0.414
2025-02-10 16:00:00,26.83,78.45,Monday,0,0,0,0.0,0.0,0.0,0.0,0,0.232
2025-02-10 17:00:00,23.9,76.51,Monday,0,0,1,8.1,0.0,0.68,0.05,0,0.379
2025-02-10 18:00:00,25.89,81.82,Monday,0,0,0,0.0,0.0,0.0,0.0,0,0.389
2025-02-10 19:00:00,30.41,75.16,Monday,0,0,1,10.46,0.57,0.72,0.47,0,1.801
2025-02-10 20:00:00,30.56,68.93,Monday,0,0,2,11.45,0.67,0.75,0.88,0,1.918
2025-02-10 21:00:00,29.81,67.85,Monday,0,0,3,13.42,0.69,0.95,0.8,0,1.527
2025-02-10 22:00:00,27.0,68.9,Monday,0,0,2,13.01,0.0,0.66,0.69,0,0.502
2025-02-10 23:00:00,28.18,76.08,Monday,0,0,3,13.6,0.52,0.76,0.68,0,1.134
2025-02-11 00:00:00,27.64,78.49,Tuesday,0,0,3,16.0,0.73,0.95,0.12,0,1.695
2025-02-11 01:00:00,24.83,81.41,Tuesday,0,0,0,0.0,0.0,0.0,0.0,0,0.48
2025-02-11 02:00:00,28.85,73.95,Tuesday,0,1,2,12.77,0.5,0.91,0.09,0,1.62
2025-02-11 03:00:00,26.94,70.47,Tuesday,0,0,3,15.45,0.0,0.64,0.15,0,0.826
2025-02-11 04:00:00,24.24,75.27,Tuesday,0,0,0,0.0,0.0,0.0,0.0,0,0.397
2025-02-11 05:00:00,24.07,84.6,Tuesday,0,0,2,13.36,0.0,1.0,0.17,0,0.306
2025-02-11 06:00:00,23.92,76.55,Tuesday,0,0,0,0.0,0.0,0.0,0.0,0,0.189
2025-02-11 07:00:00,19.57,83.61,Tuesday,0,0,1,8.82,0.0,0.28,0.04,0,0.257
2025-02-11 08:00:00,22.7,74.69,Tuesday,0,0,0,0.0,0.0,0.0,0.0,0,0.299
2025-02-11 09:00:00,22.02,82.37,Tuesday,0,0,0,0.0,0.0,0.0,0.0,0,0.375
2025-02-11 10:00:00,21.74,78.65,Tuesday,0,0,1,8.18,0.0,0.52,0.17,0,0.279
2025-02-11 11:00:00,23.51,84.57,Tuesday,0,0,2,4.58,0.0,0.87,0.05,0,0.413
2025-02-11 12:00:00,27.88,79.28,Tuesday,0,0,0,0.0,0.0,0.0,0.0,0,0.228
2025-02-11 13:00:00,26.52,74.15,Tuesday,0,0,1,4.15,0.0,0.47,0.03,0,0.431
2025-02-11 14:00:00,25.11,77.26,Tuesday,0,0,0,0.0,0.0,0.0,0.0,0,0.158
2025-02-11 15:00:00,27.95,72.59,Tuesday,0,0,0,0.0,0.0,0.0,0.0,0,0.136
2025-02-11 16:00:00,30.16,66.26,Tuesday,0,0,4,10.65,0.3,0.34,0.0,0,1.011
2025-02-11 17:00:00,29.93,69.28,Tuesday,0,0,2,10.47,0.65,0.89,0.12,0,0.947
2025-02-11 18:00:00,28.85,75.53,Tuesday,0,0,1,11.26,0.83,1.0,0.65,0,2.266
2025-02-11 19:00:00,27.87,77.04,Tuesday,0,0,3,9.86,0.91,0.98,0.58,0,1.812
2025-02-11 20:00:00,30.4,73.88,Tuesday,0,0,2,12.63,0.43,0.53,0.35,1,2.091
2025-02-11 21:00:00,29.75,72.22,Tuesday,0,0,2,13.06,0.63,0.85,0.58,0,2.025
2025-02-11 22:00:00,30.35,77.85,Tuesday,0,0,0,0.0,0.0,0.0,0.0,0,0.179
2025-02-11 23:00:00,29.41,74.35,Tuesday,0,0,1,15.05,0.55,0.43,0.42,0,0.891
2025-02-12 00:00:00,29.53,77.44,Wednesday,0,0,2,13.65,0.73,0.56,0.05,0,1.652
2025-02-12 01:00:00,25.95,68.27,Wednesday,0,0,1,14.59,0.0,0.05,0.02,0,0.266
2025-02-12 02:00:00,28.51,55.23,Wednesday,0,0,2,14.19,0.88,0.49,0.1,0,1.318
2025-02-12 03:00:00,25.72,78.77,Wednesday,0,0,3,12.02,0.0,0.38,0.09,0,0.471
2025-02-12 04:00:00,28.38,67.84,Wednesday,0,0,3,13.7,0.49,0.8,0.11,0,1.097
2025-02-12 05:00:00,22.78,78.94,Wednesday,0,0,1,11.63,0.0,0.82,0.13,0,0.288
2025-02-12 06:00:00,26.67,74.99,Wednesday,0,0,3,11.22,0.0,0.33,0.02,0,0.338
2025-02-12 07:00:00,23.6,87.2,Wednesday,0,0,2,9.44,0.0,0.96,0.08,0,0.523
2025-02-12 08:00:00,21.97,82.73,Wednesday,0,0,1,4.93,0.0,0.6,0.12,0,0.468
2025-02-12 09:00:00,22.37,81.19,Wednesday,0,0,0,0.0,0.0,0.0,0.0,0,0.16
2025-02-12 10:00:00,22.97,84.01,Wednesday,0,0,0,0.0,0.0,0.0,0.0,0,0.312
2025-02-12 11:00:00,24.78,80.04,Wednesday,0,0,0,0.0,0.0,0.0,0.0,0,0.228
2025-02-12 12:00:00,25.58,75.19,Wednesday,0,0,0,0.0,0.0,0.0,0.0,0,0.185
2025-02-12 13:00:00,24.33,83.96,Wednesday,0,0,0,0.0,0.0,0.0,0.0,0,0.132
2025-02-12 14:00:00,26.1,71.46,Wednesday,0,0,0,0.0,0.0,0.0,0.0,0,0.238
2025-02-12 15:00:00,30.77,74.42,Wednesday,0,0,0,0.0,0.0,0.0,0.0,0,0.221
2025-02-12 16:00:00,30.75,65.09,Wednesday,0,0,2,9.99,0.75,0.9,0.18,0,1.612
2025-02-12 17:00:00,29.05,75.38,Wednesday,0,0,0,0.0,0.0,0.0,0.0,0,0.287
2025-02-12 18:00:00,28.81,75.54,Wednesday,0,0,1,10.33,0.62,0.37,0.92,0,1.189
2025-02-12 19:00:00,29.26,82.55,Wednesday,0,0,3,9.41,0.35,0.64,0.81,0,1.19
2025-02-12 20:00:00,30.25,65.45,Wednesday,0,0,2,10.77,0.45,0.61,0.67,0,1.235
2025-02-12 21:00:00,27.2,73.02,Wednesday,0,0,2,11.15,0.24,0.71,0.74,0,1.128
2025-02-12 22:00:00,28.28,79.16,Wednesday,0,0,0,0.0,0.0,0.0,0.0,0,0.404
2025-02-12 23:00:00,25.26,79.44,Wednesday,0,0,1,12.36,0.0,0.55,0.99,0,0.828
2025-02-13 00:00:00,28.36,75.88,Thursday,0,1,2,16.0,0.62,1.0,0.11,0,1.402
2025-02-13 01:00:00,28.08,70.44,Thursday,0,0,0,0.0,0.0,0.0,0.0,0,0.283
2025-02-13 02:00:00,25.27,74.8,Thursday,0,0,2,12.49,0.0,0.87,0.06,0,0.747
2025-02-13 03:00:00,28.2,81.35,Thursday,0,0,1,13.45,0.36,0.72,0.12,0,1.225
2025-02-13 04:00:00,22.44,80.05,Thursday,0,0,2,11.47,0.0,0.95,0.03,0,0.553
2025-02-13 05:00:00,21.38,83.13,Thursday,0,0,2,11.44,0.0,0.73,0.07,0,0.315
2025-02-13 06:00:00,23.95,78.37,Thursday,0,0,4,8.68,0.0,0.99,0.04,0,0.496
2025-02-13 07:00:00,25.13,71.97,Thursday,0,0,2,8.24,0.0,0.03,0.04,0,0.25
2025-02-13 08:00:00,26.17,81.61,Thursday,0,0,1,6.36,0.0,0.77,0.13,0,0.256
2025-02-13 09:00:00,22.42,82.84,Thursday,0,0,0,0.0,0.0,0.0,0.0,0,0.087
2025-02-13 10:00:00,25.49,89.09,Thursday,0,0,0,0.0,0.0,0.0,0.0,0,0.247
2025-02-13 11:00:00,23.95,73.87,Thursday,0,0,2,5.54,0.0,0.48,0.16,0,0.395
2025-02-13 12:00:00,24.33,82.72,Thursday,0,0,0,0.0,0.0,0.0,0.0,0,0.107
2025-02-13 13:00:00,26.96,69.68,Thursday,0,0,0,0.0,0.0,0.0,0.0,0,0.161
2025-02-13 14:00:00,27.32,76.7,Thursday,0,0,2,5.94,0.21,0.87,0.16,0,0.657
2025-02-13 15:00:00,24.08,83.71,Thursday,0,0,1,6.28,0.0,0.98,0.1,0,0.254
2025-02-13 16:00:00,30.3,62.87,Thursday,0,0,0,0.0,0.0,0.0,0.0,0,0.164
2025-02-13 17:00:00,30.75,71.8,Thursday,0,0,1,7.63,0.85,0.8,0.06,0,1.11
2025-02-13 18:00:00,27.61,72.83,Thursday,0,0,2,10.22,0.54,0.53,0.83,0,0.727
2025-02-13 19:00:00,29.75,70.21,Thursday,0,0,1,12.82,0.75,1.0,0.86,0,1.945
2025-02-13 20:00:00,30.03,75.4,Thursday,0,0,3,13.36,0.83,0.89,0.94,0,1.141
2025-02-13 21:00:00,29.51,79.55,Thursday,0,0,2,14.38,0.45,0.66,0.84,0,1.56
2025-02-13 22:00:00,27.75,74.86,Thursday,0,0,3,12.67,0.86,0.72,0.47,0,2.188
2025-02-13 23:00:00,27.05,77.18,Thursday,0,0,3,15.61,0.49,1.0,0.98,0,0.841
2025-02-14 00:00:00,27.6,76.24,Friday,0,0,1,14.4,0.47,0.76,0.07,0,1.152
2025-02-14 01:00:00,29.03,74.38,Friday,0,0,2,15.09,0.86,0.3,0.03,0,1.448
2025-02-14 02:00:00,27.12,70.65,Friday,0,0,2,15.16,0.81,1.0,0.05,0,1.039
2025-02-14 03:00:00,24.7,83.81,Friday,0,0,2,11.8,0.0,0.95,0.12,0,0.491
2025-02-14 04:00:00,26.03,78.55,Friday,0,0,1,12.74,0.0,0.62,0.05,0,0.387
2025-02-14 05:00:00,18.89,85.47,Friday,0,0,3,11.65,0.0,0.9,0.13,0,0.737
2025-02-14 06:00:00,25.61,73.42,Friday,0,0,3,11.5,0.0,0.6,0.08,0,0.562
2025-02-14 07:00:00,20.11,80.1,Friday,0,0,2,7.93,0.0,0.59,0.05,0,0.265
2025-02-14 08:00:00,22.49,79.38,Friday,0,0,3,7.41,0.0,0.72,0.12,0,0.45
2025-02-14 09:00:00,21.23,73.72,Friday,0,0,0,0.0,0.0,0.0,0.0,0,0.338
2025-02-14 10:00:00,21.21,72.97,Friday,0,0,0,0.0,0.0,0.0,0.0,0,0.306
2025-02-14 11:00:00,26.11,74.0,Friday,0,0,0,0.0,0.0,0.0,0.0,0,0.05
2025-02-14 12:00:00,23.8,81.69,Friday,0,0,0,0.0,0.0,0.0,0.0,0,0.314
2025-02-14 13:00:00,25.99,73.84,Friday,0,0,0,0.0,0.0,0.0,0.0,0,0.203
2025-02-14 14:00:00,26.06,71.95,Friday,0,0,0,0.0,0.0,0.0,0.0,0,0.435
2025-02-14 15:00:00,27.78,71.43,Friday,0,0,0,0.0,0.0,0.0,0.0,0,0.341
2025-02-14 16:00:00,27.78,73.22,Friday,0,0,0,0.0,0.0,0.0,0.0,0,0.186
2025-02-14 17:00:00,25.95,75.37,Friday,0,0,3,8.75,0.0,0.71,0.08,0,0.398
2025-02-14 18:00:00,30.53,83.85,Friday,0,0,1,9.54,1.0,0.27,0.3,0,2.471
2025-02-14 19:00:00,28.15,80.44,Friday,0,0,1,11.26,0.93,0.76,0.41,0,1.717
2025-02-14 20:00:00,26.34,81.92,Friday,0,0,0,0.0,0.0,0.0,0.0,0,0.055
2025-02-14 21:00:00,28.27,80.9,Friday,0,0,2,13.46,0.87,0.57,0.59,0,2.038
2025-02-14 22:00:00,31.44,67.21,Friday,0,0,3,14.09,1.0,0.74,0.82,0,1.044
2025-02-14 23:00:00,29.79,67.57,Friday,0,0,1,14.48,0.89,0.23,0.32,0,1.206
2025-02-15 00:00:00,27.01,70.65,Saturday,1,0,4,13.51,0.86,0.71,0.06,0,0.937
2025-02-15 01:00:00,26.29,83.51,Saturday,1,0,2,16.0,0.0,0.8,0.16,0,0.264
2025-02-15 02:00:00,25.56,74.76,Saturday,1,0,1,13.66,0.0,0.37,0.18,0,0.288
2025-02-15 03:00:00,29.1,68.05,Saturday,1,0,3,15.74,1.0,1.0,0.01,0,1.231
2025-02-15 04:00:00,25.33,75.55,Saturday,1,0,3,12.87,0.0,0.86,0.11,0,0.485
2025-02-15 05:00:00,24.79,76.99,Saturday,1,1,3,13.4,0.0,1.0,0.07,0,0.508
2025-02-15 06:00:00,25.4,78.98,Saturday,1,0,4,9.7,0.0,0.86,0.11,0,0.431
2025-02-15 07:00:00,23.67,80.45,Saturday,1,0,3,7.61,0.0,0.84,0.11,0,0.304
2025-02-15 08:00:00,22.68,75.95,Saturday,1,0,2,9.06,0.0,1.0,0.0,0,0.325
2025-02-15 09:00:00,22.89,83.33,Saturday,1,0,1,5.62,0.0,1.0,0.13,0,0.602
2025-02-15 10:00:00,23.41,76.23,Saturday,1,0,2,7.6,0.0,1.0,0.04,0,0.561
2025-02-15 11:00:00,23.95,78.16,Saturday,1,0,1,6.04,0.0,0.72,0.11,0,0.285
2025-02-15 12:00:00,25.95,80.58,Saturday,1,0,0,0.0,0.0,0.0,0.0,0,0.356
2025-02-15 13:00:00,25.46,74.38,Saturday,1,0,0,0.0,0.0,0.0,0.0,0,0.357
2025-02-15 14:00:00,27.46,72.94,Saturday,1,0,3,7.1,0.23,0.51,0.05,0,1.107
2025-02-15 15:00:00,26.77,79.36,Saturday,1,0,2,5.35,0.0,0.92,0.01,0,0.473
2025-02-15 16:00:00,27.78,71.21,Saturday,1,0,0,0.0,0.0,0.0,0.0,0,0.19
2025-02-15 17:00:00,24.67,76.38,Saturday,1,1,4,10.05,0.0,1.0,0.17,0,0.469
2025-02-15 18:00:00,30.39,75.93,Saturday,1,0,2,9.99,0.4,0.71,0.65,0,1.747
2025-02-15 19:00:00,29.66,84.07,Saturday,1,0,2,12.74,0.99,0.94,0.56,0,2.876
2025-02-15 20:00:00,30.94,75.68,Saturday,1,0,2,12.64,0.35,0.61,0.39,0,1.573
2025-02-15 21:00:00,23.83,81.42,Saturday,1,0,3,13.57,0.0,0.63,0.39,0,0.204
2025-02-15 22:00:00,32.5,73.91,Saturday,1,0,4,16.0,0.68,0.49,0.82,0,1.528
2025-02-15 23:00:00,28.01,69.92,Saturday,1,0,0,0.0,0.0,0.0,0.0,0,0.05
2025-02-16 00:00:00,29.64,74.41,Sunday,1,0,4,14.29,0.79,0.89,0.18,0,2.001
2025-02-16 01:00:00,25.05,77.81,Sunday,1,0,2,14.7,0.0,1.0,0.13,0,0.678
2025-02-16 02:00:00,27.24,77.59,Sunday,1,0,1,14.57,0.74,1.0,0.2,0,1.465
2025-02-16 03:00:00,23.47,79.96,Sunday,1,0,2,9.27,0.0,1.0,0.11,0,0.629
2025-02-16 04:00:00,23.52,81.23,Sunday,1,0,1,13.24,0.0,0.95,0.13,0,0.678
2025-02-16 05:00:00,27.47,74.22,Sunday,1,0,1,13.33,1.0,0.74,0.03,0,1.567
2025-02-16 06:00:00,23.2,79.91,Sunday,1,0,1,9.93,0.0,0.62,0.19,0,0.427
2025-02-16 07:00:00,23.64,73.09,Sunday,1,0,1,8.07,0.0,0.89,0.07,0,0.649
2025-02-16 08:00:00,24.71,76.66,Sunday,1,0,2,8.08,0.0,0.33,0.13,0,0.459
2025-02-16 09:00:00,24.14,85.73,Sunday,1,1,4,9.08,0.0,0.6,0.07,0,0.517
2025-02-16 10:00:00,23.81,80.66,Sunday,1,0,0,0.0,0.0,0.0,0.0,0,0.228
2025-02-16 11:00:00,24.68,78.19,Sunday,1,0,3,5.49,0.0,1.0,0.02,0,0.395
2025-02-16 12:00:00,28.97,83.91,Sunday,1,0,0,0.0,0.0,0.0,0.0,0,0.334
2025-02-16 13:00:00,25.26,70.96,Sunday,1,0,4,3.57,0.0,0.98,0.13,0,0.541
2025-02-16 14:00:00,26.5,71.1,Sunday,1,0,2,5.7,0.0,0.85,0.19,0,0.422
2025-02-16 15:00:00,28.81,83.14,Sunday,1,0,2,6.53,0.25,0.85,0.1,0,0.977
2025-02-16 16:00:00,29.63,74.06,Sunday,1,0,1,4.6,0.87,0.63,0.1,0,1.98
2025-02-16 17:00:00,30.4,71.93,Sunday,1,0,3,7.62,0.86,0.38,0.07,0,0.977
2025-02-16 18:00:00,29.89,67.6,Sunday,1,0,3,11.74,0.84,0.88,0.39,0,1.646
2025-02-16 19:00:00,26.98,78.45,Sunday,1,0,1,10.91,0.0,0.97,0.88,0,0.52
2025-02-16 20:00:00,32.08,74.35,Sunday,1,0,3,8.82,0.76,0.87,0.77,0,1.235
2025-02-16 21:00:00,26.98,70.75,Sunday,1,0,2,15.94,0.0,0.71,0.34,0,0.573
2025-02-16 22:00:00,29.28,73.44,Sunday,1,0,1,12.99,0.84,0.47,0.67,0,1.261
2025-02-16 23:00:00,26.91,74.61,Sunday,1,0,2,14.12,0.0,0.59,0.86,0,0.528
2025-02-17 00:00:00,27.53,77.01,Monday,0,0,2,16.0,0.82,0.86,0.17,0,1.74
2025-02-17 01:00:00,27.51,70.14,Monday,0,0,1,13.72,0.66,0.55,0.02,0,1.422
2025-02-17 02:00:00,26.72,82.71,Monday,0,0,2,11.38,0.0,0.51,0.05,0,0.569
2025-02-17 03:00:00,26.12,81.57,Monday,0,0,3,13.86,0.0,0.39,0.0,0,0.898
2025-02-17 04:00:00,27.55,73.89,Monday,0,0,2,13.7,0.53,0.88,0.14,0,1.008
2025-02-17 05:00:00,24.84,77.06,Monday,0,0,2,10.59,0.0,0.88,0.17,0,0.608
2025-02-17 06:00:00,23.1,79.02,Monday,0,0,4,9.82,0.0,1.0,0.18,0,0.326
2025-02-17 07:00:00,24.98,74.13,Monday,0,0,1,6.94,0.0,0.21,0.18,0,0.439
2025-02-17 08:00:00,25.28,75.53,Monday,0,0,0,0.0,0.0,0.0,0.0,0,0.317
2025-02-17 09:00:00,21.03,80.22,Monday,0,0,0,0.0,0.0,0.0,0.0,0,0.381
2025-02-17 10:00:00,24.62,86.41,Monday,0,0,0,0.0,0.0,0.0,0.0,0,0.213
2025-02-17 11:00:00,25.28,82.48,Monday,0,0,0,0.0,0.0,0.0,0.0,0,0.253
2025-02-17 12:00:00,24.11,83.48,Monday,0,0,0,0.0,0.0,0.0,0.0,0,0.334
2025-02-17 13:00:00,27.84,77.29,Monday,0,0,0,0.0,0.0,0.0,0.0,0,0.228
2025-02-17 14:00:00,25.87,71.63,Monday,0,0,3,7.0,0.0,0.52,0.1,0,0.61
2025-02-17 15:00:00,27.14,75.86,Monday,0,0,0,0.0,0.0,0.0,0.0,0,0.114
2025-02-17 16:00:00,27.33,80.76,Monday,0,0,0,0.0,0.0,0.0,0.0,0,0.305
2025-02-17 17:00:00,28.29,68.75,Monday,0,0,3,10.02,0.7,0.69,0.03,0,1.798
2025-02-17 18:00:00,26.77,79.59,Monday,0,0,1,9.82,0.0,0.93,0.75,0,0.748
2025-02-17 19:00:00,26.45,88.31,Monday,0,0,2,8.87,0.0,0.66,0.52,0,0.468
2025-02-17 20:00:00,32.01,77.0,Monday,0,0,3,11.67,0.8,0.38,0.41,0,1.627
2025-02-17 21:00:00,27.51,82.81,Monday,0,0,1,10.13,0.53,0.39,0.61,0,1.253
2025-02-17 22:00:00,26.96,77.33,Monday,0,0,1,13.91,0.0,0.56,0.35,0,0.498
2025-02-17 23:00:00,24.39,83.39,Monday,0,0,3,13.8,0.0,0.93,0.46,0,0.644
2025-02-18 00:00:00,26.49,73.07,Tuesday,0,0,3,14.46,0.0,0.62,0.14,0,0.512
2025-02-18 01:00:00,24.54,82.4,Tuesday,0,0,1,16.0,0.0,0.82,0.08,0,0.567
2025-02-18 02:00:00,29.1,77.58,Tuesday,0,0,2,12.33,0.65,0.33,0.02,0,1.989
2025-02-18 03:00:00,27.18,77.49,Tuesday,0,0,2,12.46,0.74,0.79,0.0,0,0.51
2025-02-18 04:00:00,23.4,86.02,Tuesday,0,0,3,10.79,0.0,0.76,0.14,0,0.335
2025-02-18 05:00:00,28.07,72.54,Tuesday,0,0,0,0.0,0.0,0.0,0.0,0,0.122
2025-02-18 06:00:00,25.31,76.79,Tuesday,0,0,3,11.7,0.0,0.79,0.14,0,0.421
2025-02-18 07:00:00,22.66,80.58,Tuesday,0,0,2,9.25,0.0,0.94,0.01,0,0.182
2025-02-18 08:00:00,18.64,78.57,Tuesday,0,0,4,7.96,0.0,1.0,0.04,0,0.591
2025-02-18 09:00:00,27.37,77.0,Tuesday,0,0,0,0.0,0.0,0.0,0.0,0,0.325
2025-02-18 10:00:00,21.04,72.97,Tuesday,0,0,1,5.97,0.0,1.0,0.14,0,0.446
2025-02-18 11:00:00,21.06,86.78,Tuesday,0,0,0,0.0,0.0,0.0,0.0,0,0.211
2025-02-18 12:00:00,26.48,76.9,Tuesday,0,0,0,0.0,0.0,0.0,0.0,0,0.23
2025-02-18 13:00:00,29.76,71.11,Tuesday,0,0,1,4.66,1.0,0.72,0.18,0,1.838
2025-02-18 14:00:00,28.63,70.56,Tuesday,0,0,2,4.78,0.91,0.62,0.09,0,1.701
2025-02-18 15:00:00,27.93,74.19,Tuesday,0,0,0,0.0,0.0,0.0,0.0,0,0.256
2025-02-18 16:00:00,28.71,78.1,Tuesday,0,0,3,8.52,0.53,0.61,0.0,0,1.378
2025-02-18 17:00:00,29.8,76.42,Tuesday,0,0,1,11.37,0.82,0.67,0.19,0,0.794
2025-02-18 18:00:00,30.11,69.88,Tuesday,0,0,2,10.83,0.55,0.93,0.54,0,1.851
2025-02-18 19:00:00,29.55,69.68,Tuesday,0,0,2,14.71,0.66,0.32,0.34,0,0.05
2025-02-18 20:00:00,29.33,77.39,Tuesday,0,0,3,12.8,0.57,0.82,0.34,0,1.109
2025-02-18 21:00:00,28.93,70.85,Tuesday,0,0,2,16.0,0.71,0.78,0.83,0,0.949
2025-02-18 22:00:00,27.38,76.16,Tuesday,0,0,0,0.0,0.0,0.0,0.0,0,0.267
2025-02-18 23:00:00,27.76,76.14,Tuesday,0,0,0,0.0,0.0,0.0,0.0,0,0.072
2025-02-19 00:00:00,24.59,79.93,Wednesday,0,0,2,14.75,0.0,1.0,0.19,0,0.869
2025-02-19 01:00:00,26.74,80.72,Wednesday,0,0,1,15.28,0.0,0.54,0.11,0,0.221
2025-02-19 02:00:00,24.36,72.26,Wednesday,0,0,2,14.98,0.0,0.64,0.11,0,0.804
2025-02-19 03:00:00,23.38,69.9,Wednesday,0,1,3,11.41,0.0,0.85,0.11,0,0.692
2025-02-19 04:00:00,24.97,75.19,Wednesday,0,0,4,13.55,0.0,0.9,0.16,0,0.554
2025-02-19 05:00:00,26.53,85.63,Wednesday,0,0,2,9.07,0.0,0.68,0.01,0,0.619
2025-02-19 06:00:00,25.2,87.93,Wednesday,0,0,0,0.0,0.0,0.0,0.0,0,0.562
2025-02-19 07:00:00,20.42,91.28,Wednesday,0,0,2,9.6,0.0,0.71,0.03,0,0.432
2025-02-19 08:00:00,21.36,80.31,Wednesday,0,0,1,9.63,0.0,0.95,0.15,0,0.13
2025-02-19 09:00:00,24.94,69.15,Wednesday,0,0,0,0.0,0.0,0.0,0.0,0,0.373
2025-02-19 10:00:00,21.78,69.19,Wednesday,0,0,1,4.19,0.0,0.69,0.13,0,0.389
2025-02-19 11:00:00,23.62,76.18,Wednesday,0,0,0,0.0,0.0,0.0,0.0,0,0.129
2025-02-19 12:00:00,25.63,76.44,Wednesday,0,0,0,0.0,0.0,0.0,0.0,0,0.359
2025-02-19 13:00:00,23.62,85.74,Wednesday,0,0,0,0.0,0.0,0.0,0.0,0,0.136
2025-02-19 14:00:00,26.33,81.14,Wednesday,0,0,0,0.0,0.0,0.0,0.0,0,0.253
2025-02-19 15:00:00,24.52,79.57,Wednesday,0,0,0,0.0,0.0,0.0,0.0,0,0.242
2025-02-19 16:00:00,26.56,72.15,Wednesday,0,0,0,0.0,0.0,0.0,0.0,0,0.191
2025-02-19 17:00:00,28.84,69.74,Wednesday,0,0,2,9.51,0.29,0.52,0.03,0,0.887
2025-02-19 18:00:00,25.87,78.49,Wednesday,0,0,2,10.81,0.0,0.54,0.88,0,0.43
2025-02-19 19:00:00,29.83,77.14,Wednesday,0,0,2,11.18,0.75,1.0,0.63,0,1.631
2025-02-19 20:00:00,29.11,76.26,Wednesday,0,0,3,12.57,1.0,0.08,0.49,0,1.55
2025-02-19 21:00:00,30.03,68.3,Wednesday,0,0,4,13.44,0.58,0.87,0.82,0,1.393
2025-02-19 22:00:00,29.14,77.52,Wednesday,0,0,4,14.38,0.39,0.37,0.85,0,1.774
2025-02-19 23:00:00,30.72,74.98,Wednesday,0,0,0,0.0,0.0,0.0,0.0,0,0.314
2025-02-20 00:00:00,27.87,70.07,Thursday,0,0,4,16.0,0.64,0.81,0.04,0,0.864
2025-02-20 01:00:00,26.15,73.05,Thursday,0,0,2,16.0,0.0,0.98,0.0,0,0.438
2025-02-20 02:00:00,26.36,80.22,Thursday,0,0,0,0.0,0.0,0.0,0.0,0,0.169
2025-02-20 03:00:00,26.34,75.62,Thursday,0,0,3,14.38,0.0,0.71,0.14,0,0.49
2025-02-20 04:00:00,24.73,86.19,Thursday,0,0,1,11.01,0.0,0.24,0.1,0,0.491
2025-02-20 05:00:00,24.09,81.32,Thursday,0,0,1,9.17,0.0,1.0,0.09,0,0.469
2025-02-20 06:00:00,22.28,78.01,Thursday,0,0,4,11.25,0.0,0.83,0.09,0,0.417
2025-02-20 07:00:00,22.05,80.6,Thursday,0,0,3,8.75,0.0,0.86,0.07,0,0.287
2025-02-20 08:00:00,20.62,82.26,Thursday,0,0,0,0.0,0.0,0.0,0.0,0,0.246
2025-02-20 09:00:00,26.39,73.1,Thursday,0,0,3,6.79,0.0,0.73,0.0,0,0.603
2025-02-20 10:00:00,21.3,76.76,Thursday,0,0,0,0.0,0.0,0.0,0.0,0,0.265
2025-02-20 11:00:00,22.77,83.51,Thursday,0,0,0,0.0,0.0,0.0,0.0,0,0.195
2025-02-20 12:00:00,23.35,83.71,Thursday,0,0,2,4.86,0.0,0.38,0.13,0,0.439
2025-02-20 13:00:00,26.98,79.24,Thursday,0,0,0,0.0,0.0,0.0,0.0,0,0.367
2025-02-20 14:00:00,25.61,85.03,Thursday,0,0,0,0.0,0.0,0.0,0.0,0,0.306
2025-02-20 15:00:00,29.16,71.54,Thursday,0,0,0,0.0,0.0,0.0,0.0,0,0.179
2025-02-20 16:00:00,26.43,85.08,Thursday,0,0,0,0.0,0.0,0.0,0.0,0,0.235
2025-02-20 17:00:00,28.77,70.11,Thursday,0,0,2,6.96,0.3,1.0,0.08,0,0.41
2025-02-20 18:00:00,27.24,70.92,Thursday,0,0,2,11.32,1.0,0.44,0.32,0,1.232
2025-02-20 19:00:00,32.9,62.09,Thursday,0,0,4,12.97,0.76,0.62,0.94,0,1.816
2025-02-20 20:00:00,27.0,73.97,Thursday,0,1,3,8.5,0.25,0.52,0.74,0,1.06
2025-02-20 21:00:00,29.6,71.34,Thursday,0,0,1,14.2,0.8,1.0,0.71,0,2.234
2025-02-20 22:00:00,29.88,76.24,Thursday,0,0,3,14.0,0.37,0.81,0.33,0,0.983
2025-02-20 23:00:00,29.01,75.61,Thursday,0,0,1,14.94,0.88,0.4,0.37,0,0.886
2025-02-21 00:00:00,27.31,69.96,Friday,0,0,2,15.2,0.32,0.47,0.06,0,1.033
2025-02-21 01:00:00,26.68,74.52,Friday,0,0,1,13.69,0.0,0.78,0.02,0,0.494
2025-02-21 02:00:00,26.22,75.04,Friday,0,0,2,15.31,0.0,0.41,0.05,0,0.562
2025-02-21 03:00:00,25.1,69.03,Friday,0,0,0,0.0,0.0,0.0,0.0,0,0.311
2025-02-21 04:00:00,26.38,71.86,Friday,0,0,0,0.0,0.0,0.0,0.0,0,0.348
2025-02-21 05:00:00,28.0,71.45,Friday,0,0,1,12.75,0.5,0.83,0.07,0,1.324
2025-02-21 06:00:00,22.54,87.38,Friday,0,0,4,8.69,0.0,0.49,0.02,0,0.544
2025-02-21 07:00:00,20.78,82.76,Friday,0,0,2,7.43,0.0,0.42,0.05,0,0.348
2025-02-21 08:00:00,22.98,83.13,Friday,0,0,2,7.67,0.0,0.84,0.05,0,0.58
2025-02-21 09:00:00,27.89,67.91,Friday,0,0,0,0.0,0.0,0.0,0.0,0,0.155
2025-02-21 10:00:00,22.1,86.58,Friday,0,0,0,0.0,0.0,0.0,0.0,0,0.305
2025-02-21 11:00:00,26.97,82.73,Friday,0,0,0,0.0,0.0,0.0,0.0,0,0.395
2025-02-21 12:00:00,27.66,65.61,Friday,0,0,0,0.0,0.0,0.0,0.0,0,0.148
2025-02-21 13:00:00,24.37,75.04,Friday,0,0,0,0.0,0.0,0.0,0.0,0,0.229
2025-02-21 14:00:00,27.17,78.53,Friday,0,0,1,6.46,0.64,1.0,0.06,0,1.823
2025-02-21 15:00:00,29.85,76.86,Friday,0,0,0,0.0,0.0,0.0,0.0,0,0.279
2025-02-21 16:00:00,26.96,72.84,Friday,0,0,0,0.0,0.0,0.0,0.0,0,0.405
2025-02-21 17:00:00,27.9,73.87,Friday,0,0,0,0.0,0.0,0.0,0.0,0,0.285
2025-02-21 18:00:00,27.69,72.59,Friday,0,0,1,5.2,0.82,0.86,0.78,0,1.757
2025-02-21 19:00:00,27.21,76.56,Friday,0,0,3,14.1,0.51,0.78,0.47,1,1.694
2025-02-21 20:00:00,27.97,81.31,Friday,0,0,0,0.0,0.0,0.0,0.0,0,0.205
2025-02-21 21:00:00,26.84,72.49,Friday,0,0,2,13.81,0.0,0.44,0.55,0,0.805
2025-02-21 22:00:00,28.8,79.58,Friday,0,0,2,16.0,0.72,0.99,0.58,0,1.411
2025-02-21 23:00:00,26.88,72.4,Friday,0,0,4,13.72,0.0,0.76,0.88,0,0.655
2025-02-22 00:00:00,28.06,71.01,Saturday,1,0,3,16.0,0.35,1.0,0.19,0,0.827
2025-02-22 01:00:00,24.12,82.89,Saturday,1,0,2,15.94,0.0,1.0,0.04,0,0.878
2025-02-22 02:00:00,26.74,81.05,Saturday,1,0,0,0.0,0.0,0.0,0.0,0,0.383
2025-02-22 03:00:00,26.87,80.58,Saturday,1,0,3,14.5,0.0,1.0,0.15,0,0.423
2025-02-22 04:00:00,21.05,74.97,Saturday,1,0,0,0.0,0.0,0.0,0.0,0,0.288
2025-02-22 05:00:00,24.69,75.95,Saturday,1,0,2,8.82,0.0,1.0,0.08,0,0.62
2025-02-22 06:00:00,25.75,81.44,Saturday,1,0,4,8.23,0.0,1.0,0.14,0,0.7
2025-02-22 07:00:00,21.07,81.75,Saturday,1,0,4,10.34,0.0,0.46,0.04,0,0.229
2025-02-22 08:00:00,26.15,71.59,Saturday,1,0,3,6.1,0.0,0.82,0.19,0,0.573
2025-02-22 09:00:00,24.0,81.19,Saturday,1,0,1,3.98,0.0,0.4,0.14,0,0.317
2025-02-22 10:00:00,22.27,76.88,Saturday,1,0,4,5.55,0.0,0.62,0.02,1,0.904
2025-02-22 11:00:00,23.92,87.94,Saturday,1,0,2,6.03,0.0,0.63,0.18,0,0.388
2025-02-22 12:00:00,25.65,85.14,Saturday,1,0,0,0.0,0.0,0.0,0.0,0,0.31
2025-02-22 13:00:00,25.5,80.57,Saturday,1,0,3,6.08,0.0,0.69,0.07,0,0.743
2025-02-22 14:00:00,27.11,82.9,Saturday,1,0,3,7.4,0.62,0.71,0.11,0,1.233
2025-02-22 15:00:00,25.26,78.09,Saturday,1,1,2,7.32,0.0,1.0,0.2,0,0.54
2025-02-22 16:00:00,27.95,79.18,Saturday,1,0,4,7.27,0.56,0.97,0.09,0,0.908
2025-02-22 17:00:00,25.72,84.74,Saturday,1,0,4,7.89,0.0,0.82,0.13,1,1.187
2025-02-22 18:00:00,28.54,76.04,Saturday,1,0,1,11.16,0.6,0.94,0.41,0,1.601
2025-02-22 19:00:00,27.41,74.55,Saturday,1,0,0,0.0,0.0,0.0,0.0,0,0.139
2025-02-22 20:00:00,27.82,66.94,Saturday,1,0,4,11.21,0.66,1.0,0.64,0,1.248
2025-02-22 21:00:00,31.26,71.95,Saturday,1,0,1,15.49,0.74,0.7,0.36,0,1.965
2025-02-22 22:00:00,30.7,76.98,Saturday,1,0,2,14.72,0.58,0.56,0.58,0,0.574
2025-02-22 23:00:00,29.36,78.8,Saturday,1,0,2,15.81,0.6,0.8,1.0,0,1.277
2025-02-23 00:00:00,25.68,79.91,Sunday,1,0,2,14.41,0.0,0.51,0.16,0,0.571
2025-02-23 01:00:00,26.35,74.08,Sunday,1,0,3,16.0,0.0,0.66,0.07,0,0.318
2025-02-23 02:00:00,28.33,65.12,Sunday,1,1,3,11.95,0.86,0.86,0.2,0,1.427
2025-02-23 03:00:00,25.62,74.97,Sunday,1,0,4,16.0,0.0,0.62,0.08,0,0.522
2025-02-23 04:00:00,28.82,73.04,Sunday,1,0,4,9.59,0.7,0.69,0.16,0,1.915
2025-02-23 05:00:00,24.73,76.68,Sunday,1,0,2,9.23,0.0,0.68,0.05,0,0.347
2025-02-23 06:00:00,23.89,82.09,Sunday,1,0,2,10.38,0.0,0.64,0.07,0,0.605
2025-02-23 07:00:00,22.69,90.01,Sunday,1,0,2,7.91,0.0,0.48,0.14,0,0.493
2025-02-23 08:00:00,23.38,80.07,Sunday,1,0,0,0.0,0.0,0.0,0.0,0,0.377
2025-02-23 09:00:00,22.97,78.74,Sunday,1,0,2,5.67,0.0,1.0,0.02,0,0.731
2025-02-23 10:00:00,24.82,76.87,Sunday,1,0,0,0.0,0.0,0.0,0.0,0,0.303
2025-02-23 11:00:00,25.74,77.95,Sunday,1,0,1,5.65,0.0,0.99,0.05,0,0.455
2025-02-23 12:00:00,23.23,75.45,Sunday,1,0,1,4.93,0.0,0.65,0.01,0,0.143
2025-02-23 13:00:00,22.97,80.43,Sunday,1,0,4,6.5,0.0,0.79,0.19,0,0.342
2025-02-23 14:00:00,22.84,82.2,Sunday,1,1,3,5.79,0.0,0.56,0.06,0,0.254
2025-02-23 15:00:00,27.83,76.5,Sunday,1,0,1,5.84,0.35,0.72,0.14,0,0.706
2025-02-23 16:00:00,25.66,79.7,Sunday,1,0,2,8.66,0.0,0.74,0.08,0,0.606
2025-02-23 17:00:00,24.39,80.72,Sunday,1,0,1,5.96,0.0,0.4,0.2,0,0.175
2025-02-23 18:00:00,29.44,65.15,Sunday,1,0,1,6.13,0.61,0.78,0.36,0,1.184
2025-02-23 19:00:00,33.53,73.51,Sunday,1,0,2,8.91,0.33,0.62,0.49,0,0.636
2025-02-23 20:00:00,29.13,70.93,Sunday,1,0,2,11.98,0.73,0.82,0.37,0,0.792
2025-02-23 21:00:00,30.55,67.53,Sunday,1,0,0,0.0,0.0,0.0,0.0,0,0.35
2025-02-23 22:00:00,28.89,68.98,Sunday,1,0,2,10.32,0.77,0.84,0.74,0,1.658
2025-02-23 23:00:00,28.08,77.39,Sunday,1,0,2,14.81,0.3,0.92,0.43,0,1.43
2025-02-24 00:00:00,29.3,73.02,Monday,0,0,2,14.47,0.44,0.44,0.17,0,1.513
2025-02-24 01:00:00,26.4,68.33,Monday,0,0,3,15.04,0.0,0.67,0.06,0,0.318
2025-02-24 02:00:00,26.62,78.93,Monday,0,1,2,11.47,0.0,0.59,0.16,0,0.259
2025-02-24 03:00:00,25.94,69.95,Monday,0,0,2,16.0,0.0,1.0,0.1,0,0.883
2025-02-24 04:00:00,23.44,80.1,Monday,0,0,3,12.55,0.0,1.0,0.02,0,0.485
2025-02-24 05:00:00,25.81,78.47,Monday,0,0,4,9.47,0.0,0.76,0.06,0,0.319
2025-02-24 06:00:00,23.23,84.02,Monday,0,0,3,10.19,0.0,0.85,0.16,0,0.515
2025-02-24 07:00:00,21.88,89.71,Monday,0,0,2,10.95,0.0,0.38,0.08,0,0.49
2025-02-24 08:00:00,24.11,71.98,Monday,0,0,2,5.57,0.0,0.83,0.02,0,0.317
2025-02-24 09:00:00,21.63,80.77,Monday,0,0,0,0.0,0.0,0.0,0.0,0,0.172
2025-02-24 10:00:00,23.59,77.88,Monday,0,0,3,5.49,0.0,1.0,0.17,0,0.506
2025-02-24 11:00:00,24.0,81.07,Monday,0,1,3,5.12,0.0,0.69,0.03,0,0.41
2025-02-24 12:00:00,26.6,77.64,Monday,0,0,0,0.0,0.0,0.0,0.0,0,0.266
2025-02-24 13:00:00,26.22,75.14,Monday,0,0,0,0.0,0.0,0.0,0.0,0,0.3
2025-02-24 14:00:00,26.1,74.81,Monday,0,0,0,0.0,0.0,0.0,0.0,0,0.283
2025-02-24 15:00:00,28.39,69.37,Monday,0,0,0,0.0,0.0,0.0,0.0,0,0.324
2025-02-24 16:00:00,30.14,78.31,Monday,0,0,0,0.0,0.0,0.0,0.0,0,0.248
2025-02-24 17:00:00,29.27,76.46,Monday,0,0,2,7.51,0.56,0.91,0.07,0,1.532
2025-02-24 18:00:00,28.76,79.21,Monday,0,0,1,11.17,0.42,0.72,0.68,0,1.009
2025-02-24 19:00:00,26.68,74.94,Monday,0,0,3,12.2,0.0,0.91,0.97,0,0.681
2025-02-24 20:00:00,27.22,72.71,Monday,0,0,1,14.39,0.99,1.0,0.36,0,1.163
2025-02-24 21:00:00,28.49,69.47,Monday,0,0,2,14.37,0.22,0.46,0.67,0,1.247
2025-02-24 22:00:00,27.64,77.42,Monday,0,0,2,13.39,0.47,0.59,0.96,0,0.669
2025-02-24 23:00:00,27.93,70.17,Monday,0,0,2,14.53,0.81,1.0,0.41,0,1.667
2025-02-25 00:00:00,27.74,84.77,Tuesday,0,0,0,0.0,0.0,0.0,0.0,0,0.2
2025-02-25 01:00:00,27.87,68.88,Tuesday,0,0,2,15.77,0.75,0.92,0.16,0,1.591
2025-02-25 02:00:00,26.01,78.46,Tuesday,0,0,1,13.39,0.0,1.0,0.02,0,0.738
2025-02-25 03:00:00,26.24,84.72,Tuesday,0,0,2,15.37,0.0,0.75,0.07,0,0.259
2025-02-25 04:00:00,24.76,81.21,Tuesday,0,0,2,13.4,0.0,0.92,0.02,0,0.473
2025-02-25 05:00:00,20.46,82.96,Tuesday,0,0,3,14.2,0.0,0.68,0.16,0,0.261
2025-02-25 06:00:00,21.85,75.99,Tuesday,0,0,2,10.63,0.0,1.0,0.1,0,0.754
2025-02-25 07:00:00,22.98,72.91,Tuesday,0,0,2,9.31,0.0,0.64,0.13,0,0.422
2025-02-25 08:00:00,20.96,85.48,Tuesday,0,0,0,0.0,0.0,0.0,0.0,0,0.11
2025-02-25 09:00:00,24.32,86.14,Tuesday,0,0,0,0.0,0.0,0.0,0.0,0,0.146
2025-02-25 10:00:00,26.3,74.64,Tuesday,0,0,0,0.0,0.0,0.0,0.0,0,0.431
2025-02-25 11:00:00,26.21,71.21,Tuesday,0,0,0,0.0,0.0,0.0,0.0,0,0.426
2025-02-25 12:00:00,24.26,66.38,Tuesday,0,0,0,0.0,0.0,0.0,0.0,0,0.344
2025-02-25 13:00:00,28.05,70.35,Tuesday,0,0,0,0.0,0.0,0.0,0.0,0,0.223
2025-02-25 14:00:00,26.41,76.16,Tuesday,0,0,0,0.0,0.0,0.0,0.0,0,0.227
2025-02-25 15:00:00,26.31,84.82,Tuesday,0,0,3,7.02,0.0,0.6,0.17,0,0.669
2025-02-25 16:00:00,26.54,79.98,Tuesday,0,0,0,0.0,0.0,0.0,0.0,0,0.125
2025-02-25 17:00:00,27.72,77.08,Tuesday,0,0,2,9.46,0.74,0.7,0.08,0,1.194
2025-02-25 18:00:00,28.04,73.26,Tuesday,0,0,2,8.89,0.89,0.38,0.55,0,1.158
2025-02-25 19:00:00,29.35,71.17,Tuesday,0,0,2,10.91,0.54,0.64,0.35,1,1.178
2025-02-25 20:00:00,29.43,81.04,Tuesday,0,0,3,13.45,0.58,0.7,0.68,1,2.573
2025-02-25 21:00:00,29.04,75.36,Tuesday,0,0,1,13.72,0.51,0.88,0.99,0,1.623
2025-02-25 22:00:00,29.53,63.41,Tuesday,0,0,3,16.0,0.75,0.82,0.57,0,1.835
2025-02-25 23:00:00,30.41,69.77,Tuesday,0,0,3,14.11,0.59,1.0,0.31,0,1.502
2025-02-26 00:00:00,29.35,69.79,Wednesday,0,0,2,14.15,0.6,0.51,0.15,0,1.798
2025-02-26 01:00:00,24.25,75.95,Wednesday,0,0,1,16.0,0.0,0.89,0.14,0,0.76
2025-02-26 02:00:00,21.54,83.92,Wednesday,0,0,1,13.78,0.0,0.91,0.03,0,0.488
2025-02-26 03:00:00,27.05,75.62,Wednesday,0,0,0,0.0,0.0,0.0,0.0,0,0.256
2025-02-26 04:00:00,22.18,80.15,Wednesday,0,0,1,13.07,0.0,0.68,0.14,0,0.354
2025-02-26 05:00:00,23.62,85.81,Wednesday,0,0,2,11.05,0.0,0.58,0.07,0,0.793
2025-02-26 06:00:00,21.44,77.72,Wednesday,0,0,2,9.53,0.0,0.74,0.07,0,0.34
2025-02-26 07:00:00,20.0,91.82,Wednesday,0,0,2,7.67,0.0,0.3,0.1,0,0.271
2025-02-26 08:00:00,24.12,75.44,Wednesday,0,0,2,9.54,0.0,0.52,0.01,1,0.916
2025-02-26 09:00:00,24.61,78.8,Wednesday,0,0,0,0.0,0.0,0.0,0.0,0,0.221
2025-02-26 10:00:00,22.51,78.84,Wednesday,0,0,2,4.83,0.0,0.88,0.01,0,0.491
2025-02-26 11:00:00,19.36,83.7,Wednesday,0,0,0,0.0,0.0,0.0,0.0,0,0.335
2025-02-26 12:00:00,23.66,81.43,Wednesday,0,0,0,0.0,0.0,0.0,0.0,0,0.179
2025-02-26 13:00:00,26.07,79.21,Wednesday,0,0,0,0.0,0.0,0.0,0.0,0,0.2
2025-02-26 14:00:00,23.48,75.6,Wednesday,0,0,2,5.42,0.0,0.38,0.03,0,0.406
2025-02-26 15:00:00,27.25,70.36,Wednesday,0,0,4,5.17,0.55,0.99,0.15,0,0.744
2025-02-26 16:00:00,27.61,88.16,Wednesday,0,0,2,10.38,0.62,0.98,0.2,0,1.268
2025-02-26 17:00:00,29.31,71.71,Wednesday,0,0,0,0.0,0.0,0.0,0.0,0,0.269
2025-02-26 18:00:00,28.95,77.94,Wednesday,0,1,3,9.84,0.69,1.0,0.91,0,1.632
2025-02-26 19:00:00,27.29,67.9,Wednesday,0,0,2,11.4,0.91,1.0,0.42,0,0.802
2025-02-26 20:00:00,31.3,70.94,Wednesday,0,0,0,0.0,0.0,0.0,0.0,0,0.175
2025-02-26 21:00:00,28.75,73.99,Wednesday,0,0,1,13.47,0.65,0.65,0.54,0,1.974
2025-02-26 22:00:00,28.69,77.04,Wednesday,0,0,3,15.47,0.62,0.95,0.4,0,0.956
2025-02-26 23:00:00,26.58,62.96,Wednesday,0,0,2,16.0,0.0,0.06,0.71,0,0.603
2025-02-27 00:00:00,26.84,77.17,Thursday,0,0,2,14.46,0.0,0.69,0.0,0,0.572
2025-02-27 01:00:00,25.33,71.96,Thursday,0,0,0,0.0,0.0,0.0,0.0,0,0.27
2025-02-27 02:00:00,25.83,78.87,Thursday,0,1,2,16.0,0.0,0.66,0.18,0,0.317
2025-02-27 03:00:00,28.45,69.72,Thursday,0,0,1,13.59,0.07,0.93,0.11,0,0.718
2025-02-27 04:00:00,22.17,76.27,Thursday,0,0,3,13.58,0.0,0.25,0.04,0,0.391
2025-02-27 05:00:00,21.12,80.13,Thursday,0,0,2,11.93,0.0,0.82,0.19,0,0.599
2025-02-27 06:00:00,26.19,71.67,Thursday,0,0,2,9.0,0.0,0.63,0.06,0,0.414
2025-02-27 07:00:00,22.87,77.54,Thursday,0,0,2,7.33,0.0,0.69,0.07,0,0.333
2025-02-27 08:00:00,21.94,74.79,Thursday,0,0,1,9.09,0.0,0.51,0.07,0,0.339
2025-02-27 09:00:00,25.12,68.73,Thursday,0,0,0,0.0,0.0,0.0,0.0,0,0.225
2025-02-27 10:00:00,22.45,85.38,Thursday,0,0,0,0.0,0.0,0.0,0.0,0,0.174
2025-02-27 11:00:00,27.31,69.44,Thursday,0,0,1,3.08,0.53,0.79,0.06,0,0.977
2025-02-27 12:00:00,25.86,76.33,Thursday,0,0,2,6.59,0.0,1.0,0.09,0,0.429
2025-02-27 13:00:00,24.49,82.23,Thursday,0,0,0,0.0,0.0,0.0,0.0,0,0.105
2025-02-27 14:00:00,30.02,70.4,Thursday,0,0,0,0.0,0.0,0.0,0.0,0,0.221
2025-02-27 15:00:00,25.83,73.13,Thursday,0,0,3,10.61,0.0,0.58,0.19,0,0.408
2025-02-27 16:00:00,28.98,75.55,Thursday,0,0,0,0.0,0.0,0.0,0.0,0,0.275
2025-02-27 17:00:00,28.8,80.17,Thursday,0,0,3,9.0,0.05,0.83,0.16,0,0.226
2025-02-27 18:00:00,31.08,66.68,Thursday,0,0,1,12.25,0.77,0.68,0.78,0,1.989
2025-02-27 19:00:00,31.85,71.08,Thursday,0,0,2,10.33,0.49,1.0,0.98,0,1.642
2025-02-27 20:00:00,29.2,65.56,Thursday,0,0,2,12.09,0.61,1.0,0.98,0,1.613
2025-02-27 21:00:00,27.68,73.62,Thursday,0,0,3,14.23,0.62,0.71,0.64,0,1.472
2025-02-27 22:00:00,29.57,74.06,Thursday,0,0,1,13.29,0.8,0.36,0.76,0,0.949
2025-02-27 23:00:00,27.04,71.89,Thursday,0,0,2,12.9,0.16,0.68,0.41,0,0.736
2025-02-28 00:00:00,31.27,70.08,Friday,0,0,1,13.59,0.64,1.0,0.0,0,0.914
2025-02-28 01:00:00,27.16,69.01,Friday,0,0,2,14.53,0.7,0.53,0.1,0,2.338
2025-02-28 02:00:00,25.48,77.95,Friday,0,0,2,15.03,0.0,1.0,0.13,0,0.447
2025-02-28 03:00:00,25.7,82.65,Friday,0,0,3,13.03,0.0,0.9,0.08,0,0.61
2025-02-28 04:00:00,22.22,75.02,Friday,0,0,1,10.04,0.0,0.46,0.03,0,0.229
2025-02-28 05:00:00,22.27,77.34,Friday,0,0,1,12.0,0.0,0.58,0.05,0,0.276
2025-02-28 06:00:00,25.7,79.88,Friday,0,0,2,11.91,0.0,0.62,0.14,0,0.357
2025-02-28 07:00:00,22.06,86.71,Friday,0,1,4,7.72,0.0,0.55,0.1,0,0.452
2025-02-28 08:00:00,21.26,73.9,Friday,0,0,2,9.99,0.0,0.46,0.1,1,1.109
2025-02-28 09:00:00,24.21,77.87,Friday,0,0,0,0.0,0.0,0.0,0.0,0,0.301
2025-02-28 10:00:00,25.68,78.81,Friday,0,0,0,0.0,0.0,0.0,0.0,0,0.179
2025-02-28 11:00:00,25.31,77.21,Friday,0,0,1,4.2,0.0,1.0,0.08,0,0.566
2025-02-28 12:00:00,26.43,64.33,Friday,0,0,3,4.53,0.0,0.86,0.18,0,0.31
2025-02-28 13:00:00,24.0,81.4,Friday,0,0,0,0.0,0.0,0.0,0.0,0,0.359
2025-02-28 14:00:00,23.58,86.87,Friday,0,1,1,2.01,0.0,0.84,0.12,0,0.703
2025-02-28 15:00:00,29.62,74.42,Friday,0,1,1,5.33,0.55,0.55,0.19,0,1.379
2025-02-28 16:00:00,27.06,70.99,Friday,0,0,0,0.0,0.0,0.0,0.0,0,0.317
2025-02-28 17:00:00,27.81,72.9,Friday,0,0,1,11.54,0.52,0.64,0.01,0,0.625
2025-02-28 18:00:00,31.13,81.33,Friday,0,0,3,10.34,0.51,0.67,0.62,0,2.463
2025-02-28 19:00:00,30.04,78.01,Friday,0,0,1,10.1,0.92,0.84,0.74,1,2.587
2025-02-28 20:00:00,29.96,76.73,Friday,0,0,3,11.84,0.62,1.0,0.62,0,1.966
2025-02-28 21:00:00,32.94,72.64,Friday,0,0,3,14.17,0.68,0.61,0.6,0,1.24
2025-02-28 22:00:00,27.58,72.37,Friday,0,0,2,13.76,0.67,0.34,0.86,0,1.357
2025-02-28 23:00:00,29.93,72.56,Friday,0,0,2,13.95,0.94,0.82,0.95,0,1.117
2025-03-01 00:00:00,30.72,72.46,Saturday,1,0,4,14.17,0.57,0.92,0.01,0,1.262
2025-03-01 01:00:00,30.38,75.9,Saturday,1,0,2,15.55,0.6,0.64,0.11,0,1.444
2025-03-01 02:00:00,31.87,79.36,Saturday,1,0,4,12.26,0.48,0.6,0.03,0,1.337
2025-03-01 03:00:00,29.26,79.76,Saturday,1,0,1,11.91,0.54,0.43,0.09,0,1.679
2025-03-01 04:00:00,28.59,67.67,Saturday,1,0,2,11.11,0.78,0.83,0.13,0,1.731
2025-03-01 05:00:00,28.93,75.58,Saturday,1,0,0,0.0,0.0,0.0,0.0,0,0.255
2025-03-01 06:00:00,25.87,80.9,Saturday,1,0,1,8.76,0.0,1.0,0.19,0,0.561
2025-03-01 07:00:00,24.71,81.35,Saturday,1,0,2,10.05,0.0,0.83,0.12,0,0.705
2025-03-01 08:00:00,24.24,75.54,Saturday,1,0,1,9.05,0.0,0.65,0.19,0,0.357
2025-03-01 09:00:00,22.68,94.65,Saturday,1,0,0,0.0,0.0,0.0,0.0,0,0.441
2025-03-01 10:00:00,30.22,66.91,Saturday,1,0,3,5.99,0.53,0.67,0.0,0,0.468
2025-03-01 11:00:00,25.01,72.57,Saturday,1,0,0,0.0,0.0,0.0,0.0,0,0.119
2025-03-01 12:00:00,27.22,77.17,Saturday,1,0,0,0.0,0.0,0.0,0.0,0,0.312
2025-03-01 13:00:00,27.85,86.02,Saturday,1,0,3,5.39,0.55,1.0,0.15,0,1.108
2025-03-01 14:00:00,29.68,69.61,Saturday,1,0,2,6.12,0.58,0.7,0.04,0,2.414
2025-03-01 15:00:00,31.37,70.94,Saturday,1,0,3,5.45,0.8,0.7,0.15,0,2.813
2025-03-01 16:00:00,32.17,76.93,Saturday,1,0,2,5.89,0.73,0.68,0.11,0,0.768
2025-03-01 17:00:00,30.19,73.24,Saturday,1,0,3,6.8,1.0,0.95,0.04,0,1.218
2025-03-01 18:00:00,31.42,70.55,Saturday,1,0,2,10.25,0.88,0.96,0.47,0,1.789
2025-03-01 19:00:00,32.53,74.05,Saturday,1,0,2,11.42,0.46,0.48,0.86,0,1.908
2025-03-01 20:00:00,31.67,73.36,Saturday,1,0,1,14.29,0.55,0.71,0.61,0,1.811
2025-03-01 21:00:00,34.91,74.23,Saturday,1,1,2,12.33,0.31,1.0,0.99,0,1.221
2025-03-01 22:00:00,32.6,77.61,Saturday,1,0,1,13.9,0.41,0.67,0.77,0,0.679
2025-03-01 23:00:00,32.57,72.73,Saturday,1,0,2,14.86,0.97,1.0,0.82,0,1.541
2025-03-02 00:00:00,31.81,73.33,Sunday,1,0,2,14.18,0.58,0.92,0.12,0,0.219
2025-03-02 01:00:00,32.01,72.76,Sunday,1,0,3,16.0,0.3,1.0,0.11,0,0.485
2025-03-02 02:00:00,29.45,76.44,Sunday,1,0,1,16.0,0.16,0.67,0.08,0,0.745
2025-03-02 03:00:00,26.01,77.37,Sunday,1,0,2,11.88,0.0,0.93,0.19,0,0.666
2025-03-02 04:00:00,28.34,74.99,Sunday,1,0,1,11.81,0.45,0.93,0.19,0,0.644
2025-03-02 05:00:00,25.83,83.24,Sunday,1,0,2,13.28,0.0,1.0,0.0,0,0.672
2025-03-02 06:00:00,25.57,85.07,Sunday,1,0,0,0.0,0.0,0.0,0.0,0,0.386
2025-03-02 07:00:00,27.28,68.41,Sunday,1,0,3,8.88,0.82,1.0,0.17,0,1.548
2025-03-02 08:00:00,28.35,75.03,Sunday,1,0,0,0.0,0.0,0.0,0.0,0,0.298
2025-03-02 09:00:00,26.26,73.42,Sunday,1,0,4,7.45,0.0,0.74,0.06,0,0.497
2025-03-02 10:00:00,27.08,74.57,Sunday,1,0,0,0.0,0.0,0.0,0.0,0,0.303
2025-03-02 11:00:00,30.06,75.45,Sunday,1,0,2,5.49,0.76,0.68,0.17,1,2.16
2025-03-02 12:00:00,28.06,78.6,Sunday,1,0,1,5.01,0.52,0.54,0.03,0,0.901
2025-03-02 13:00:00,33.03,70.21,Sunday,1,0,2,7.19,0.9,0.83,0.12,0,1.531
2025-03-02 14:00:00,30.14,63.81,Sunday,1,0,0,0.0,0.0,0.0,0.0,0,0.349
2025-03-02 15:00:00,26.73,71.62,Sunday,1,0,2,6.47,0.0,0.89,0.08,0,0.381
2025-03-02 16:00:00,31.98,76.2,Sunday,1,0,1,9.83,0.41,0.95,0.0,0,1.355
2025-03-02 17:00:00,31.93,58.06,Sunday,1,0,4,9.19,0.94,0.77,0.19,1,2.976
2025-03-02 18:00:00,34.04,75.8,Sunday,1,0,2,9.9,0.59,0.71,0.6,0,1.914
2025-03-02 19:00:00,33.23,73.2,Sunday,1,0,3,12.24,0.41,0.46,0.47,0,1.89
2025-03-02 20:00:00,31.87,78.4,Sunday,1,0,0,0.0,0.0,0.0,0.0,0,0.413
2025-03-02 21:00:00,29.82,72.67,Sunday,1,0,3,12.43,0.69,0.37,0.72,0,2.17
2025-03-02 22:00:00,31.34,61.98,Sunday,1,0,3,14.7,0.38,0.58,0.62,0,1.332
2025-03-02 23:00:00,29.71,75.91,Sunday,1,0,0,0.0,0.0,0.0,0.0,0,0.233
2025-03-03 00:00:00,29.58,80.25,Monday,0,0,3,16.0,0.62,0.44,0.12,0,2.334
2025-03-03 01:00:00,30.96,77.26,Monday,0,0,2,15.19,0.52,0.54,0.12,0,0.954
2025-03-03 02:00:00,32.13,68.27,Monday,0,0,0,0.0,0.0,0.0,0.0,0,0.265
2025-03-03 03:00:00,29.06,74.78,Monday,0,0,0,0.0,0.0,0.0,0.0,0,0.256
2025-03-03 04:00:00,25.47,74.91,Monday,0,0,2,13.64,0.0,0.74,0.07,0,0.547
2025-03-03 05:00:00,27.8,71.38,Monday,0,0,0,0.0,0.0,0.0,0.0,0,0.277
2025-03-03 06:00:00,28.68,79.47,Monday,0,0,2,14.08,0.74,0.85,0.03,0,1.844
2025-03-03 07:00:00,25.13,71.9,Monday,0,0,2,6.52,0.0,1.0,0.16,0,0.433
2025-03-03 08:00:00,25.88,72.74,Monday,0,0,0,0.0,0.0,0.0,0.0,0,0.121
2025-03-03 09:00:00,26.25,71.35,Monday,0,0,3,5.73,0.0,0.31,0.15,0,0.547
2025-03-03 10:00:00,25.11,70.45,Monday,0,0,0,0.0,0.0,0.0,0.0,0,0.37
2025-03-03 11:00:00,28.17,75.88,Monday,0,0,0,0.0,0.0,0.0,0.0,0,0.181
2025-03-03 12:00:00,27.4,81.64,Monday,0,0,0,0.0,0.0,0.0,0.0,0,0.219
2025-03-03 13:00:00,29.1,73.39,Monday,0,0,0,0.0,0.0,0.0,0.0,0,0.214
2025-03-03 14:00:00,27.52,68.2,Monday,0,0,0,0.0,0.0,0.0,0.0,0,0.492
2025-03-03 15:00:00,29.11,78.5,Monday,0,0,0,0.0,0.0,0.0,0.0,0,0.28
2025-03-03 16:00:00,31.92,80.2,Monday,0,0,0,0.0,0.0,0.0,0.0,0,0.103
2025-03-03 17:00:00,30.57,69.75,Monday,0,0,3,9.15,0.64,0.97,0.06,0,1.094
2025-03-03 18:00:00,34.83,66.76,Monday,0,0,3,10.77,0.15,1.0,0.32,0,0.866
2025-03-03 19:00:00,31.3,74.91,Monday,0,0,2,8.7,0.84,0.59,0.67,0,0.768
2025-03-03 20:00:00,32.53,79.34,Monday,0,0,3,12.85,0.65,0.8,0.88,0,2.04
2025-03-03 21:00:00,33.7,67.57,Monday,0,0,3,15.17,0.31,0.91,0.71,0,0.851
2025-03-03 22:00:00,29.17,67.59,Monday,0,0,4,15.03,0.58,1.0,0.92,0,1.622
2025-03-03 23:00:00,28.07,78.39,Monday,0,0,0,0.0,0.0,0.0,0.0,0,0.279
2025-03-04 00:00:00,27.88,79.41,Tuesday,0,1,1,12.88,0.89,0.93,0.02,0,1.443
2025-03-04 01:00:00,32.17,71.58,Tuesday,0,0,1,15.59,0.88,1.0,0.06,0,2.782
2025-03-04 02:00:00,28.13,72.39,Tuesday,0,0,4,16.0,0.92,0.68,0.08,0,1.416
2025-03-04 03:00:00,32.95,75.82,Tuesday,0,0,2,14.53,0.74,0.77,0.19,0,1.251
2025-03-04 04:00:00,26.61,79.19,Tuesday,0,0,2,14.24,0.0,0.47,0.08,0,0.469
2025-03-04 05:00:00,27.33,72.06,Tuesday,0,0,2,12.69,0.42,0.49,0.02,0,1.249
2025-03-04 06:00:00,29.3,74.38,Tuesday,0,0,0,0.0,0.0,0.0,0.0,0,0.217
2025-03-04 07:00:00,29.83,66.89,Tuesday,0,0,4,8.84,0.63,1.0,0.09,0,0.95
2025-03-04 08:00:00,29.83,77.08,Tuesday,0,0,3,8.8,0.64,1.0,0.03,0,1.65
2025-03-04 09:00:00,28.4,73.63,Tuesday,0,0,0,0.0,0.0,0.0,0.0,0,0.319
2025-03-04 10:00:00,28.37,72.79,Tuesday,0,0,0,0.0,0.0,0.0,0.0,0,0.423
2025-03-04 11:00:00,28.07,75.08,Tuesday,0,0,2,7.06,0.14,0.87,0.14,0,0.656
2025-03-04 12:00:00,29.02,74.58,Tuesday,0,0,0,0.0,0.0,0.0,0.0,0,0.328
2025-03-04 13:00:00,27.35,80.36,Tuesday,0,0,0,0.0,0.0,0.0,0.0,0,0.235
2025-03-04 14:00:00,27.65,78.57,Tuesday,0,0,0,0.0,0.0,0.0,0.0,0,0.16
2025-03-04 15:00:00,29.89,72.82,Tuesday,0,0,0,0.0,0.0,0.0,0.0,0,0.278
2025-03-04 16:00:00,30.32,77.03,Tuesday,0,0,1,7.09,1.0,0.15,0.15,0,2.15
2025-03-04 17:00:00,30.43,75.12,Tuesday,0,0,1,9.4,0.1,0.85,0.0,0,0.345
2025-03-04 18:00:00,32.97,68.69,Tuesday,0,0,2,9.84,0.51,0.8,0.41,0,1.04
2025-03-04 19:00:00,33.74,69.51,Tuesday,0,0,0,0.0,0.0,0.0,0.0,0,0.152
2025-03-04 20:00:00,32.28,70.71,Tuesday,0,0,4,11.42,0.8,0.78,0.32,0,2.509
2025-03-04 21:00:00,34.68,71.82,Tuesday,0,0,3,16.0,0.28,0.67,0.78,0,0.874
2025-03-04 22:00:00,29.66,71.97,Tuesday,0,0,2,15.18,0.95,0.17,0.5,0,2.016
2025-03-04 23:00:00,30.89,70.74,Tuesday,0,0,1,11.68,0.92,0.83,0.88,0,1.348
2025-03-05 00:00:00,29.33,83.95,Wednesday,0,0,3,16.0,0.6,0.91,0.19,0,1.338
2025-03-05 01:00:00,26.54,81.31,Wednesday,0,0,2,13.1,0.0,0.61,0.05,0,0.449
2025-03-05 02:00:00,28.97,70.62,Wednesday,0,0,0,0.0,0.0,0.0,0.0,0,0.073
2025-03-05 03:00:00,28.13,78.04,Wednesday,0,0,2,15.47,0.71,0.34,0.14,0,1.407
2025-03-05 04:00:00,30.35,73.78,Wednesday,0,0,1,12.65,0.71,0.32,0.16,0,1.556
2025-03-05 05:00:00,28.14,77.14,Wednesday,0,0,1,9.8,0.53,0.77,0.12,0,0.376
2025-03-05 06:00:00,24.68,78.97,Wednesday,0,0,2,8.93,0.0,0.58,0.06,0,0.382
2025-03-05 07:00:00,29.56,79.84,Wednesday,0,0,2,9.65,0.73,0.99,0.11,0,1.246
2025-03-05 08:00:00,28.32,76.74,Wednesday,0,0,0,0.0,0.0,0.0,0.0,0,0.13
2025-03-05 09:00:00,27.27,75.64,Wednesday,0,0,2,5.59,0.42,1.0,0.01,0,0.9
2025-03-05 10:00:00,26.12,82.21,Wednesday,0,0,0,0.0,0.0,0.0,0.0,0,0.085
2025-03-05 11:00:00,25.27,78.92,Wednesday,0,0,0,0.0,0.0,0.0,0.0,0,0.336
2025-03-05 12:00:00,26.95,76.85,Wednesday,0,0,0,0.0,0.0,0.0,0.0,0,0.318
2025-03-05 13:00:00,30.31,74.8,Wednesday,0,0,0,0.0,0.0,0.0,0.0,0,0.14
2025-03-05 14:00:00,32.51,70.77,Wednesday,0,0,0,0.0,0.0,0.0,0.0,0,0.274
2025-03-05 15:00:00,32.68,71.14,Wednesday,0,0,1,5.3,0.77,1.0,0.09,0,2.316
2025-03-05 16:00:00,29.74,70.8,Wednesday,0,0,4,7.97,0.71,0.37,0.16,0,1.472
2025-03-05 17:00:00,29.23,70.44,Wednesday,0,0,2,10.0,0.15,0.68,0.1,0,0.442
2025-03-05 18:00:00,31.97,66.73,Wednesday,0,0,4,9.39,0.55,1.0,0.43,0,1.013
2025-03-05 19:00:00,28.84,67.59,Wednesday,0,0,0,0.0,0.0,0.0,0.0,0,0.311
2025-03-05 20:00:00,32.7,66.67,Wednesday,0,0,2,12.45,0.91,0.54,0.73,0,1.92
2025-03-05 21:00:00,31.75,71.05,Wednesday,0,0,1,16.0,0.89,0.58,0.35,0,2.122
2025-03-05 22:00:00,30.88,73.22,Wednesday,0,0,0,0.0,0.0,0.0,0.0,0,0.187
2025-03-05 23:00:00,28.37,73.61,Wednesday,0,0,2,14.09,0.21,0.22,0.51,0,1.111
2025-03-06 00:00:00,31.55,60.33,Thursday,0,0,0,0.0,0.0,0.0,0.0,0,0.195
2025-03-06 01:00:00,28.94,82.33,Thursday,0,0,1,14.85,0.66,0.59,0.18,0,1.657
2025-03-06 02:00:00,27.02,81.62,Thursday,0,0,2,11.22,0.47,1.0,0.19,0,0.969
2025-03-06 03:00:00,23.18,81.87,Thursday,0,0,4,11.46,0.0,0.84,0.15,0,0.419
2025-03-06 04:00:00,27.57,85.22,Thursday,0,0,0,0.0,0.0,0.0,0.0,0,0.229
2025-03-06 05:00:00,30.19,68.44,Thursday,0,0,0,0.0,0.0,0.0,0.0,0,0.211
2025-03-06 06:00:00,29.51,83.38,Thursday,0,0,3,10.75,0.1,1.0,0.04,0,0.545
2025-03-06 07:00:00,25.4,72.81,Thursday,0,0,1,7.54,0.0,1.0,0.04,0,0.501
2025-03-06 08:00:00,25.04,79.16,Thursday,0,0,3,9.27,0.0,0.81,0.12,0,0.623
2025-03-06 09:00:00,27.07,69.77,Thursday,0,0,0,0.0,0.0,0.0,0.0,0,0.201
2025-03-06 10:00:00,24.73,78.32,Thursday,0,0,4,3.21,0.0,0.79,0.18,0,0.424
2025-03-06 11:00:00,27.54,77.64,Thursday,0,0,0,0.0,0.0,0.0,0.0,0,0.261
2025-03-06 12:00:00,29.0,73.63,Thursday,0,0,0,0.0,0.0,0.0,0.0,0,0.247
2025-03-06 13:00:00,30.55,76.57,Thursday,0,0,2,3.26,0.52,1.0,0.01,0,1.496
2025-03-06 14:00:00,28.94,74.95,Thursday,0,0,0,0.0,0.0,0.0,0.0,0,0.171
2025-03-06 15:00:00,29.53,71.31,Thursday,0,0,0,0.0,0.0,0.0,0.0,0,0.251
2025-03-06 16:00:00,29.04,71.53,Thursday,0,0,3,8.52,0.38,0.76,0.01,0,0.759
2025-03-06 17:00:00,29.75,77.78,Thursday,0,0,3,12.24,0.98,0.93,0.11,0,1.945
2025-03-06 18:00:00,31.31,69.05,Thursday,0,0,3,11.34,0.69,0.39,0.68,0,1.988
2025-03-06 19:00:00,32.68,75.66,Thursday,0,1,4,14.9,0.58,0.68,0.64,0,0.113
2025-03-06 20:00:00,33.77,76.22,Thursday,0,0,4,12.53,0.96,0.55,0.48,0,2.355
2025-03-06 21:00:00,30.57,64.64,Thursday,0,0,0,0.0,0.0,0.0,0.0,0,0.253
2025-03-06 22:00:00,34.41,75.2,Thursday,0,0,1,13.48,0.74,0.77,0.52,0,0.472
2025-03-06 23:00:00,30.76,83.12,Thursday,0,0,3,14.05,0.63,1.0,0.7,0,1.646
2025-03-07 00:00:00,30.58,74.24,Friday,0,0,2,15.22,0.57,0.81,0.02,0,1.355
2025-03-07 01:00:00,28.55,77.8,Friday,0,0,4,13.96,0.75,0.83,0.15,0,1.682
2025-03-07 02:00:00,24.76,83.4,Friday,0,0,2,10.48,0.0,0.73,0.08,0,0.293
2025-03-07 03:00:00,29.94,72.18,Friday,0,0,2,12.54,0.0,0.69,0.18,0,0.835
2025-03-07 04:00:00,28.95,75.36,Friday,0,0,1,14.12,1.0,0.73,0.19,0,1.788
2025-03-07 05:00:00,26.49,70.08,Friday,0,0,3,11.4,0.0,0.59,0.02,0,0.369
2025-03-07 06:00:00,26.64,77.21,Friday,0,0,1,10.12,0.0,0.75,0.14,0,0.516
2025-03-07 07:00:00,27.15,78.55,Friday,0,0,4,7.56,0.22,0.34,0.16,0,0.866
2025-03-07 08:00:00,23.31,82.1,Friday,0,0,2,8.0,0.0,0.79,0.13,0,0.534
2025-03-07 09:00:00,25.27,83.08,Friday,0,0,0,0.0,0.0,0.0,0.0,0,0.395
2025-03-07 10:00:00,27.95,71.47,Friday,0,0,1,7.77,0.93,0.77,0.06,1,0.752
2025-03-07 11:00:00,24.74,75.57,Friday,0,0,0,0.0,0.0,0.0,0.0,0,0.359
2025-03-07 12:00:00,28.15,84.64,Friday,0,0,0,0.0,0.0,0.0,0.0,0,0.281
2025-03-07 13:00:00,25.9,76.44,Friday,0,0,0,0.0,0.0,0.0,0.0,0,0.184
2025-03-07 14:00:00,29.96,74.53,Friday,0,0,0,0.0,0.0,0.0,0.0,0,0.394
2025-03-07 15:00:00,29.83,73.31,Friday,0,0,1,4.24,0.61,0.59,0.02,0,0.904
2025-03-07 16:00:00,27.71,71.45,Friday,0,0,0,0.0,0.0,0.0,0.0,0,0.262
2025-03-07 17:00:00,33.34,78.61,Friday,0,0,3,6.57,0.13,0.73,0.13,0,0.939
2025-03-07 18:00:00,30.4,70.5,Friday,0,0,2,9.26,0.43,0.56,0.85,0,1.126
2025-03-07 19:00:00,30.56,67.36,Friday,0,1,3,12.65,0.71,0.79,0.62,0,1.845
2025-03-07 20:00:00,32.48,69.01,Friday,0,0,2,13.82,0.26,0.29,0.93,1,0.74
2025-03-07 21:00:00,34.09,59.81,Friday,0,0,2,14.05,0.74,0.77,0.62,0,1.067
2025-03-07 22:00:00,29.89,70.34,Friday,0,0,2,14.12,0.48,0.55,0.32,0,0.778
2025-03-07 23:00:00,31.35,67.44,Friday,0,0,2,16.0,0.46,0.67,0.79,0,1.259
2025-03-08 00:00:00,31.39,75.33,Saturday,1,0,4,15.05,0.78,1.0,0.14,0,3.744
2025-03-08 01:00:00,31.15,69.1,Saturday,1,0,1,14.7,0.69,0.63,0.1,0,1.575
2025-03-08 02:00:00,29.44,78.44,Saturday,1,0,1,13.57,0.37,0.95,0.19,0,1.019
2025-03-08 03:00:00,27.68,82.58,Saturday,1,0,1,16.0,0.93,1.0,0.12,0,1.648
2025-03-08 04:00:00,26.13,80.89,Saturday,1,0,2,13.58,0.0,0.96,0.07,0,0.669
2025-03-08 05:00:00,27.16,74.98,Saturday,1,0,1,9.74,0.15,0.84,0.04,0,0.85
2025-03-08 06:00:00,24.59,79.07,Saturday,1,0,2,8.27,0.0,0.47,0.04,0,0.275
2025-03-08 07:00:00,20.97,74.01,Saturday,1,0,0,0.0,0.0,0.0,0.0,0,0.333
2025-03-08 08:00:00,26.91,75.61,Saturday,1,0,1,7.35,0.0,0.46,0.09,0,0.407
2025-03-08 09:00:00,27.85,71.13,Saturday,1,0,2,4.22,0.0,0.66,0.19,0,0.475
2025-03-08 10:00:00,22.27,83.93,Saturday,1,0,0,0.0,0.0,0.0,0.0,0,0.146
2025-03-08 11:00:00,25.18,90.7,Saturday,1,0,1,6.77,0.0,0.52,0.06,0,0.186
2025-03-08 12:00:00,28.74,77.14,Saturday,1,0,1,6.34,0.63,0.89,0.16,0,1.387
2025-03-08 13:00:00,32.05,61.7,Saturday,1,0,2,7.41,0.66,0.63,0.19,0,0.527
2025-03-08 14:00:00,29.16,72.45,Saturday,1,0,1,3.46,0.9,0.66,0.13,0,1.845
2025-03-08 15:00:00,28.59,75.38,Saturday,1,0,3,4.96,0.25,0.36,0.1,0,0.799
2025-03-08 16:00:00,30.29,73.67,Saturday,1,0,0,0.0,0.0,0.0,0.0,0,0.269
2025-03-08 17:00:00,33.72,66.5,Saturday,1,0,2,11.17,0.73,0.73,0.02,1,2.367
2025-03-08 18:00:00,30.56,74.23,Saturday,1,0,3,10.09,0.24,0.6,0.89,1,1.628
2025-03-08 19:00:00,30.58,66.76,Saturday,1,0,1,14.03,0.82,0.85,0.53,0,1.892
2025-03-08 20:00:00,31.25,67.65,Saturday,1,0,1,13.44,1.0,0.78,0.59,0,1.679
2025-03-08 21:00:00,30.3,76.46,Saturday,1,0,1,13.37,0.73,0.9,0.68,0,1.628
2025-03-08 22:00:00,31.94,66.68,Saturday,1,0,3,15.19,0.79,0.91,0.89,0,3.33
2025-03-08 23:00:00,34.17,72.44,Saturday,1,0,0,0.0,0.0,0.0,0.0,0,0.33
2025-03-09 00:00:00,31.2,65.57,Sunday,1,0,1,11.92,0.5,1.0,0.01,0,1.459
2025-03-09 01:00:00,29.44,82.82,Sunday,1,0,3,15.22,0.4,0.78,0.2,0,1.226
2025-03-09 02:00:00,28.6,70.89,Sunday,1,0,3,14.35,0.75,0.51,0.14,0,1.123
2025-03-09 03:00:00,25.53,76.4,Sunday,1,0,4,16.0,0.0,0.64,0.14,0,0.539
2025-03-09 04:00:00,29.21,75.86,Sunday,1,0,2,10.43,0.51,0.65,0.0,0,1.118
2025-03-09 05:00:00,26.86,73.5,Sunday,1,0,3,11.85,0.0,0.52,0.02,0,0.712
2025-03-09 06:00:00,26.2,77.64,Sunday,1,0,2,11.04,0.0,0.12,0.14,0,0.279
2025-03-09 07:00:00,31.97,74.6,Sunday,1,0,3,9.22,0.63,0.81,0.02,0,0.321
2025-03-09 08:00:00,26.66,81.31,Sunday,1,0,1,9.15,0.0,0.76,0.18,0,0.333
2025-03-09 09:00:00,24.87,82.07,Sunday,1,0,1,5.52,0.0,1.0,0.12,0,0.526
2025-03-09 10:00:00,25.76,76.46,Sunday,1,0,3,6.92,0.0,1.0,0.01,0,0.852
2025-03-09 11:00:00,29.07,73.61,Sunday,1,0,3,6.01,0.86,0.92,0.12,0,1.964
2025-03-09 12:00:00,27.83,87.2,Sunday,1,0,0,0.0,0.0,0.0,0.0,0,0.143
2025-03-09 13:00:00,25.76,82.07,Sunday,1,0,2,4.4,0.0,0.54,0.16,0,0.376
2025-03-09 14:00:00,30.78,68.19,Sunday,1,0,2,3.89,0.83,0.8,0.08,0,1.149
2025-03-09 15:00:00,28.7,75.17,Sunday,1,0,1,5.52,0.58,0.72,0.09,0,1.002
2025-03-09 16:00:00,33.99,68.23,Sunday,1,0,1,5.91,0.86,0.79,0.15,0,1.278
2025-03-09 17:00:00,33.19,69.95,Sunday,1,1,3,7.86,0.88,0.56,0.17,0,0.862
2025-03-09 18:00:00,30.91,66.53,Sunday,1,0,2,9.5,0.38,0.85,0.57,0,1.146
2025-03-09 19:00:00,34.33,67.55,Sunday,1,0,2,9.93,0.89,0.41,0.43,0,2.0
2025-03-09 20:00:00,32.24,80.54,Sunday,1,0,1,12.51,0.62,1.0,0.32,0,1.363
2025-03-09 21:00:00,33.55,73.2,Sunday,1,0,4,11.77,0.59,1.0,0.41,0,1.652
2025-03-09 22:00:00,32.59,58.71,Sunday,1,0,1,14.22,0.62,1.0,0.31,0,2.549
2025-03-09 23:00:00,29.72,79.84,Sunday,1,0,3,14.09,0.96,0.43,0.6,0,1.925
2025-03-10 00:00:00,29.46,79.43,Monday,0,0,3,14.82,0.96,0.34,0.13,0,1.593
2025-03-10 01:00:00,31.75,70.13,Monday,0,0,1,15.42,0.77,0.82,0.08,0,2.236
2025-03-10 02:00:00,28.52,78.42,Monday,0,0,1,13.7,0.72,0.67,0.19,0,0.716
2025-03-10 03:00:00,27.62,71.35,Monday,0,0,2,12.37,0.62,1.0,0.19,0,1.48
2025-03-10 04:00:00,25.9,74.84,Monday,0,0,0,0.0,0.0,0.0,0.0,0,0.187
2025-03-10 05:00:00,27.76,83.01,Monday,0,0,2,12.83,0.48,0.74,0.01,0,0.83
2025-03-10 06:00:00,30.24,71.93,Monday,0,0,2,11.91,0.54,1.0,0.15,0,1.277
2025-03-10 07:00:00,24.3,69.28,Monday,0,0,4,7.93,0.0,0.8,0.01,0,0.643
2025-03-10 08:00:00,26.17,76.63,Monday,0,0,1,7.27,0.0,0.81,0.01,0,0.32
2025-03-10 09:00:00,28.77,74.22,Monday,0,0,3,3.91,0.91,1.0,0.07,1,2.9
2025-03-10 10:00:00,26.38,82.75,Monday,0,0,0,0.0,0.0,0.0,0.0,0,0.354
2025-03-10 11:00:00,27.81,75.54,Monday,0,0,0,0.0,0.0,0.0,0.0,0,0.195
2025-03-10 12:00:00,25.71,75.25,Monday,0,0,1,4.27,0.0,0.89,0.05,0,0.485
2025-03-10 13:00:00,29.12,79.52,Monday,0,0,0,0.0,0.0,0.0,0.0,0,0.236
2025-03-10 14:00:00,28.78,75.2,Monday,0,0,3,3.42,0.91,1.0,0.13,0,0.922
2025-03-10 15:00:00,31.67,68.24,Monday,0,0,1,5.11,0.32,0.64,0.09,0,0.699
2025-03-10 16:00:00,32.76,76.79,Monday,0,0,0,0.0,0.0,0.0,0.0,0,0.234
2025-03-10 17:00:00,35.9,69.15,Monday,0,0,2,6.2,0.48,0.56,0.09,0,1.473
2025-03-10 18:00:00,32.76,71.03,Monday,0,0,1,11.29,0.86,0.49,0.78,0,1.399
2025-03-10 19:00:00,32.61,72.04,Monday,0,0,3,11.71,1.0,0.8,0.83,0,3.195
2025-03-10 20:00:00,32.47,65.92,Monday,0,0,0,0.0,0.0,0.0,0.0,0,0.206
2025-03-10 21:00:00,31.38,69.62,Monday,0,0,3,12.04,0.32,0.81,0.85,0,0.853
2025-03-10 22:00:00,32.33,71.42,Monday,0,0,2,11.67,0.49,1.0,0.61,0,0.974
2025-03-10 23:00:00,30.71,71.89,Monday,0,0,2,16.0,1.0,1.0,0.69,0,2.046
2025-03-11 00:00:00,30.93,79.03,Tuesday,0,0,2,14.46,0.66,0.08,0.13,0,0.464
2025-03-11 01:00:00,32.27,72.54,Tuesday,0,0,3,14.13,0.29,0.97,0.0,0,0.338
2025-03-11 02:00:00,27.31,80.2,Tuesday,0,0,2,16.0,1.0,0.6,0.15,0,1.262
2025-03-11 03:00:00,30.4,73.19,Tuesday,0,0,4,13.79,0.51,0.88,0.02,0,1.548
2025-03-11 04:00:00,29.99,78.79,Tuesday,0,0,4,13.86,0.63,0.74,0.09,0,1.541
2025-03-11 05:00:00,26.79,78.38,Tuesday,0,0,4,10.36,0.0,1.0,0.03,0,0.519
2025-03-11 06:00:00,22.7,80.13,Tuesday,0,0,0,0.0,0.0,0.0,0.0,0,0.223
2025-03-11 07:00:00,25.13,77.82,Tuesday,0,0,2,8.16,0.0,0.9,0.09,0,0.116
2025-03-11 08:00:00,28.46,70.12,Tuesday,0,0,3,8.51,0.7,1.0,0.01,0,1.252
2025-03-11 09:00:00,26.18,79.47,Tuesday,0,0,0,0.0,0.0,0.0,0.0,0,0.143
2025-03-11 10:00:00,24.72,78.05,Tuesday,0,0,0,0.0,0.0,0.0,0.0,0,0.362
2025-03-11 11:00:00,26.09,74.51,Tuesday,0,0,0,0.0,0.0,0.0,0.0,0,0.305
2025-03-11 12:00:00,29.13,79.81,Tuesday,0,0,3,2.18,0.49,0.58,0.07,0,1.022
2025-03-11 13:00:00,29.33,67.85,Tuesday,0,0,0,0.0,0.0,0.0,0.0,0,0.305
2025-03-11 14:00:00,28.69,72.56,Tuesday,0,0,0,0.0,0.0,0.0,0.0,0,0.197
2025-03-11 15:00:00,29.24,79.32,Tuesday,0,0,0,0.0,0.0,0.0,0.0,0,0.315
2025-03-11 16:00:00,29.92,75.15,Tuesday,0,0,2,10.03,0.82,0.71,0.02,0,1.83
2025-03-11 17:00:00,29.58,73.64,Tuesday,0,0,3,8.67,0.83,0.72,0.03,0,1.262
2025-03-11 18:00:00,34.63,70.59,Tuesday,0,0,2,10.33,0.54,0.19,0.53,0,0.871
2025-03-11 19:00:00,31.44,73.1,Tuesday,0,0,2,9.66,0.76,0.98,0.49,0,1.892
2025-03-11 20:00:00,34.31,62.04,Tuesday,0,0,1,10.82,0.53,0.81,0.69,0,1.961
2025-03-11 21:00:00,34.76,67.47,Tuesday,0,0,2,15.86,0.45,0.63,0.42,0,1.633
2025-03-11 22:00:00,33.52,78.42,Tuesday,0,0,2,16.0,0.38,0.52,0.71,0,0.969
2025-03-11 23:00:00,30.47,69.78,Tuesday,0,0,2,15.45,0.67,0.95,0.69,0,1.793
2025-03-12 00:00:00,31.35,70.69,Wednesday,0,0,3,11.95,0.46,0.84,0.02,0,1.057
2025-03-12 01:00:00,29.85,70.92,Wednesday,0,0,2,14.19,0.99,0.75,0.01,0,2.059
2025-03-12 02:00:00,27.5,75.32,Wednesday,0,0,0,0.0,0.0,0.0,0.0,0,0.235
2025-03-12 03:00:00,28.93,71.55,Wednesday,0,0,2,13.19,0.77,0.83,0.11,0,1.672
2025-03-12 04:00:00,25.5,79.98,Wednesday,0,0,0,0.0,0.0,0.0,0.0,0,0.344
2025-03-12 05:00:00,29.14,75.26,Wednesday,0,0,1,14.07,0.65,1.0,0.12,0,1.711
2025-03-12 06:00:00,25.69,81.25,Wednesday,0,0,1,8.75,0.0,0.45,0.0,0,0.474
2025-03-12 07:00:00,26.59,71.32,Wednesday,0,0,3,6.69,0.0,0.57,0.06,0,0.304
2025-03-12 08:00:00,26.63,74.83,Wednesday,0,0,0,0.0,0.0,0.0,0.0,0,0.17
2025-03-12 09:00:00,25.76,76.19,Wednesday,0,0,0,0.0,0.0,0.0,0.0,0,0.278
2025-03-12 10:00:00,27.58,77.96,Wednesday,0,0,0,0.0,0.0,0.0,0.0,0,0.301
2025-03-12 11:00:00,26.15,73.0,Wednesday,0,0,0,0.0,0.0,0.0,0.0,0,0.194
2025-03-12 12:00:00,29.19,78.81,Wednesday,0,0,0,0.0,0.0,0.0,0.0,0,0.337
2025-03-12 13:00:00,25.92,83.1,Wednesday,0,0,0,0.0,0.0,0.0,0.0,0,0.291
2025-03-12 14:00:00,29.35,69.14,Wednesday,0,0,0,0.0,0.0,0.0,0.0,0,0.407
2025-03-12 15:00:00,33.39,68.0,Wednesday,0,0,0,0.0,0.0,0.0,0.0,0,0.409
2025-03-12 16:00:00,28.82,71.9,Wednesday,0,1,4,8.27,1.0,0.82,0.13,0,1.25
2025-03-12 17:00:00,30.02,86.64,Wednesday,0,0,2,7.68,0.28,0.77,0.03,0,0.971
2025-03-12 18:00:00,32.64,68.97,Wednesday,0,0,2,11.46,0.32,1.0,0.39,0,0.981
2025-03-12 19:00:00,32.34,79.78,Wednesday,0,0,3,12.28,0.19,0.99,0.52,0,1.234
2025-03-12 20:00:00,32.75,64.69,Wednesday,0,0,3,11.41,0.49,0.71,0.33,0,1.14
2025-03-12 21:00:00,32.9,65.94,Wednesday,0,0,2,14.12,0.55,0.47,0.73,0,1.544
2025-03-12 22:00:00,32.86,67.49,Wednesday,0,0,1,16.0,0.63,0.69,0.31,0,1.68
2025-03-12 23:00:00,33.24,66.36,Wednesday,0,1,2,13.39,0.64,0.42,0.48,0,0.196
2025-03-13 00:00:00,31.36,70.94,Thursday,0,0,3,14.68,0.49,0.97,0.14,0,0.473
2025-03-13 01:00:00,29.46,70.44,Thursday,0,0,1,14.48,0.39,0.58,0.06,0,0.964
2025-03-13 02:00:00,30.33,69.1,Thursday,0,0,2,13.79,0.75,0.72,0.08,0,1.513
2025-03-13 03:00:00,31.77,77.7,Thursday,0,0,1,14.74,0.43,1.0,0.18,0,1.595
2025-03-13 04:00:00,27.38,81.97,Thursday,0,0,1,13.82,0.85,0.95,0.05,0,1.673
2025-03-13 05:00:00,25.25,82.52,Thursday,0,0,2,11.9,0.0,0.85,0.18,0,0.374
2025-03-13 06:00:00,28.52,77.46,Thursday,0,0,2,10.54,0.46,0.55,0.02,0,1.161
2025-03-13 07:00:00,26.01,77.56,Thursday,0,0,2,7.86,0.0,0.87,0.03,0,0.356
2025-03-13 08:00:00,22.21,78.02,Thursday,0,0,3,8.0,0.0,0.55,0.13,1,0.891
2025-03-13 09:00:00,27.75,70.76,Thursday,0,0,1,4.54,0.31,0.87,0.2,0,0.669
2025-03-13 10:00:00,25.56,79.31,Thursday,0,0,0,0.0,0.0,0.0,0.0,0,0.357
2025-03-13 11:00:00,26.84,70.48,Thursday,0,0,0,0.0,0.0,0.0,0.0,0,0.138
2025-03-13 12:00:00,28.22,70.13,Thursday,0,0,0,0.0,0.0,0.0,0.0,0,0.153
2025-03-13 13:00:00,28.69,80.45,Thursday,0,0,1,5.78,0.63,0.75,0.11,0,0.351
2025-03-13 14:00:00,30.4,82.64,Thursday,0,0,3,6.28,0.17,0.85,0.16,0,1.038
2025-03-13 15:00:00,29.11,76.26,Thursday,0,0,2,3.93,0.67,0.72,0.11,0,0.922
2025-03-13 16:00:00,31.55,77.64,Thursday,0,0,1,5.61,0.75,0.77,0.02,0,1.045
2025-03-13 17:00:00,30.78,71.57,Thursday,0,0,0,0.0,0.0,0.0,0.0,0,0.257
2025-03-13 18:00:00,33.05,64.07,Thursday,0,0,2,10.09,0.77,1.0,0.52,0,1.36
2025-03-13 19:00:00,33.13,73.75,Thursday,0,0,1,10.87,0.45,0.93,0.36,0,1.127
2025-03-13 20:00:00,30.44,75.95,Thursday,0,0,2,13.72,0.53,0.81,0.3,0,1.476
2025-03-13 21:00:00,33.97,70.28,Thursday,0,0,2,12.09,0.05,0.67,0.66,0,0.677
2025-03-13 22:00:00,30.76,71.61,Thursday,0,0,4,15.87,0.87,1.0,0.82,0,2.003
2025-03-13 23:00:00,32.7,75.88,Thursday,0,0,3,13.6,0.43,0.52,0.46,0,1.021
2025-03-14 00:00:00,31.28,67.42,Friday,0,0,0,0.0,0.0,0.0,0.0,0,0.219
2025-03-14 01:00:00,33.21,66.74,Friday,0,0,1,16.0,0.71,0.93,0.09,0,2.162
2025-03-14 02:00:00,28.72,69.61,Friday,0,1,3,15.09,0.51,1.0,0.02,0,1.294
2025-03-14 03:00:00,27.72,75.98,Friday,0,0,3,11.66,0.38,0.87,0.04,0,1.093
2025-03-14 04:00:00,27.59,70.23,Friday,0,0,1,14.1,0.71,0.72,0.09,0,0.514
2025-03-14 05:00:00,26.45,73.27,Friday,0,0,1,11.43,0.0,0.99,0.04,0,0.625
2025-03-14 06:00:00,27.96,71.8,Friday,0,0,3,6.79,0.84,0.4,0.05,0,1.606
2025-03-14 07:00:00,23.31,78.21,Friday,0,0,3,7.44,0.0,0.6,0.0,0,0.613
2025-03-14 08:00:00,24.23,71.26,Friday,0,0,1,6.89,0.0,0.7,0.01,0,0.051
2025-03-14 09:00:00,24.3,79.06,Friday,0,0,0,0.0,0.0,0.0,0.0,0,0.25
2025-03-14 10:00:00,28.23,81.33,Friday,0,0,0,0.0,0.0,0.0,0.0,0,0.299
2025-03-14 11:00:00,30.08,74.11,Friday,0,0,2,4.61,0.55,1.0,0.03,0,1.286
2025-03-14 12:00:00,27.43,83.52,Friday,0,0,2,5.69,0.6,0.32,0.18,0,0.926
2025-03-14 13:00:00,28.04,81.93,Friday,0,0,2,5.48,0.57,0.65,0.16,0,1.211
2025-03-14 14:00:00,29.25,78.07,Friday,0,0,3,6.73,1.0,0.71,0.16,0,2.21
2025-03-14 15:00:00,31.99,72.08,Friday,0,0,0,0.0,0.0,0.0,0.0,0,0.302
2025-03-14 16:00:00,28.95,74.56,Friday,0,0,0,0.0,0.0,0.0,0.0,0,0.223
2025-03-14 17:00:00,31.67,75.81,Friday,0,0,3,11.32,0.83,0.68,0.02,0,1.515
2025-03-14 18:00:00,33.48,68.41,Friday,0,0,1,11.05,1.0,0.99,0.71,0,1.884
2025-03-14 19:00:00,32.92,61.46,Friday,0,0,3,11.49,0.43,0.77,0.89,0,1.284
2025-03-14 20:00:00,32.46,73.74,Friday,0,0,3,12.98,0.9,0.6,0.99,1,1.999
2025-03-14 21:00:00,33.82,64.41,Friday,0,0,2,9.6,0.36,0.81,0.91,0,0.402
2025-03-14 22:00:00,26.85,71.52,Friday,0,0,1,13.65,0.0,0.43,0.87,0,0.876
2025-03-14 23:00:00,32.46,71.28,Friday,0,0,3,14.61,0.65,0.69,0.44,0,0.662
2025-03-15 00:00:00,29.44,73.52,Saturday,1,0,2,15.66,0.48,0.71,0.14,0,1.063
2025-03-15 01:00:00,26.6,69.5,Saturday,1,0,1,14.79,0.0,0.6,0.01,0,0.236
2025-03-15 02:00:00,30.04,74.29,Saturday,1,0,3,14.83,0.31,1.0,0.12,0,0.832
2025-03-15 03:00:00,30.82,77.59,Saturday,1,0,2,11.55,0.82,1.0,0.1,0,1.123
2025-03-15 04:00:00,27.37,70.22,Saturday,1,0,0,0.0,0.0,0.0,0.0,0,0.187
2025-03-15 05:00:00,28.72,81.02,Saturday,1,0,2,9.52,0.48,0.86,0.09,0,0.81
2025-03-15 06:00:00,29.43,66.22,Saturday,1,0,3,12.36,0.45,0.88,0.1,0,0.628
2025-03-15 07:00:00,28.59,85.35,Saturday,1,0,2,6.8,0.47,0.91,0.12,0,1.156
2025-03-15 08:00:00,29.07,72.28,Saturday,1,0,1,6.32,0.69,1.0,0.12,0,1.848
2025-03-15 09:00:00,27.56,76.42,Saturday,1,0,2,6.62,0.67,0.98,0.08,0,1.399
2025-03-15 10:00:00,26.66,67.05,Saturday,1,0,2,3.28,0.0,0.25,0.03,0,0.41
2025-03-15 11:00:00,24.12,78.48,Saturday,1,0,3,3.86,0.0,0.96,0.05,0,0.256
2025-03-15 12:00:00,27.18,77.18,Saturday,1,0,2,6.02,0.62,0.54,0.08,0,1.07
2025-03-15 13:00:00,26.83,75.92,Saturday,1,0,0,0.0,0.0,0.0,0.0,0,0.234
2025-03-15 14:00:00,33.03,67.96,Saturday,1,0,1,8.2,0.71,1.0,0.09,0,1.18
2025-03-15 15:00:00,29.58,69.14,Saturday,1,0,3,3.92,0.63,0.28,0.16,0,1.454
2025-03-15 16:00:00,30.84,78.39,Saturday,1,1,2,6.98,0.62,1.0,0.12,1,1.82
2025-03-15 17:00:00,32.24,71.64,Saturday,1,0,2,8.05,0.7,0.95,0.07,0,1.543
2025-03-15 18:00:00,31.8,79.59,Saturday,1,0,0,0.0,0.0,0.0,0.0,0,0.186
2025-03-15 19:00:00,35.07,66.3,Saturday,1,0,3,9.45,0.99,0.96,0.91,0,1.885
2025-03-15 20:00:00,31.0,70.43,Saturday,1,0,2,11.63,0.91,1.0,0.58,0,1.943
2025-03-15 21:00:00,32.37,75.45,Saturday,1,0,3,14.72,0.77,0.81,0.74,0,2.027
2025-03-15 22:00:00,30.38,65.04,Saturday,1,0,4,13.93,0.7,0.94,0.94,0,1.83
2025-03-15 23:00:00,28.87,68.45,Saturday,1,0,3,13.23,1.0,0.51,0.4,0,1.259
2025-03-16 00:00:00,29.52,79.42,Sunday,1,0,0,0.0,0.0,0.0,0.0,0,0.154
2025-03-16 01:00:00,29.83,67.79,Sunday,1,0,3,14.9,0.82,0.9,0.17,0,1.672
2025-03-16 02:00:00,28.35,65.89,Sunday,1,0,1,15.25,0.94,1.0,0.06,0,0.692
2025-03-16 03:00:00,27.1,85.45,Sunday,1,0,2,14.68,0.91,0.79,0.0,0,2.088
2025-03-16 04:00:00,25.09,70.95,Sunday,1,0,2,12.39,0.0,0.83,0.18,0,0.614
2025-03-16 05:00:00,26.85,77.25,Sunday,1,0,2,10.11,0.0,0.52,0.12,0,0.537
2025-03-16 06:00:00,23.82,79.41,Sunday,1,0,3,10.3,0.0,0.75,0.0,0,0.33
2025-03-16 07:00:00,27.59,61.61,Sunday,1,0,1,7.66,0.91,0.9,0.1,0,1.873
2025-03-16 08:00:00,26.27,75.52,Sunday,1,0,1,8.06,0.0,0.93,0.02,0,0.339
2025-03-16 09:00:00,23.6,81.5,Sunday,1,0,2,6.22,0.0,1.0,0.13,0,0.806
2025-03-16 10:00:00,25.97,78.9,Sunday,1,0,0,0.0,0.0,0.0,0.0,0,0.418
2025-03-16 11:00:00,25.65,81.94,Sunday,1,0,0,0.0,0.0,0.0,0.0,0,0.167
2025-03-16 12:00:00,28.2,73.19,Sunday,1,0,4,6.08,0.68,0.89,0.08,0,1.546
2025-03-16 13:00:00,30.76,76.38,Sunday,1,0,0,0.0,0.0,0.0,0.0,0,0.206
2025-03-16 14:00:00,25.75,73.88,Sunday,1,0,2,5.31,0.0,1.0,0.17,0,0.333
2025-03-16 15:00:00,30.11,66.35,Sunday,1,0,1,7.56,0.68,0.58,0.15,0,1.153
2025-03-16 16:00:00,30.33,66.71,Sunday,1,0,2,8.13,0.41,0.65,0.09,0,0.948
2025-03-16 17:00:00,32.45,63.98,Sunday,1,0,3,9.71,0.84,0.48,0.08,1,2.288
2025-03-16 18:00:00,32.1,76.65,Sunday,1,0,2,10.91,0.75,0.77,0.53,0,1.971
2025-03-16 19:00:00,30.67,65.33,Sunday,1,0,1,11.37,0.21,0.91,0.73,0,0.873
2025-03-16 20:00:00,31.55,73.48,Sunday,1,0,1,11.61,0.98,1.0,0.71,0,1.522
2025-03-16 21:00:00,30.59,71.64,Sunday,1,0,2,12.62,0.68,0.74,0.87,0,0.849
2025-03-16 22:00:00,33.66,69.7,Sunday,1,0,2,14.01,0.9,0.69,0.34,0,1.391
2025-03-16 23:00:00,31.28,79.16,Sunday,1,0,3,16.0,0.75,0.08,0.64,0,1.889
2025-03-17 00:00:00,34.04,67.67,Monday,0,0,3,15.95,0.57,0.81,0.07,0,1.878
2025-03-17 01:00:00,29.79,76.75,Monday,0,0,2,16.0,0.76,0.76,0.14,0,2.408
2025-03-17 02:00:00,27.85,75.63,Monday,0,0,3,15.99,0.62,0.75,0.11,0,0.773
2025-03-17 03:00:00,25.62,76.68,Monday,0,0,4,13.21,0.0,1.0,0.17,0,0.608
2025-03-17 04:00:00,24.38,90.06,Monday,0,0,0,0.0,0.0,0.0,0.0,0,0.225
2025-03-17 05:00:00,24.15,71.56,Monday,0,0,3,11.14,0.0,0.65,0.02,0,0.391
2025-03-17 06:00:00,27.0,82.64,Monday,0,0,0,0.0,0.0,0.0,0.0,0,0.193
2025-03-17 07:00:00,27.14,79.36,Monday,0,0,0,0.0,0.0,0.0,0.0,0,0.275
2025-03-17 08:00:00,23.28,77.15,Monday,0,0,1,8.23,0.0,0.64,0.12,0,0.334
2025-03-17 09:00:00,27.84,83.6,Monday,0,0,0,0.0,0.0,0.0,0.0,0,0.286
2025-03-17 10:00:00,25.65,68.17,Monday,0,1,3,5.43,0.0,0.22,0.17,0,0.51
2025-03-17 11:00:00,27.26,73.35,Monday,0,0,0,0.0,0.0,0.0,0.0,0,0.409
2025-03-17 12:00:00,30.52,66.99,Monday,0,0,0,0.0,0.0,0.0,0.0,0,0.277
2025-03-17 13:00:00,29.96,75.6,Monday,0,0,0,0.0,0.0,0.0,0.0,0,0.284
2025-03-17 14:00:00,28.64,69.16,Monday,0,0,0,0.0,0.0,0.0,0.0,0,0.221
2025-03-17 15:00:00,28.29,77.2,Monday,0,0,0,0.0,0.0,0.0,0.0,0,0.27
2025-03-17 16:00:00,26.75,75.49,Monday,0,0,0,0.0,0.0,0.0,0.0,0,0.229
2025-03-17 17:00:00,29.95,71.15,Monday,0,0,1,10.04,0.56,0.55,0.17,0,1.399
2025-03-17 18:00:00,31.34,74.24,Monday,0,0,2,9.32,0.95,0.48,0.66,0,1.377
2025-03-17 19:00:00,30.24,71.94,Monday,0,0,1,10.59,0.69,0.94,0.43,0,1.555
2025-03-17 20:00:00,31.89,66.36,Monday,0,0,2,13.1,0.81,0.87,0.95,0,1.013
2025-03-17 21:00:00,32.16,85.56,Monday,0,0,1,14.21,0.4,0.49,0.86,0,0.936
2025-03-17 22:00:00,31.32,69.88,Monday,0,0,3,14.16,0.79,1.0,0.46,0,1.831
2025-03-17 23:00:00,30.07,62.35,Monday,0,0,3,13.5,0.61,0.93,0.82,0,2.291
2025-03-18 00:00:00,30.93,68.46,Tuesday,0,0,2,14.28,0.72,0.69,0.12,0,1.139
2025-03-18 01:00:00,30.69,66.54,Tuesday,0,0,2,14.97,0.55,0.83,0.09,0,1.379
2025-03-18 02:00:00,27.16,80.19,Tuesday,0,0,4,15.06,0.6,0.51,0.19,0,0.444
2025-03-18 03:00:00,30.88,74.31,Tuesday,0,0,1,12.3,0.68,0.13,0.04,0,0.864
2025-03-18 04:00:00,27.44,77.79,Tuesday,0,0,2,11.54,0.5,0.77,0.14,0,0.905
2025-03-18 05:00:00,27.03,74.32,Tuesday,0,0,2,11.69,1.0,0.41,0.07,0,1.347
2025-03-18 06:00:00,27.8,74.08,Tuesday,0,0,2,9.88,0.39,0.69,0.17,0,1.026
2025-03-18 07:00:00,26.64,74.67,Tuesday,0,0,1,8.93,0.0,0.85,0.15,0,0.453
2025-03-18 08:00:00,27.84,75.04,Tuesday,0,0,2,3.58,0.73,0.26,0.07,0,0.582
2025-03-18 09:00:00,26.74,80.61,Tuesday,0,0,2,6.02,0.0,0.8,0.15,0,0.533
2025-03-18 10:00:00,25.42,79.3,Tuesday,0,0,0,0.0,0.0,0.0,0.0,0,0.202
2025-03-18 11:00:00,27.65,78.11,Tuesday,0,0,2,4.25,0.23,0.23,0.05,0,0.946
2025-03-18 12:00:00,25.56,79.99,Tuesday,0,0,0,0.0,0.0,0.0,0.0,0,0.237
2025-03-18 13:00:00,28.54,79.24,Tuesday,0,0,2,3.36,0.88,1.0,0.08,0,1.528
2025-03-18 14:00:00,29.06,75.78,Tuesday,0,0,0,0.0,0.0,0.0,0.0,0,0.293
2025-03-18 15:00:00,29.52,75.72,Tuesday,0,0,0,0.0,0.0,0.0,0.0,0,0.283
2025-03-18 16:00:00,30.39,79.09,Tuesday,0,0,0,0.0,0.0,0.0,0.0,0,0.254
2025-03-18 17:00:00,27.86,72.1,Tuesday,0,0,1,8.2,0.44,0.98,0.11,0,0.792
2025-03-18 18:00:00,30.73,68.56,Tuesday,0,0,1,11.27,0.77,0.88,0.42,1,2.579
2025-03-18 19:00:00,32.19,65.6,Tuesday,0,0,3,10.83,0.7,0.8,0.79,0,1.772
2025-03-18 20:00:00,32.41,72.25,Tuesday,0,0,3,11.55,0.78,0.79,0.41,0,1.967
2025-03-18 21:00:00,30.17,64.08,Tuesday,0,0,2,12.42,1.0,0.85,0.87,0,1.885
2025-03-18 22:00:00,34.0,72.21,Tuesday,0,0,2,12.9,0.59,0.73,0.65,0,1.871
2025-03-18 23:00:00,29.68,73.24,Tuesday,0,0,0,0.0,0.0,0.0,0.0,0,0.254
2025-03-19 00:00:00,32.37,77.04,Wednesday,0,0,2,14.53,0.4,0.71,0.07,0,2.455
2025-03-19 01:00:00,30.67,69.54,Wednesday,0,0,3,16.0,0.34,0.74,0.15,0,0.785
2025-03-19 02:00:00,27.96,74.32,Wednesday,0,0,2,9.9,0.65,0.46,0.12,0,1.154
2025-03-19 03:00:00,31.54,77.72,Wednesday,0,0,2,14.92,0.68,0.72,0.04,0,1.845
2025-03-19 04:00:00,25.47,84.49,Wednesday,0,0,1,13.04,0.0,0.73,0.12,0,0.662
2025-03-19 05:00:00,28.65,71.31,Wednesday,0,0,0,0.0,0.0,0.0,0.0,0,0.163
2025-03-19 06:00:00,28.32,75.92,Wednesday,0,0,3,8.06,0.71,0.84,0.07,0,0.678
2025-03-19 07:00:00,25.02,79.46,Wednesday,0,1,3,6.22,0.0,0.9,0.01,0,0.278
2025-03-19 08:00:00,28.63,76.6,Wednesday,0,0,2,8.63,0.57,0.58,0.19,0,0.806
2025-03-19 09:00:00,25.77,75.99,Wednesday,0,0,0,0.0,0.0,0.0,0.0,0,0.287
2025-03-19 10:00:00,27.04,82.57,Wednesday,0,0,2,6.0,0.72,0.98,0.06,0,1.203
2025-03-19 11:00:00,27.47,66.33,Wednesday,0,0,3,5.02,0.35,0.5,0.11,0,1.055
2025-03-19 12:00:00,27.38,73.75,Wednesday,0,0,0,0.0,0.0,0.0,0.0,0,0.266
2025-03-19 13:00:00,29.8,75.92,Wednesday,0,0,0,0.0,0.0,0.0,0.0,0,0.25
2025-03-19 14:00:00,30.55,75.29,Wednesday,0,0,0,0.0,0.0,0.0,0.0,0,0.332
2025-03-19 15:00:00,26.75,83.19,Wednesday,0,0,3,6.2,0.0,0.64,0.09,0,0.492
2025-03-19 16:00:00,32.97,76.82,Wednesday,0,0,2,7.18,0.74,0.44,0.06,0,2.072
2025-03-19 17:00:00,28.25,73.65,Wednesday,0,0,3,10.71,0.75,1.0,0.09,0,1.253
2025-03-19 18:00:00,33.58,76.78,Wednesday,0,0,3,8.12,0.55,0.45,0.66,0,1.097
2025-03-19 19:00:00,34.05,66.29,Wednesday,0,0,3,8.36,1.0,0.71,0.82,0,2.621
2025-03-19 20:00:00,30.16,78.01,Wednesday,0,0,2,10.32,0.28,0.93,0.3,0,1.402
2025-03-19 21:00:00,31.28,81.4,Wednesday,0,0,2,14.56,0.48,0.92,0.69,0,1.165
2025-03-19 22:00:00,29.73,79.82,Wednesday,0,0,2,14.18,0.51,0.85,0.73,0,2.135
2025-03-19 23:00:00,30.86,73.26,Wednesday,0,0,3,12.43,0.47,0.58,0.45,0,1.925
2025-03-20 00:00:00,30.07,71.78,Thursday,0,0,1,15.15,0.21,0.89,0.19,0,0.711
2025-03-20 01:00:00,31.3,64.69,Thursday,0,0,3,14.34,1.0,0.75,0.0,0,0.972
2025-03-20 02:00:00,31.48,73.72,Thursday,0,0,2,15.17,0.81,0.85,0.07,0,1.338
2025-03-20 03:00:00,30.86,67.15,Thursday,0,0,2,14.73,0.49,1.0,0.16,0,1.147
2025-03-20 04:00:00,26.61,72.59,Thursday,0,0,2,16.0,0.0,0.45,0.08,0,0.56
2025-03-20 05:00:00,26.62,70.58,Thursday,0,0,2,9.52,0.0,0.85,0.04,0,0.213
2025-03-20 06:00:00,23.49,77.05,Thursday,0,0,3,7.21,0.0,0.79,0.17,0,0.755
2025-03-20 07:00:00,24.77,78.06,Thursday,0,0,0,0.0,0.0,0.0,0.0,0,0.577
2025-03-20 08:00:00,27.86,76.8,Thursday,0,0,2,8.98,0.65,1.0,0.11,0,0.967
2025-03-20 09:00:00,29.13,71.28,Thursday,0,0,0,0.0,0.0,0.0,0.0,0,0.132
2025-03-20 10:00:00,24.3,83.97,Thursday,0,0,0,0.0,0.0,0.0,0.0,0,0.236
2025-03-20 11:00:00,25.93,76.12,Thursday,0,0,0,0.0,0.0,0.0,0.0,0,0.126
2025-03-20 12:00:00,27.57,71.74,Thursday,0,0,0,0.0,0.0,0.0,0.0,0,0.37
2025-03-20 13:00:00,28.85,75.67,Thursday,0,0,0,0.0,0.0,0.0,0.0,0,0.319
2025-03-20 14:00:00,27.66,85.42,Thursday,0,1,3,5.8,0.47,0.43,0.02,0,0.871
2025-03-20 15:00:00,30.66,74.58,Thursday,0,1,3,3.62,0.27,0.69,0.13,0,0.315
2025-03-20 16:00:00,29.77,71.89,Thursday,0,0,0,0.0,0.0,0.0,0.0,0,0.229
2025-03-20 17:00:00,31.22,64.77,Thursday,0,0,1,8.54,0.54,0.46,0.11,0,1.423
2025-03-20 18:00:00,32.7,69.97,Thursday,0,0,1,12.2,0.25,0.81,0.84,0,0.865
2025-03-20 19:00:00,32.03,72.85,Thursday,0,0,3,10.23,0.71,0.95,0.45,0,1.741
2025-03-20 20:00:00,31.34,70.36,Thursday,0,0,3,13.53,0.32,0.9,0.94,0,1.127
2025-03-20 21:00:00,31.82,63.53,Thursday,0,0,2,12.38,0.15,0.78,0.88,0,0.74
2025-03-20 22:00:00,31.56,67.84,Thursday,0,0,1,14.47,0.82,0.66,0.84,0,1.079
2025-03-20 23:00:00,30.58,80.25,Thursday,0,0,2,16.0,1.0,0.62,0.79,0,2.144
2025-03-21 00:00:00,30.16,80.53,Friday,0,0,1,16.0,0.55,0.97,0.06,0,0.675
2025-03-21 01:00:00,32.78,66.57,Friday,0,0,1,16.0,0.95,0.62,0.13,0,2.742
2025-03-21 02:00:00,30.13,76.75,Friday,0,0,3,14.93,0.85,0.61,0.19,0,1.201
2025-03-21 03:00:00,27.81,69.58,Friday,0,0,3,13.22,0.82,0.85,0.14,0,1.81
2025-03-21 04:00:00,28.88,81.53,Friday,0,0,4,12.93,0.61,0.5,0.01,0,1.012
2025-03-21 05:00:00,26.4,77.97,Friday,0,0,2,11.99,0.0,0.77,0.08,0,0.644
2025-03-21 06:00:00,28.64,79.48,Friday,0,0,2,10.58,0.74,0.62,0.12,0,1.282
2025-03-21 07:00:00,26.89,67.72,Friday,0,0,3,7.64,0.0,0.58,0.13,0,0.492
2025-03-21 08:00:00,25.93,80.55,Friday,0,0,1,6.37,0.0,0.69,0.07,0,0.351
2025-03-21 09:00:00,27.03,76.13,Friday,0,0,0,0.0,0.0,0.0,0.0,0,0.159
2025-03-21 10:00:00,23.7,83.43,Friday,0,0,0,0.0,0.0,0.0,0.0,0,0.245
2025-03-21 11:00:00,24.97,82.6,Friday,0,0,0,0.0,0.0,0.0,0.0,0,0.21
2025-03-21 12:00:00,25.47,77.9,Friday,0,0,3,9.78,0.0,0.94,0.18,0,0.266
2025-03-21 13:00:00,28.6,71.75,Friday,0,0,1,5.81,0.32,0.91,0.16,0,0.654
2025-03-21 14:00:00,32.24,75.38,Friday,0,0,0,0.0,0.0,0.0,0.0,0,0.124
2025-03-21 15:00:00,33.91,69.68,Friday,0,1,3,5.75,0.58,0.89,0.11,0,1.28
2025-03-21 16:00:00,31.77,67.54,Friday,0,0,3,7.26,0.53,0.71,0.1,0,1.03
2025-03-21 17:00:00,32.14,66.97,Friday,0,0,3,10.97,0.81,0.86,0.0,0,1.627
2025-03-21 18:00:00,28.48,67.48,Friday,0,0,1,11.1,0.31,1.0,0.65,0,1.521
2025-03-21 19:00:00,31.04,70.01,Friday,0,0,0,0.0,0.0,0.0,0.0,0,0.292
2025-03-21 20:00:00,30.7,78.38,Friday,0,0,2,12.41,0.2,0.44,0.36,0,0.898
2025-03-21 21:00:00,30.9,73.58,Friday,0,0,4,11.33,0.63,0.63,0.47,0,1.68
2025-03-21 22:00:00,31.42,69.58,Friday,0,0,1,15.22,0.09,0.91,0.95,0,0.605
2025-03-21 23:00:00,30.39,77.17,Friday,0,0,2,13.77,0.43,0.21,0.42,0,0.798
2025-03-22 00:00:00,27.06,71.98,Saturday,1,0,1,14.08,0.64,0.83,0.17,0,1.624
2025-03-22 01:00:00,31.24,72.86,Saturday,1,0,2,12.01,0.29,0.82,0.04,0,1.094
2025-03-22 02:00:00,27.19,75.13,Saturday,1,0,1,15.47,0.3,1.0,0.19,0,0.085
2025-03-22 03:00:00,28.78,78.5,Saturday,1,0,3,15.35,0.9,0.86,0.12,0,1.641
2025-03-22 04:00:00,31.36,64.39,Saturday,1,0,0,0.0,0.0,0.0,0.0,0,0.187
2025-03-22 05:00:00,25.35,73.44,Saturday,1,0,2,11.05,0.0,1.0,0.15,0,0.447
2025-03-22 06:00:00,21.97,72.54,Saturday,1,0,2,9.28,0.0,0.66,0.15,0,0.638
2025-03-22 07:00:00,25.71,76.06,Saturday,1,0,3,8.38,0.0,0.76,0.15,0,0.336
2025-03-22 08:00:00,28.1,81.26,Saturday,1,1,4,6.27,0.66,0.77,0.06,0,1.506
2025-03-22 09:00:00,29.75,71.2,Saturday,1,0,1,4.81,0.47,0.9,0.01,0,0.839
2025-03-22 10:00:00,24.31,76.07,Saturday,1,0,1,7.72,0.0,0.52,0.18,0,0.304
2025-03-22 11:00:00,27.89,79.75,Saturday,1,0,2,1.21,0.61,0.96,0.16,0,1.469
2025-03-22 12:00:00,26.78,81.74,Saturday,1,0,2,5.76,0.0,0.62,0.08,0,0.322
2025-03-22 13:00:00,28.15,74.72,Saturday,1,0,2,5.6,0.9,1.0,0.03,0,1.465
2025-03-22 14:00:00,33.88,73.43,Saturday,1,0,3,8.15,0.7,0.37,0.09,0,0.945
2025-03-22 15:00:00,27.19,70.64,Saturday,1,0,1,6.11,0.21,0.56,0.06,0,0.449
2025-03-22 16:00:00,31.08,79.42,Saturday,1,0,4,6.94,0.91,0.24,0.04,1,2.794
2025-03-22 17:00:00,32.08,82.37,Saturday,1,0,1,7.49,0.82,1.0,0.1,0,1.831
2025-03-22 18:00:00,33.67,72.8,Saturday,1,0,1,10.53,0.76,0.44,0.75,0,1.048
2025-03-22 19:00:00,32.2,61.1,Saturday,1,0,2,10.23,1.0,0.94,0.46,1,1.574
2025-03-22 20:00:00,32.68,68.3,Saturday,1,0,2,10.81,0.67,0.93,0.58,0,2.837
2025-03-22 21:00:00,31.31,75.38,Saturday,1,0,1,12.43,1.0,0.52,0.64,0,1.509
2025-03-22 22:00:00,32.2,69.41,Saturday,1,0,3,12.91,0.66,0.94,0.95,0,1.141
2025-03-22 23:00:00,30.63,79.3,Saturday,1,0,2,13.32,0.76,0.48,0.98,0,1.907
2025-03-23 00:00:00,31.74,74.87,Sunday,1,0,1,15.13,0.51,0.55,0.08,0,0.84
2025-03-23 01:00:00,29.23,70.66,Sunday,1,0,3,14.54,0.18,0.36,0.09,0,0.576
2025-03-23 02:00:00,29.8,73.84,Sunday,1,0,4,15.15,0.19,0.92,0.12,0,1.043
2025-03-23 03:00:00,28.29,70.57,Sunday,1,0,0,0.0,0.0,0.0,0.0,0,0.382
2025-03-23 04:00:00,29.65,72.9,Sunday,1,0,3,10.7,0.59,0.85,0.07,0,1.219
2025-03-23 05:00:00,26.91,73.51,Sunday,1,0,1,8.11,0.0,0.72,0.07,0,0.634
2025-03-23 06:00:00,23.33,85.37,Sunday,1,0,2,8.42,0.0,1.0,0.02,0,0.349
2025-03-23 07:00:00,28.5,85.43,Sunday,1,0,2,9.85,0.76,0.76,0.02,0,1.221
2025-03-23 08:00:00,24.49,71.3,Sunday,1,0,4,8.61,0.0,0.96,0.15,0,0.477
2025-03-23 09:00:00,25.05,68.34,Sunday,1,0,2,7.94,0.0,0.88,0.19,0,0.425
2025-03-23 10:00:00,25.45,76.37,Sunday,1,0,0,0.0,0.0,0.0,0.0,0,0.317
2025-03-23 11:00:00,29.47,66.38,Sunday,1,0,2,6.8,1.0,1.0,0.18,0,1.862
2025-03-23 12:00:00,23.78,79.33,Sunday,1,0,1,5.61,0.0,0.84,0.07,0,0.309
2025-03-23 13:00:00,33.99,73.65,Sunday,1,0,1,7.87,0.46,0.97,0.18,0,1.13
2025-03-23 14:00:00,31.02,80.05,Sunday,1,0,2,6.11,0.68,0.52,0.01,1,1.421
2025-03-23 15:00:00,30.3,74.24,Sunday,1,0,2,9.46,0.7,0.88,0.02,0,1.077
2025-03-23 16:00:00,30.52,72.06,Sunday,1,0,1,6.56,0.81,0.95,0.09,0,1.458
2025-03-23 17:00:00,31.76,62.03,Sunday,1,0,1,7.73,0.66,0.48,0.17,0,1.625
2025-03-23 18:00:00,32.66,71.24,Sunday,1,0,2,9.71,0.77,0.73,0.51,0,1.882
2025-03-23 19:00:00,33.18,70.99,Sunday,1,0,3,11.24,0.9,0.32,0.83,0,2.694
2025-03-23 20:00:00,33.12,73.89,Sunday,1,0,2,12.02,0.39,0.35,0.89,0,1.63
2025-03-23 21:00:00,32.18,67.99,Sunday,1,0,3,14.35,0.32,0.74,0.91,0,1.055
2025-03-23 22:00:00,31.36,70.1,Sunday,1,0,1,14.18,0.8,1.0,0.4,0,1.347
2025-03-23 23:00:00,30.97,65.24,Sunday,1,0,1,13.92,0.61,1.0,0.51,0,1.067
2025-03-24 00:00:00,30.27,61.8,Monday,0,0,3,14.41,0.87,0.67,0.14,0,1.739
2025-03-24 01:00:00,31.94,66.21,Monday,0,0,2,16.0,0.92,0.51,0.18,0,2.302
2025-03-24 02:00:00,30.19,65.48,Monday,0,0,2,14.81,0.19,0.98,0.02,0,1.148
2025-03-24 03:00:00,23.05,81.44,Monday,0,0,4,11.02,0.0,0.25,0.1,0,0.255
2025-03-24 04:00:00,28.8,71.99,Monday,0,0,2,14.77,0.62,0.65,0.01,0,1.538
2025-03-24 05:00:00,27.35,73.19,Monday,0,0,1,11.94,0.39,0.56,0.09,0,1.221
2025-03-24 06:00:00,26.49,71.74,Monday,0,0,4,10.96,0.0,0.73,0.16,0,0.871
2025-03-24 07:00:00,25.52,61.36,Monday,0,0,0,0.0,0.0,0.0,0.0,0,0.219
2025-03-24 08:00:00,28.15,82.71,Monday,0,0,3,8.97,0.54,0.1,0.05,0,1.04
2025-03-24 09:00:00,27.93,70.36,Monday,0,0,2,5.09,0.41,0.83,0.05,0,0.488
2025-03-24 10:00:00,25.13,75.82,Monday,0,0,0,0.0,0.0,0.0,0.0,0,0.186
2025-03-24 11:00:00,27.73,68.27,Monday,0,0,0,0.0,0.0,0.0,0.0,0,0.092
2025-03-24 12:00:00,25.87,82.07,Monday,0,0,0,0.0,0.0,0.0,0.0,0,0.173
2025-03-24 13:00:00,25.86,77.94,Monday,0,0,0,0.0,0.0,0.0,0.0,0,0.239
2025-03-24 14:00:00,27.99,71.17,Monday,0,0,0,0.0,0.0,0.0,0.0,0,0.173
2025-03-24 15:00:00,31.45,70.23,Monday,0,0,0,0.0,0.0,0.0,0.0,0,0.207
2025-03-24 16:00:00,32.34,79.79,Monday,0,0,0,0.0,0.0,0.0,0.0,0,0.221
2025-03-24 17:00:00,32.17,71.19,Monday,0,0,1,10.1,0.57,1.0,0.09,1,2.288
2025-03-24 18:00:00,33.03,69.87,Monday,0,0,1,10.32,0.97,0.46,0.31,0,1.847
2025-03-24 19:00:00,32.95,66.14,Monday,0,0,4,12.04,0.59,0.77,0.7,0,2.005
2025-03-24 20:00:00,30.97,63.16,Monday,0,0,2,12.38,0.66,0.57,0.42,0,1.886
2025-03-24 21:00:00,32.8,70.18,Monday,0,0,1,12.75,0.61,0.9,0.82,0,0.778
2025-03-24 22:00:00,33.16,72.28,Monday,0,0,2,13.83,0.78,0.7,0.4,0,1.587
2025-03-24 23:00:00,32.6,76.66,Monday,0,0,2,16.0,0.87,0.91,0.41,0,1.103
2025-03-25 00:00:00,32.76,59.77,Tuesday,0,1,2,14.56,0.92,0.85,0.1,0,1.242
2025-03-25 01:00:00,31.17,66.82,Tuesday,0,0,2,15.47,0.57,0.65,0.12,0,1.4
2025-03-25 02:00:00,29.75,70.82,Tuesday,0,0,3,12.88,0.7,0.19,0.15,0,1.37
2025-03-25 03:00:00,30.27,73.24,Tuesday,0,0,1,16.0,0.73,0.53,0.18,0,2.211
2025-03-25 04:00:00,27.57,74.96,Tuesday,0,0,1,12.98,1.0,0.45,0.02,0,2.803
2025-03-25 05:00:00,25.41,77.02,Tuesday,0,0,1,11.8,0.0,0.45,0.01,0,0.536
2025-03-25 06:00:00,26.23,78.93,Tuesday,0,0,1,11.39,0.0,0.88,0.14,0,0.392
2025-03-25 07:00:00,24.88,73.59,Tuesday,0,0,4,7.98,0.0,1.0,0.01,0,0.464
2025-03-25 08:00:00,24.91,82.75,Tuesday,0,0,4,9.29,0.0,0.13,0.02,0,0.376
2025-03-25 09:00:00,25.96,79.3,Tuesday,0,0,3,4.19,0.0,0.37,0.08,1,1.143
2025-03-25 10:00:00,25.1,76.31,Tuesday,0,0,0,0.0,0.0,0.0,0.0,0,0.227
2025-03-25 11:00:00,26.45,84.7,Tuesday,0,0,0,0.0,0.0,0.0,0.0,0,0.322
2025-03-25 12:00:00,24.21,86.49,Tuesday,0,0,0,0.0,0.0,0.0,0.0,0,0.3
2025-03-25 13:00:00,28.73,79.31,Tuesday,0,0,0,0.0,0.0,0.0,0.0,0,0.431
2025-03-25 14:00:00,29.12,59.2,Tuesday,0,0,2,5.59,0.48,1.0,0.0,0,1.5
2025-03-25 15:00:00,28.43,82.81,Tuesday,0,0,0,0.0,0.0,0.0,0.0,0,0.37
2025-03-25 16:00:00,31.81,75.85,Tuesday,0,0,0,0.0,0.0,0.0,0.0,0,0.242
2025-03-25 17:00:00,32.93,80.89,Tuesday,0,0,2,8.77,0.82,1.0,0.19,0,0.989
2025-03-25 18:00:00,28.83,80.74,Tuesday,0,0,1,9.88,0.96,0.45,0.82,1,1.011
2025-03-25 19:00:00,30.65,80.81,Tuesday,0,0,2,10.9,1.0,0.9,0.34,0,1.673
2025-03-25 20:00:00,30.74,77.23,Tuesday,0,0,3,10.6,0.65,0.91,0.76,0,0.816
2025-03-25 21:00:00,30.33,79.95,Tuesday,0,0,2,12.94,0.94,0.66,0.8,0,0.872
2025-03-25 22:00:00,33.21,80.58,Tuesday,0,0,2,13.33,1.0,0.66,0.98,0,1.92
2025-03-25 23:00:00,30.89,73.78,Tuesday,0,0,2,14.96,0.53,0.67,0.6,0,0.893
2025-03-26 00:00:00,30.15,65.51,Wednesday,0,0,3,14.16,0.96,0.53,0.1,0,2.202
2025-03-26 01:00:00,26.29,75.3,Wednesday,0,0,2,14.77,0.0,0.4,0.17,0,0.826
2025-03-26 02:00:00,30.27,75.21,Wednesday,0,0,2,12.36,0.72,1.0,0.04,0,1.433
2025-03-26 03:00:00,26.11,77.37,Wednesday,0,0,2,11.44,0.0,1.0,0.09,0,0.656
2025-03-26 04:00:00,27.73,69.31,Wednesday,0,0,1,13.34,0.67,0.76,0.13,0,0.615
2025-03-26 05:00:00,27.5,67.59,Wednesday,0,0,3,12.44,0.6,0.38,0.2,0,1.324
2025-03-26 06:00:00,28.97,70.72,Wednesday,0,0,4,9.41,0.6,0.89,0.04,0,0.975
2025-03-26 07:00:00,23.87,83.06,Wednesday,0,0,2,8.75,0.0,0.66,0.17,0,0.269
2025-03-26 08:00:00,20.69,89.78,Wednesday,0,0,1,6.83,0.0,0.71,0.12,0,0.162
2025-03-26 09:00:00,26.55,81.18,Wednesday,0,0,0,0.0,0.0,0.0,0.0,0,0.423
2025-03-26 10:00:00,29.76,79.0,Wednesday,0,0,0,0.0,0.0,0.0,0.0,0,0.153
2025-03-26 11:00:00,29.23,73.79,Wednesday,0,0,0,0.0,0.0,0.0,0.0,0,0.153
2025-03-26 12:00:00,28.0,66.59,Wednesday,0,0,0,0.0,0.0,0.0,0.0,0,0.21
2025-03-26 13:00:00,27.46,73.51,Wednesday,0,0,0,0.0,0.0,0.0,0.0,0,0.255
2025-03-26 14:00:00,30.57,71.69,Wednesday,0,0,3,5.9,0.53,0.84,0.09,0,1.343
2025-03-26 15:00:00,28.15,72.68,Wednesday,0,0,0,0.0,0.0,0.0,0.0,0,0.191
2025-03-26 16:00:00,31.48,72.44,Wednesday,0,0,0,0.0,0.0,0.0,0.0,0,0.184
2025-03-26 17:00:00,32.15,73.77,Wednesday,0,0,3,9.93,0.15,0.48,0.15,0,0.846
2025-03-26 18:00:00,33.63,74.5,Wednesday,0,0,2,8.07,0.5,1.0,0.67,0,1.357
2025-03-26 19:00:00,36.99,65.82,Wednesday,0,0,2,9.13,0.67,1.0,0.48,0,0.863
2025-03-26 20:00:00,32.83,61.44,Wednesday,0,0,3,12.93,0.45,1.0,0.57,0,1.919
2025-03-26 21:00:00,31.1,70.09,Wednesday,0,0,4,16.0,0.69,0.56,0.86,0,1.416
2025-03-26 22:00:00,31.67,72.21,Wednesday,0,0,3,15.66,0.66,0.82,0.63,0,1.854
2025-03-26 23:00:00,28.06,81.36,Wednesday,0,0,3,14.51,0.18,1.0,0.38,0,0.436
2025-03-27 00:00:00,29.37,71.23,Thursday,0,0,3,13.72,0.52,0.58,0.06,0,0.76
2025-03-27 01:00:00,29.16,76.82,Thursday,0,0,3,13.01,0.89,0.5,0.14,0,1.408
2025-03-27 02:00:00,28.18,76.59,Thursday,0,0,3,15.41,0.77,0.83,0.03,0,1.138
2025-03-27 03:00:00,28.62,74.96,Thursday,0,0,2,14.92,0.48,1.0,0.18,0,1.527
2025-03-27 04:00:00,26.14,81.63,Thursday,0,0,1,11.55,0.0,0.58,0.02,0,0.302
2025-03-27 05:00:00,29.02,71.08,Thursday,0,0,3,10.92,1.0,1.0,0.11,0,1.947
2025-03-27 06:00:00,26.52,73.75,Thursday,0,0,4,10.07,0.0,0.52,0.17,0,0.333
2025-03-27 07:00:00,26.21,76.85,Thursday,0,0,2,11.43,0.0,0.91,0.14,0,0.492
2025-03-27 08:00:00,25.53,74.32,Thursday,0,0,0,0.0,0.0,0.0,0.0,0,0.286
2025-03-27 09:00:00,26.5,79.19,Thursday,0,0,0,0.0,0.0,0.0,0.0,0,0.225
2025-03-27 10:00:00,28.01,71.73,Thursday,0,0,0,0.0,0.0,0.0,0.0,0,0.371
2025-03-27 11:00:00,25.44,78.74,Thursday,0,0,0,0.0,0.0,0.0,0.0,0,0.254
2025-03-27 12:00:00,26.44,76.21,Thursday,0,0,0,0.0,0.0,0.0,0.0,0,0.259
2025-03-27 13:00:00,27.8,76.56,Thursday,0,0,0,0.0,0.0,0.0,0.0,0,0.138
2025-03-27 14:00:00,26.7,74.17,Thursday,0,0,3,5.15,0.0,0.93,0.08,0,0.415
2025-03-27 15:00:00,28.42,73.22,Thursday,0,0,0,0.0,0.0,0.0,0.0,0,0.326
2025-03-27 16:00:00,29.76,74.19,Thursday,0,0,4,6.22,0.95,0.93,0.07,0,1.823
2025-03-27 17:00:00,32.82,71.98,Thursday,0,0,1,9.22,0.2,0.6,0.14,1,1.136
2025-03-27 18:00:00,32.19,71.51,Thursday,0,0,0,0.0,0.0,0.0,0.0,0,0.217
2025-03-27 19:00:00,32.37,79.9,Thursday,0,0,3,11.81,1.0,0.55,0.57,0,0.05
2025-03-27 20:00:00,33.65,65.26,Thursday,0,0,0,0.0,0.0,0.0,0.0,0,0.175
2025-03-27 21:00:00,31.77,71.58,Thursday,0,0,2,13.8,0.55,0.74,0.87,0,0.994
2025-03-27 22:00:00,32.42,63.45,Thursday,0,0,1,12.87,0.55,0.45,0.85,0,1.312
2025-03-27 23:00:00,31.06,74.41,Thursday,0,0,2,14.83,0.82,1.0,0.82,0,2.225
2025-03-28 00:00:00,31.1,66.93,Friday,0,0,2,13.85,0.74,0.88,0.16,0,2.652
2025-03-28 01:00:00,28.85,73.14,Friday,0,0,3,16.0,0.78,0.53,0.16,0,1.815
2025-03-28 02:00:00,24.73,76.38,Friday,0,0,1,14.84,0.0,0.7,0.17,0,0.636
2025-03-28 03:00:00,28.1,76.61,Friday,0,0,1,13.32,0.59,0.53,0.06,0,1.476
2025-03-28 04:00:00,30.18,70.57,Friday,0,0,3,14.57,0.85,0.71,0.1,0,2.042
2025-03-28 05:00:00,28.67,71.72,Friday,0,0,1,10.74,0.06,0.54,0.06,0,0.636
2025-03-28 06:00:00,28.26,82.24,Friday,0,0,3,7.88,0.25,1.0,0.12,0,0.615
2025-03-28 07:00:00,28.45,76.32,Friday,0,0,2,10.29,0.21,0.35,0.17,0,0.592
2025-03-28 08:00:00,26.28,74.04,Friday,0,0,0,0.0,0.0,0.0,0.0,0,0.291
2025-03-28 09:00:00,26.58,75.32,Friday,0,0,1,5.99,0.0,0.69,0.11,0,0.587
2025-03-28 10:00:00,25.41,85.86,Friday,0,0,0,0.0,0.0,0.0,0.0,0,0.333
2025-03-28 11:00:00,26.43,75.54,Friday,0,0,2,5.94,0.0,0.78,0.17,0,0.612
2025-03-28 12:00:00,28.73,71.2,Friday,0,0,0,0.0,0.0,0.0,0.0,0,0.139
2025-03-28 13:00:00,30.51,69.61,Friday,0,0,0,0.0,0.0,0.0,0.0,0,0.267
2025-03-28 14:00:00,28.87,71.77,Friday,0,0,0,0.0,0.0,0.0,0.0,0,0.3
2025-03-28 15:00:00,29.09,71.35,Friday,0,0,3,6.84,0.56,1.0,0.06,1,1.956
2025-03-28 16:00:00,30.62,66.54,Friday,0,0,0,0.0,0.0,0.0,0.0,0,0.181
2025-03-28 17:00:00,32.33,65.79,Friday,0,1,4,8.71,0.54,1.0,0.17,0,0.623
2025-03-28 18:00:00,29.12,70.14,Friday,0,0,0,0.0,0.0,0.0,0.0,0,0.131
2025-03-28 19:00:00,27.89,78.36,Friday,0,0,2,13.15,0.75,1.0,0.95,0,1.364
2025-03-28 20:00:00,31.13,70.58,Friday,0,0,0,0.0,0.0,0.0,0.0,0,0.359
2025-03-28 21:00:00,29.82,72.62,Friday,0,0,2,15.8,0.5,0.63,0.5,0,1.347
2025-03-28 22:00:00,30.81,79.13,Friday,0,0,2,14.53,0.58,0.52,0.75,0,0.866
2025-03-28 23:00:00,30.98,79.1,Friday,0,0,2,12.21,0.04,0.93,0.87,0,0.625
2025-03-29 00:00:00,29.81,72.26,Saturday,1,0,1,11.74,0.8,0.57,0.07,0,1.405
2025-03-29 01:00:00,32.51,68.08,Saturday,1,0,3,14.52,0.32,0.99,0.13,0,1.137
2025-03-29 02:00:00,29.71,69.44,Saturday,1,0,3,16.0,0.7,0.95,0.09,0,1.295
2025-03-29 03:00:00,28.89,77.97,Saturday,1,0,2,15.38,0.43,0.6,0.19,0,0.623
2025-03-29 04:00:00,28.74,73.61,Saturday,1,0,2,12.75,0.63,0.81,0.19,0,1.07
2025-03-29 05:00:00,24.95,76.11,Saturday,1,0,3,10.19,0.0,0.7,0.11,0,0.557
2025-03-29 06:00:00,28.39,70.88,Saturday,1,0,1,9.37,0.54,0.78,0.15,0,1.187
2025-03-29 07:00:00,26.09,73.17,Saturday,1,0,4,9.02,0.0,0.94,0.15,0,0.57
2025-03-29 08:00:00,27.33,77.5,Saturday,1,0,2,9.13,0.65,0.67,0.14,0,0.809
2025-03-29 09:00:00,24.29,72.06,Saturday,1,0,3,7.32,0.0,0.34,0.19,0,0.549
2025-03-29 10:00:00,23.73,84.12,Saturday,1,0,0,0.0,0.0,0.0,0.0,0,0.3
2025-03-29 11:00:00,28.47,72.21,Saturday,1,0,2,6.14,1.0,1.0,0.15,0,1.863
2025-03-29 12:00:00,28.3,74.28,Saturday,1,0,0,0.0,0.0,0.0,0.0,0,0.427
2025-03-29 13:00:00,26.72,69.77,Saturday,1,0,2,1.78,0.0,0.74,0.07,0,0.484
2025-03-29 14:00:00,27.56,75.64,Saturday,1,0,3,4.33,0.62,0.52,0.07,1,1.877
2025-03-29 15:00:00,31.92,70.13,Saturday,1,0,2,4.81,0.44,1.0,0.1,0,1.257
2025-03-29 16:00:00,28.48,74.62,Saturday,1,0,1,5.7,0.74,1.0,0.17,0,1.673
2025-03-29 17:00:00,34.2,77.08,Saturday,1,0,2,8.71,0.66,0.55,0.13,0,1.807
2025-03-29 18:00:00,30.1,74.3,Saturday,1,0,3,7.83,0.98,0.42,0.77,0,2.653
2025-03-29 19:00:00,33.17,66.67,Saturday,1,0,2,9.88,0.37,0.81,0.91,0,1.422
2025-03-29 20:00:00,31.53,68.57,Saturday,1,0,2,12.35,0.52,0.47,0.77,0,1.139
2025-03-29 21:00:00,33.11,73.68,Saturday,1,0,2,11.13,0.9,0.96,0.63,0,3.374
2025-03-29 22:00:00,30.74,79.33,Saturday,1,0,2,13.6,0.6,0.72,0.79,0,1.361
2025-03-29 23:00:00,30.95,74.05,Saturday,1,0,0,0.0,0.0,0.0,0.0,0,0.324
2025-03-30 00:00:00,30.7,76.32,Sunday,1,0,1,13.16,0.95,1.0,0.11,0,1.394
2025-03-30 01:00:00,28.09,78.26,Sunday,1,0,2,16.0,0.79,1.0,0.07,0,0.569
2025-03-30 02:00:00,30.46,80.19,Sunday,1,1,2,13.12,0.5,0.85,0.15,0,0.925
2025-03-30 03:00:00,27.42,66.07,Sunday,1,0,2,13.94,0.56,0.51,0.19,0,1.153
2025-03-30 04:00:00,27.21,79.35,Sunday,1,0,4,10.84,0.96,0.38,0.05,0,1.933
2025-03-30 05:00:00,25.21,82.73,Sunday,1,0,1,11.97,0.0,0.9,0.07,0,0.499
2025-03-30 06:00:00,21.91,74.09,Sunday,1,0,1,9.54,0.0,0.92,0.06,0,0.417
2025-03-30 07:00:00,25.88,72.78,Sunday,1,0,3,9.41,0.0,0.82,0.13,0,0.553
2025-03-30 08:00:00,30.46,68.83,Sunday,1,0,2,6.68,0.33,0.42,0.14,0,1.092
2025-03-30 09:00:00,27.64,71.98,Sunday,1,0,3,7.3,0.59,0.55,0.1,0,1.161
2025-03-30 10:00:00,26.49,74.25,Sunday,1,0,3,6.94,0.0,0.77,0.04,0,0.46
2025-03-30 11:00:00,26.53,77.84,Sunday,1,0,2,5.35,0.0,0.6,0.06,0,0.35
2025-03-30 12:00:00,27.66,79.93,Sunday,1,0,1,4.28,0.55,0.56,0.15,0,0.793
2025-03-30 13:00:00,29.33,79.51,Sunday,1,0,1,4.82,0.57,0.51,0.18,0,1.642
2025-03-30 14:00:00,27.0,72.01,Sunday,1,0,1,3.77,0.0,0.72,0.1,0,0.281
2025-03-30 15:00:00,31.9,67.56,Sunday,1,0,2,6.77,1.0,0.7,0.05,0,1.818
2025-03-30 16:00:00,31.91,78.36,Sunday,1,0,3,8.43,0.1,0.54,0.13,0,0.702
2025-03-30 17:00:00,32.54,74.45,Sunday,1,0,3,11.06,0.82,0.75,0.13,0,0.56
2025-03-30 18:00:00,32.51,71.66,Sunday,1,0,1,11.96,0.63,0.81,0.36,0,1.833
2025-03-30 19:00:00,32.05,74.02,Sunday,1,0,3,9.83,0.63,0.84,0.65,0,1.423
2025-03-30 20:00:00,33.33,70.35,Sunday,1,1,4,12.82,0.55,0.51,0.59,0,1.625
2025-03-30 21:00:00,33.08,73.35,Sunday,1,1,3,13.34,0.78,0.67,0.37,0,1.54
2025-03-30 22:00:00,31.08,70.85,Sunday,1,0,1,16.0,0.89,0.75,0.83,0,0.947
2025-03-30 23:00:00,30.21,74.65,Sunday,1,0,0,0.0,0.0,0.0,0.0,0,0.288
2025-03-31 00:00:00,30.81,65.22,Monday,0,0,3,16.0,1.0,0.42,0.17,0,2.004
2025-03-31 01:00:00,32.69,67.64,Monday,0,0,2,13.35,0.69,0.66,0.1,0,2.126
2025-03-31 02:00:00,26.89,72.91,Monday,0,0,2,14.17,0.0,0.9,0.15,0,0.596
2025-03-31 03:00:00,25.7,75.49,Monday,0,0,0,0.0,0.0,0.0,0.0,0,0.112
2025-03-31 04:00:00,27.92,70.74,Monday,0,0,1,9.55,0.51,0.84,0.07,0,1.472
2025-03-31 05:00:00,27.09,73.45,Monday,0,0,3,9.94,0.99,0.75,0.08,0,2.236
2025-03-31 06:00:00,26.84,68.78,Monday,0,0,3,9.61,0.0,0.64,0.11,0,0.556
2025-03-31 07:00:00,26.66,79.25,Monday,0,0,0,0.0,0.0,0.0,0.0,0,0.233
2025-03-31 08:00:00,25.72,76.94,Monday,0,0,2,5.87,0.0,0.67,0.05,0,0.237
2025-03-31 09:00:00,28.91,65.96,Monday,0,0,0,0.0,0.0,0.0,0.0,0,0.328
2025-03-31 10:00:00,23.64,75.05,Monday,0,0,0,0.0,0.0,0.0,0.0,0,0.199
2025-03-31 11:00:00,25.51,79.22,Monday,0,0,0,0.0,0.0,0.0,0.0,0,0.52
2025-03-31 12:00:00,27.44,73.09,Monday,0,0,0,0.0,0.0,0.0,0.0,0,0.259
2025-03-31 13:00:00,25.39,74.17,Monday,0,0,0,0.0,0.0,0.0,0.0,0,0.237
2025-03-31 14:00:00,28.81,74.2,Monday,0,0,0,0.0,0.0,0.0,0.0,0,0.267
2025-03-31 15:00:00,32.89,72.62,Monday,0,0,2,3.54,0.88,0.53,0.19,0,2.453
2025-03-31 16:00:00,30.66,65.72,Monday,0,0,0,0.0,0.0,0.0,0.0,0,0.262
2025-03-31 17:00:00,31.66,74.76,Monday,0,0,2,7.28,0.53,0.56,0.18,0,0.32
2025-03-31 18:00:00,29.45,69.99,Monday,0,0,2,10.92,0.94,1.0,0.62,0,2.731
2025-03-31 19:00:00,30.91,72.59,Monday,0,0,2,7.55,0.4,1.0,0.91,0,1.269
2025-03-31 20:00:00,31.45,72.02,Monday,0,0,3,13.31,0.35,0.92,0.69,0,0.996
2025-03-31 21:00:00,31.45,69.56,Monday,0,0,2,14.05,0.58,1.0,0.85,0,1.749
2025-03-31 22:00:00,34.03,64.76,Monday,0,0,1,11.61,0.75,0.86,0.71,0,1.307
2025-03-31 23:00:00,32.25,70.05,Monday,0,0,2,14.35,0.39,0.83,0.94,0,0.801
2025-04-01 00:00:00,30.76,80.94,Tuesday,0,0,3,16.0,0.63,0.6,0.18,0,1.845
2025-04-01 01:00:00,32.49,64.45,Tuesday,0,0,3,13.22,0.3,0.9,0.04,0,0.826
2025-04-01 02:00:00,32.16,80.02,Tuesday,0,0,3,13.5,0.58,0.98,0.16,0,1.766
2025-04-01 03:00:00,32.54,69.91,Tuesday,0,0,0,0.0,0.0,0.0,0.0,0,0.263
2025-04-01 04:00:00,32.61,71.33,Tuesday,0,0,1,12.99,0.44,0.78,0.01,0,1.501
2025-04-01 05:00:00,27.32,70.48,Tuesday,0,0,2,10.91,0.34,0.8,0.19,0,1.013
2025-04-01 06:00:00,27.21,72.16,Tuesday,0,0,1,9.28,0.74,0.73,0.1,0,0.473
2025-04-01 07:00:00,26.1,74.49,Tuesday,0,0,0,0.0,0.0,0.0,0.0,0,0.345
2025-04-01 08:00:00,27.84,70.21,Tuesday,0,0,2,8.53,1.0,0.97,0.12,0,1.434
2025-04-01 09:00:00,29.21,73.17,Tuesday,0,0,3,3.23,0.7,0.28,0.04,0,1.657
2025-04-01 10:00:00,30.44,71.06,Tuesday,0,0,0,0.0,0.0,0.0,0.0,0,0.191
2025-04-01 11:00:00,29.01,83.65,Tuesday,0,0,0,0.0,0.0,0.0,0.0,0,0.37
2025-04-01 12:00:00,29.19,68.4,Tuesday,0,0,3,4.77,0.76,0.43,0.06,0,1.303
2025-04-01 13:00:00,30.76,73.33,Tuesday,0,0,2,5.28,0.4,1.0,0.05,0,0.347
2025-04-01 14:00:00,29.76,74.95,Tuesday,0,0,0,0.0,0.0,0.0,0.0,0,0.189
2025-04-01 15:00:00,35.8,62.93,Tuesday,0,0,2,6.16,0.46,0.97,0.09,1,2.008
2025-04-01 16:00:00,29.87,77.05,Tuesday,0,0,0,0.0,0.0,0.0,0.0,0,0.206
2025-04-01 17:00:00,33.72,68.16,Tuesday,0,0,1,7.43,0.73,0.77,0.17,0,1.263
2025-04-01 18:00:00,37.51,54.28,Tuesday,0,0,1,9.2,0.68,0.83,0.54,0,2.653
2025-04-01 19:00:00,34.18,73.04,Tuesday,0,0,4,10.2,0.99,1.0,0.66,0,2.146
2025-04-01 20:00:00,33.92,64.38,Tuesday,0,0,1,13.2,0.65,1.0,0.66,0,2.08
2025-04-01 21:00:00,33.52,65.09,Tuesday,0,0,3,13.55,0.91,0.23,0.87,0,2.039
2025-04-01 22:00:00,33.54,73.75,Tuesday,0,0,1,12.62,1.0,0.65,0.86,0,1.204
2025-04-01 23:00:00,35.86,66.49,Tuesday,0,0,0,0.0,0.0,0.0,0.0,0,0.237
2025-04-02 00:00:00,28.78,79.18,Wednesday,0,0,2,12.95,0.71,0.8,0.09,0,1.342
2025-04-02 01:00:00,34.8,75.23,Wednesday,0,0,2,12.26,0.89,0.5,0.17,0,2.122
2025-04-02 02:00:00,28.7,71.44,Wednesday,0,0,2,13.96,1.0,0.32,0.15,0,1.402
2025-04-02 03:00:00,30.01,77.46,Wednesday,0,0,3,13.16,0.68,0.9,0.04,0,0.855
2025-04-02 04:00:00,28.99,70.63,Wednesday,0,0,1,12.61,0.49,0.54,0.06,0,0.797
2025-04-02 05:00:00,30.2,84.48,Wednesday,0,0,0,0.0,0.0,0.0,0.0,0,0.149
2025-04-02 06:00:00,25.79,73.82,Wednesday,0,0,3,11.34,0.0,0.79,0.11,0,0.369
2025-04-02 07:00:00,29.2,79.35,Wednesday,0,0,1,11.28,0.86,0.71,0.11,0,1.359
2025-04-02 08:00:00,31.91,76.0,Wednesday,0,0,1,7.47,0.82,0.52,0.19,0,2.539
2025-04-02 09:00:00,25.91,78.76,Wednesday,0,0,3,6.94,0.0,0.73,0.14,0,0.579
2025-04-02 10:00:00,29.01,71.04,Wednesday,0,0,0,0.0,0.0,0.0,0.0,0,0.178
2025-04-02 11:00:00,27.95,74.59,Wednesday,0,0,0,0.0,0.0,0.0,0.0,0,0.256
2025-04-02 12:00:00,30.53,62.25,Wednesday,0,0,0,0.0,0.0,0.0,0.0,0,0.337
2025-04-02 13:00:00,30.52,74.15,Wednesday,0,0,0,0.0,0.0,0.0,0.0,0,0.286
2025-04-02 14:00:00,30.11,75.15,Wednesday,0,0,0,0.0,0.0,0.0,0.0,0,0.253
2025-04-02 15:00:00,32.92,71.54,Wednesday,0,0,3,5.63,0.44,0.67,0.04,0,0.712
2025-04-02 16:00:00,36.01,53.22,Wednesday,0,0,0,0.0,0.0,0.0,0.0,0,0.202
2025-04-02 17:00:00,33.04,64.43,Wednesday,0,0,3,7.98,0.98,0.56,0.17,0,1.738
2025-04-02 18:00:00,35.16,65.12,Wednesday,0,0,3,8.44,0.72,0.66,0.53,0,1.649
2025-04-02 19:00:00,31.84,73.31,Wednesday,0,0,2,12.48,0.47,0.63,0.46,0,0.616
2025-04-02 20:00:00,32.54,72.66,Wednesday,0,0,2,13.0,0.33,0.51,0.69,0,0.7
2025-04-02 21:00:00,35.01,68.14,Wednesday,0,0,2,14.03,1.0,1.0,0.45,0,2.246
2025-04-02 22:00:00,36.53,70.79,Wednesday,0,0,4,15.8,0.22,0.73,0.96,0,0.327
2025-04-02 23:00:00,34.03,64.74,Wednesday,0,0,3,13.59,0.73,0.98,0.81,0,0.875
2025-04-03 00:00:00,32.2,74.57,Thursday,0,0,1,15.4,0.5,1.0,0.14,0,1.263
2025-04-03 01:00:00,32.04,74.04,Thursday,0,0,0,0.0,0.0,0.0,0.0,0,0.356
2025-04-03 02:00:00,29.01,76.27,Thursday,0,0,4,12.99,0.35,0.5,0.18,0,1.04
2025-04-03 03:00:00,31.58,71.17,Thursday,0,0,1,10.49,1.0,1.0,0.14,0,2.543
2025-04-03 04:00:00,31.35,81.44,Thursday,0,0,4,11.46,0.62,0.73,0.08,0,2.231
2025-04-03 05:00:00,28.33,77.47,Thursday,0,0,2,12.73,0.59,1.0,0.17,0,1.686
2025-04-03 06:00:00,27.82,70.62,Thursday,0,0,1,8.57,0.57,0.88,0.01,0,1.01
2025-04-03 07:00:00,28.85,75.78,Thursday,0,0,2,8.01,0.5,0.46,0.0,0,1.783
2025-04-03 08:00:00,27.48,79.53,Thursday,0,0,2,6.33,0.56,1.0,0.05,0,1.707
2025-04-03 09:00:00,28.25,72.14,Thursday,0,0,0,0.0,0.0,0.0,0.0,0,0.394
2025-04-03 10:00:00,32.45,76.74,Thursday,0,0,0,0.0,0.0,0.0,0.0,0,0.24
2025-04-03 11:00:00,28.7,76.58,Thursday,0,0,0,0.0,0.0,0.0,0.0,0,0.314
2025-04-03 12:00:00,29.12,62.58,Thursday,0,0,0,0.0,0.0,0.0,0.0,0,0.14
2025-04-03 13:00:00,29.32,75.61,Thursday,0,0,1,4.76,0.63,0.87,0.12,0,1.12
2025-04-03 14:00:00,32.61,69.13,Thursday,0,0,2,7.34,0.51,0.51,0.07,0,0.263
2025-04-03 15:00:00,31.72,74.64,Thursday,0,0,0,0.0,0.0,0.0,0.0,0,0.196
2025-04-03 16:00:00,31.6,76.78,Thursday,0,0,0,0.0,0.0,0.0,0.0,0,0.271
2025-04-03 17:00:00,35.77,69.29,Thursday,0,0,1,7.61,0.9,0.69,0.18,0,1.874
2025-04-03 18:00:00,36.42,76.05,Thursday,0,0,2,11.07,0.44,0.63,0.47,0,2.008
2025-04-03 19:00:00,33.08,69.83,Thursday,0,0,1,10.66,0.85,0.92,0.61,0,1.96
2025-04-03 20:00:00,30.91,75.81,Thursday,0,0,2,10.86,0.4,0.52,0.62,0,1.253
2025-04-03 21:00:00,35.98,72.15,Thursday,0,0,2,13.66,0.62,0.8,0.67,0,1.447
2025-04-03 22:00:00,32.63,70.65,Thursday,0,0,3,13.15,0.63,1.0,0.9,0,1.943
2025-04-03 23:00:00,34.81,73.06,Thursday,0,0,2,15.55,0.46,1.0,0.92,0,1.371
2025-04-04 00:00:00,29.22,71.23,Friday,0,0,2,15.54,0.67,0.62,0.19,0,2.049
2025-04-04 01:00:00,33.65,68.1,Friday,0,0,1,13.11,0.12,0.35,0.13,0,0.92
2025-04-04 02:00:00,29.09,67.76,Friday,0,0,1,16.0,0.63,0.57,0.04,0,1.414
2025-04-04 03:00:00,31.8,73.08,Friday,0,0,0,0.0,0.0,0.0,0.0,0,0.255
2025-04-04 04:00:00,29.79,75.31,Friday,0,0,4,8.5,0.44,0.56,0.15,0,1.339
2025-04-04 05:00:00,27.43,81.71,Friday,0,0,0,0.0,0.0,0.0,0.0,0,0.376
2025-04-04 06:00:00,27.93,79.31,Friday,0,0,2,6.1,0.69,0.56,0.02,0,1.539
2025-04-04 07:00:00,29.6,72.43,Friday,0,0,3,10.27,0.7,0.61,0.05,0,1.453
2025-04-04 08:00:00,28.46,69.0,Friday,0,0,3,7.59,0.31,0.71,0.14,0,1.108
2025-04-04 09:00:00,29.42,76.19,Friday,0,0,4,6.25,0.67,0.99,0.11,0,2.095
2025-04-04 10:00:00,32.23,77.05,Friday,0,0,1,5.54,0.22,0.35,0.01,0,0.152
2025-04-04 11:00:00,26.33,80.58,Friday,0,0,1,5.92,0.0,0.82,0.15,0,0.588
2025-04-04 12:00:00,32.68,76.51,Friday,0,0,2,4.15,0.65,0.82,0.02,0,1.704
2025-04-04 13:00:00,30.68,71.83,Friday,0,0,0,0.0,0.0,0.0,0.0,0,0.319
2025-04-04 14:00:00,29.65,71.48,Friday,0,0,0,0.0,0.0,0.0,0.0,0,0.21
2025-04-04 15:00:00,29.65,70.13,Friday,0,0,3,2.02,0.58,0.71,0.06,0,1.37
2025-04-04 16:00:00,32.43,71.04,Friday,0,0,0,0.0,0.0,0.0,0.0,0,0.357
2025-04-04 17:00:00,35.05,68.57,Friday,0,0,1,9.72,0.41,0.73,0.0,0,0.568
2025-04-04 18:00:00,33.63,71.26,Friday,0,0,0,0.0,0.0,0.0,0.0,0,0.335
2025-04-04 19:00:00,36.88,66.66,Friday,0,0,4,11.74,0.78,0.59,0.55,0,2.039
2025-04-04 20:00:00,31.65,71.34,Friday,0,0,2,14.77,0.41,0.97,0.52,0,1.828
2025-04-04 21:00:00,34.14,65.89,Friday,0,0,4,13.34,0.49,0.67,0.92,0,1.697
2025-04-04 22:00:00,31.61,76.76,Friday,0,0,0,0.0,0.0,0.0,0.0,0,0.292
2025-04-04 23:00:00,34.04,70.25,Friday,0,0,4,13.72,0.67,0.71,0.35,0,1.693
2025-04-05 00:00:00,34.36,68.7,Saturday,1,0,3,12.0,0.91,0.51,0.19,0,2.406
2025-04-05 01:00:00,31.28,68.61,Saturday,1,0,2,15.39,0.59,0.87,0.2,0,1.516
2025-04-05 02:00:00,26.58,69.92,Saturday,1,0,3,13.39,0.0,0.89,0.01,0,0.566
2025-04-05 03:00:00,30.85,79.28,Saturday,1,0,2,10.52,0.23,0.44,0.01,0,0.69
2025-04-05 04:00:00,30.55,75.78,Saturday,1,0,1,12.26,0.81,1.0,0.17,0,1.048
2025-04-05 05:00:00,29.87,65.5,Saturday,1,0,1,11.01,0.48,1.0,0.04,0,0.877
2025-04-05 06:00:00,30.89,76.51,Saturday,1,0,2,9.53,1.0,0.91,0.11,0,1.043
2025-04-05 07:00:00,26.44,81.32,Saturday,1,0,1,8.78,0.0,0.77,0.12,0,0.301
2025-04-05 08:00:00,29.49,74.58,Saturday,1,0,1,5.03,0.76,1.0,0.13,0,1.621
2025-04-05 09:00:00,30.51,81.03,Saturday,1,0,2,7.83,0.81,0.88,0.01,0,0.749
2025-04-05 10:00:00,25.47,78.66,Saturday,1,0,0,0.0,0.0,0.0,0.0,0,0.2
2025-04-05 11:00:00,29.72,66.67,Saturday,1,0,0,0.0,0.0,0.0,0.0,0,0.31
2025-04-05 12:00:00,28.86,76.35,Saturday,1,0,2,4.04,1.0,1.0,0.03,0,1.602
2025-04-05 13:00:00,30.34,74.42,Saturday,1,0,1,5.69,0.46,0.39,0.19,0,0.965
2025-04-05 14:00:00,31.89,68.78,Saturday,1,0,1,2.74,0.09,0.62,0.17,0,0.359
2025-04-05 15:00:00,31.16,75.32,Saturday,1,0,3,5.09,0.32,0.9,0.03,1,1.024
2025-04-05 16:00:00,31.55,63.77,Saturday,1,0,3,5.31,0.9,1.0,0.13,0,1.608
2025-04-05 17:00:00,33.45,75.35,Saturday,1,0,2,8.97,0.53,0.46,0.08,0,1.802
2025-04-05 18:00:00,31.91,67.39,Saturday,1,0,2,8.22,1.0,0.98,0.6,0,2.403
2025-04-05 19:00:00,32.21,66.59,Saturday,1,0,3,10.51,0.83,0.65,0.83,0,0.946
2025-04-05 20:00:00,35.49,67.99,Saturday,1,0,1,12.37,0.49,0.93,0.85,0,1.528
2025-04-05 21:00:00,32.1,73.78,Saturday,1,0,0,0.0,0.0,0.0,0.0,0,0.296
2025-04-05 22:00:00,35.06,69.76,Saturday,1,0,3,12.23,0.54,0.17,0.73,0,1.784
2025-04-05 23:00:00,34.22,65.99,Saturday,1,0,3,16.0,0.13,0.31,0.38,0,0.474
2025-04-06 00:00:00,29.66,71.28,Sunday,1,0,1,15.05,0.72,0.47,0.14,0,1.488
2025-04-06 01:00:00,30.82,67.09,Sunday,1,0,1,16.0,0.82,0.6,0.11,0,2.739
2025-04-06 02:00:00,33.41,69.3,Sunday,1,0,3,12.65,0.41,0.75,0.09,0,0.798
2025-04-06 03:00:00,28.72,80.02,Sunday,1,0,2,12.84,0.26,0.62,0.06,0,0.961
2025-04-06 04:00:00,28.93,74.44,Sunday,1,0,3,12.5,0.42,0.74,0.02,0,0.846
2025-04-06 05:00:00,29.98,77.82,Sunday,1,0,1,13.47,0.9,0.63,0.04,0,1.048
2025-04-06 06:00:00,30.08,80.71,Sunday,1,0,1,12.34,0.85,0.75,0.11,0,1.356
2025-04-06 07:00:00,27.91,72.44,Sunday,1,0,2,7.93,0.7,0.98,0.15,0,1.827
2025-04-06 08:00:00,27.19,75.1,Sunday,1,0,0,0.0,0.0,0.0,0.0,0,0.367
2025-04-06 09:00:00,30.93,83.52,Sunday,1,0,3,6.33,0.23,0.89,0.08,0,0.591
2025-04-06 10:00:00,31.8,79.1,Sunday,1,0,3,7.34,0.6,0.93,0.03,0,1.178
2025-04-06 11:00:00,30.91,64.32,Sunday,1,0,2,5.25,0.79,0.71,0.12,0,1.156
2025-04-06 12:00:00,29.92,75.51,Sunday,1,0,3,5.35,0.85,0.3,0.17,0,0.583
2025-04-06 13:00:00,29.03,74.37,Sunday,1,1,3,6.83,0.85,0.81,0.19,0,1.878
2025-04-06 14:00:00,29.77,77.84,Sunday,1,1,4,7.09,0.83,0.58,0.18,0,2.51
2025-04-06 15:00:00,32.98,67.09,Sunday,1,0,4,7.94,0.98,0.97,0.17,0,2.862
2025-04-06 16:00:00,33.52,66.14,Sunday,1,0,3,8.43,0.84,1.0,0.12,0,1.583
2025-04-06 17:00:00,35.91,64.8,Sunday,1,0,4,10.73,0.36,0.69,0.05,0,1.557
2025-04-06 18:00:00,35.03,66.11,Sunday,1,0,3,8.18,0.54,0.79,0.34,0,1.911
2025-04-06 19:00:00,31.46,76.26,Sunday,1,0,0,0.0,0.0,0.0,0.0,0,0.159
2025-04-06 20:00:00,36.16,62.05,Sunday,1,0,4,14.09,0.9,0.55,0.56,0,2.139
2025-04-06 21:00:00,32.37,68.26,Sunday,1,0,0,0.0,0.0,0.0,0.0,0,0.149
2025-04-06 22:00:00,33.17,61.7,Sunday,1,0,3,15.99,0.34,0.36,0.65,0,1.248
2025-04-06 23:00:00,33.84,75.08,Sunday,1,0,1,14.31,0.56,1.0,0.81,0,2.248
2025-04-07 00:00:00,36.36,74.13,Monday,0,0,3,15.71,0.21,1.0,0.06,0,0.677
2025-04-07 01:00:00,37.64,64.99,Monday,0,0,0,0.0,0.0,0.0,0.0,0,0.224
2025-04-07 02:00:00,32.36,69.89,Monday,0,0,3,15.62,0.44,0.56,0.01,0,1.463
2025-04-07 03:00:00,30.16,75.62,Monday,0,0,3,12.85,0.36,0.82,0.06,0,1.147
2025-04-07 04:00:00,30.73,80.22,Monday,0,0,0,0.0,0.0,0.0,0.0,0,0.197
2025-04-07 05:00:00,30.74,74.88,Monday,0,0,2,10.63,1.0,0.64,0.2,0,1.397
2025-04-07 06:00:00,28.09,71.73,Monday,0,0,1,11.1,0.85,0.65,0.14,0,1.109
2025-04-07 07:00:00,31.6,63.97,Monday,0,0,1,8.68,0.59,0.62,0.18,0,1.077
2025-04-07 08:00:00,28.68,69.11,Monday,0,0,0,0.0,0.0,0.0,0.0,0,0.345
2025-04-07 09:00:00,29.26,74.53,Monday,0,0,0,0.0,0.0,0.0,0.0,0,0.217
2025-04-07 10:00:00,29.87,70.34,Monday,0,0,0,0.0,0.0,0.0,0.0,0,0.223
2025-04-07 11:00:00,29.9,74.56,Monday,0,0,0,0.0,0.0,0.0,0.0,0,0.312
2025-04-07 12:00:00,31.28,69.59,Monday,0,0,0,0.0,0.0,0.0,0.0,0,0.212
2025-04-07 13:00:00,29.38,68.77,Monday,0,0,0,0.0,0.0,0.0,0.0,0,0.315
2025-04-07 14:00:00,30.26,67.38,Monday,0,0,0,0.0,0.0,0.0,0.0,0,0.453
2025-04-07 15:00:00,30.06,81.26,Monday,0,0,0,0.0,0.0,0.0,0.0,0,0.262
2025-04-07 16:00:00,33.56,74.74,Monday,0,0,3,7.13,0.91,0.65,0.06,0,1.416
2025-04-07 17:00:00,34.79,77.84,Monday,0,0,2,6.94,0.49,0.88,0.06,0,2.035
2025-04-07 18:00:00,34.69,71.98,Monday,0,0,0,0.0,0.0,0.0,0.0,0,0.435
2025-04-07 19:00:00,37.18,64.89,Monday,0,0,1,9.78,0.69,0.76,0.74,0,1.243
2025-04-07 20:00:00,34.26,76.29,Monday,0,0,4,11.55,0.58,0.83,0.81,0,0.777
2025-04-07 21:00:00,35.37,68.5,Monday,0,0,0,0.0,0.0,0.0,0.0,0,0.255
2025-04-07 22:00:00,31.9,72.9,Monday,0,0,3,13.78,0.56,1.0,0.89,0,1.983
2025-04-07 23:00:00,32.69,70.86,Monday,0,0,2,16.0,0.37,0.71,0.93,0,0.963
2025-04-08 00:00:00,34.02,55.15,Tuesday,0,0,1,11.11,0.48,0.96,0.11,0,1.244
2025-04-08 01:00:00,33.57,78.31,Tuesday,0,0,1,14.56,0.83,0.9,0.05,0,1.553
2025-04-08 02:00:00,30.74,75.29,Tuesday,0,0,2,13.79,0.4,0.82,0.0,0,1.29
2025-04-08 03:00:00,30.36,74.82,Tuesday,0,0,0,0.0,0.0,0.0,0.0,0,0.31
2025-04-08 04:00:00,27.03,75.86,Tuesday,0,0,0,0.0,0.0,0.0,0.0,0,0.114
2025-04-08 05:00:00,28.5,75.67,Tuesday,0,0,3,12.83,0.63,0.77,0.02,0,1.27
2025-04-08 06:00:00,30.27,70.27,Tuesday,0,0,3,9.61,1.0,0.69,0.04,0,1.705
2025-04-08 07:00:00,29.4,77.12,Tuesday,0,0,2,8.91,0.43,0.46,0.18,0,0.789
2025-04-08 08:00:00,29.17,67.71,Tuesday,0,0,1,8.84,0.14,0.14,0.16,1,0.671
2025-04-08 09:00:00,28.46,75.82,Tuesday,0,0,4,6.54,0.99,1.0,0.01,0,2.208
2025-04-08 10:00:00,28.68,77.5,Tuesday,0,0,2,3.77,0.3,0.83,0.13,0,0.899
2025-04-08 11:00:00,27.96,74.35,Tuesday,0,0,0,0.0,0.0,0.0,0.0,0,0.237
2025-04-08 12:00:00,31.02,74.43,Tuesday,0,0,0,0.0,0.0,0.0,0.0,0,0.457
2025-04-08 13:00:00,31.25,67.42,Tuesday,0,0,1,2.7,0.82,0.68,0.1,0,1.44
2025-04-08 14:00:00,32.15,66.73,Tuesday,0,0,2,4.6,0.06,0.95,0.03,0,0.688
2025-04-08 15:00:00,31.1,73.7,Tuesday,0,0,0,0.0,0.0,0.0,0.0,0,0.121
2025-04-08 16:00:00,28.89,77.89,Tuesday,0,0,4,10.52,0.86,0.92,0.03,0,1.643
2025-04-08 17:00:00,35.36,59.3,Tuesday,0,0,2,9.26,1.0,0.53,0.04,0,2.357
2025-04-08 18:00:00,33.0,73.41,Tuesday,0,0,4,10.24,0.34,0.71,0.39,0,1.136
2025-04-08 19:00:00,32.61,68.43,Tuesday,0,0,2,13.83,0.92,0.78,0.99,0,1.103
2025-04-08 20:00:00,35.51,67.57,Tuesday,0,0,0,0.0,0.0,0.0,0.0,0,0.384
2025-04-08 21:00:00,33.46,63.69,Tuesday,0,0,4,14.63,0.91,0.89,0.71,0,2.189
2025-04-08 22:00:00,35.77,64.05,Tuesday,0,0,2,13.72,0.39,1.0,0.94,0,0.834
2025-04-08 23:00:00,34.5,74.28,Tuesday,0,0,2,12.93,0.59,0.8,0.65,0,0.505
2025-04-09 00:00:00,34.0,70.07,Wednesday,0,0,1,15.39,0.75,0.6,0.19,0,1.62
2025-04-09 01:00:00,29.58,71.96,Wednesday,0,0,4,16.0,0.89,0.39,0.02,0,2.118
2025-04-09 02:00:00,33.45,69.82,Wednesday,0,0,0,0.0,0.0,0.0,0.0,0,0.44
2025-04-09 03:00:00,30.96,75.08,Wednesday,0,0,3,14.52,0.54,0.59,0.03,0,1.685
2025-04-09 04:00:00,29.1,76.51,Wednesday,0,0,2,11.47,0.52,0.86,0.11,0,1.196
2025-04-09 05:00:00,29.4,73.66,Wednesday,0,0,1,8.97,1.0,0.84,0.15,0,2.325
2025-04-09 06:00:00,25.47,83.04,Wednesday,0,0,1,8.77,0.0,1.0,0.11,0,0.251
2025-04-09 07:00:00,29.1,79.16,Wednesday,0,0,4,9.03,0.53,0.8,0.17,0,1.241
2025-04-09 08:00:00,26.41,78.8,Wednesday,0,0,3,6.79,0.0,0.86,0.12,0,0.55
2025-04-09 09:00:00,25.93,77.43,Wednesday,0,0,3,7.97,0.0,0.59,0.03,0,0.257
2025-04-09 10:00:00,25.93,80.45,Wednesday,0,0,2,3.44,0.0,0.39,0.04,0,0.419
2025-04-09 11:00:00,31.15,74.04,Wednesday,0,0,0,0.0,0.0,0.0,0.0,0,0.283
2025-04-09 12:00:00,28.63,80.03,Wednesday,0,0,0,0.0,0.0,0.0,0.0,0,0.284
2025-04-09 13:00:00,33.25,75.07,Wednesday,0,0,2,6.66,0.49,0.67,0.09,0,1.688
2025-04-09 14:00:00,30.3,68.14,Wednesday,0,0,0,0.0,0.0,0.0,0.0,0,0.266
2025-04-09 15:00:00,28.97,69.0,Wednesday,0,0,0,0.0,0.0,0.0,0.0,0,0.352
2025-04-09 16:00:00,30.76,69.31,Wednesday,0,0,0,0.0,0.0,0.0,0.0,0,0.251
2025-04-09 17:00:00,35.61,73.33,Wednesday,0,0,1,6.27,0.6,0.72,0.09,0,1.1
2025-04-09 18:00:00,33.58,62.39,Wednesday,0,0,1,7.32,0.18,1.0,0.44,0,0.65
2025-04-09 19:00:00,33.18,72.62,Wednesday,0,0,4,9.97,0.63,0.74,0.73,0,1.538
2025-04-09 20:00:00,34.55,71.21,Wednesday,0,0,0,0.0,0.0,0.0,0.0,0,0.231
2025-04-09 21:00:00,35.07,74.75,Wednesday,0,0,2,13.37,1.0,0.34,0.4,0,2.568
2025-04-09 22:00:00,35.87,69.11,Wednesday,0,0,3,14.21,0.55,1.0,0.33,0,1.512
2025-04-09 23:00:00,35.99,61.39,Wednesday,0,0,2,14.22,0.59,0.31,0.98,0,2.598
2025-04-10 00:00:00,32.12,66.8,Thursday,0,0,1,15.81,0.82,1.0,0.17,0,1.904
2025-04-10 01:00:00,29.66,67.9,Thursday,0,0,3,13.74,0.98,1.0,0.04,0,1.8
2025-04-10 02:00:00,30.52,70.34,Thursday,0,0,1,12.38,0.36,0.11,0.06,0,1.137
2025-04-10 03:00:00,30.96,71.72,Thursday,0,0,0,0.0,0.0,0.0,0.0,0,0.31
2025-04-10 04:00:00,28.03,69.45,Thursday,0,0,0,0.0,0.0,0.0,0.0,0,0.348
2025-04-10 05:00:00,27.42,83.17,Thursday,0,0,2,10.38,0.7,0.86,0.06,0,0.991
2025-04-10 06:00:00,29.29,67.52,Thursday,0,1,2,10.89,0.69,0.4,0.1,0,1.051
2025-04-10 07:00:00,28.28,81.78,Thursday,0,0,3,6.07,0.52,0.67,0.02,0,1.068
2025-04-10 08:00:00,28.32,80.93,Thursday,0,0,2,6.99,0.57,0.45,0.0,0,1.368
2025-04-10 09:00:00,27.0,80.69,Thursday,0,0,0,0.0,0.0,0.0,0.0,0,0.209
2025-04-10 10:00:00,28.25,71.6,Thursday,0,0,0,0.0,0.0,0.0,0.0,0,0.231
2025-04-10 11:00:00,27.48,77.48,Thursday,0,1,3,4.15,0.87,1.0,0.05,0,1.758
2025-04-10 12:00:00,31.37,65.88,Thursday,0,0,2,8.32,0.43,0.96,0.07,0,0.89
2025-04-10 13:00:00,32.35,75.94,Thursday,0,0,0,0.0,0.0,0.0,0.0,0,0.198
2025-04-10 14:00:00,27.94,74.98,Thursday,0,0,0,0.0,0.0,0.0,0.0,0,0.294
2025-04-10 15:00:00,30.37,71.12,Thursday,0,0,3,4.71,0.74,0.34,0.14,0,1.966
2025-04-10 16:00:00,30.07,67.32,Thursday,0,0,0,0.0,0.0,0.0,0.0,0,0.337
2025-04-10 17:00:00,32.22,59.12,Thursday,0,0,1,12.91,0.8,1.0,0.02,0,1.447
2025-04-10 18:00:00,33.71,64.97,Thursday,0,0,2,12.77,0.49,1.0,0.77,0,1.498
2025-04-10 19:00:00,31.55,77.67,Thursday,0,0,1,12.56,0.52,0.76,0.61,0,0.973
2025-04-10 20:00:00,32.61,69.14,Thursday,0,0,4,11.59,0.74,0.87,0.36,0,2.196
2025-04-10 21:00:00,32.36,70.53,Thursday,0,0,3,13.28,0.93,0.81,0.72,0,1.701
2025-04-10 22:00:00,34.24,72.96,Thursday,0,0,2,16.0,0.23,0.98,0.47,0,0.576
2025-04-10 23:00:00,33.51,79.37,Thursday,0,0,3,15.95,0.66,1.0,0.57,0,1.487
2025-04-11 00:00:00,31.47,78.81,Friday,0,0,2,15.12,1.0,0.61,0.1,0,2.168
2025-04-11 01:00:00,32.36,66.51,Friday,0,0,3,15.04,0.38,0.62,0.14,0,0.403
2025-04-11 02:00:00,30.28,63.53,Friday,0,0,2,15.91,0.6,0.68,0.08,0,0.766
2025-04-11 03:00:00,30.0,85.3,Friday,0,0,1,15.49,0.5,0.74,0.01,0,1.529
2025-04-11 04:00:00,32.78,82.35,Friday,0,0,4,10.25,0.83,0.93,0.15,0,1.856
2025-04-11 05:00:00,31.56,73.04,Friday,0,0,3,11.63,0.34,0.73,0.19,0,1.015
2025-04-11 06:00:00,26.33,70.45,Friday,0,0,4,10.87,0.0,0.54,0.16,0,0.223
2025-04-11 07:00:00,29.86,78.44,Friday,0,1,3,7.91,0.86,0.54,0.17,0,2.338
2025-04-11 08:00:00,29.73,73.21,Friday,0,0,0,0.0,0.0,0.0,0.0,0,0.385
2025-04-11 09:00:00,26.3,76.26,Friday,0,0,1,6.03,0.0,0.72,0.15,0,0.485
2025-04-11 10:00:00,30.14,77.85,Friday,0,0,0,0.0,0.0,0.0,0.0,0,0.206
2025-04-11 11:00:00,31.91,73.45,Friday,0,0,1,4.62,0.33,0.86,0.02,0,1.091
2025-04-11 12:00:00,27.74,69.6,Friday,0,0,0,0.0,0.0,0.0,0.0,0,0.225
2025-04-11 13:00:00,28.84,72.92,Friday,0,0,0,0.0,0.0,0.0,0.0,0,0.271
2025-04-11 14:00:00,33.1,74.02,Friday,0,0,3,8.16,0.47,0.46,0.12,0,1.136
2025-04-11 15:00:00,32.53,73.77,Friday,0,0,2,7.58,0.5,0.79,0.05,0,0.996
2025-04-11 16:00:00,33.76,71.43,Friday,0,0,2,6.81,0.54,1.0,0.01,0,1.573
2025-04-11 17:00:00,34.0,74.57,Friday,0,0,2,8.3,0.38,0.96,0.02,0,1.121
2025-04-11 18:00:00,34.57,67.58,Friday,0,0,3,9.59,0.98,0.58,0.86,1,2.519
2025-04-11 19:00:00,31.78,72.8,Friday,0,0,4,11.32,0.94,1.0,0.79,0,1.138
2025-04-11 20:00:00,36.15,51.09,Friday,0,0,3,11.08,0.55,0.24,0.38,0,0.725
2025-04-11 21:00:00,36.27,65.61,Friday,0,0,1,13.41,0.57,0.76,0.96,0,2.091
2025-04-11 22:00:00,33.45,74.21,Friday,0,0,0,0.0,0.0,0.0,0.0,0,0.428
2025-04-11 23:00:00,33.31,68.57,Friday,0,0,3,16.0,0.61,0.7,0.71,0,2.021
2025-04-12 00:00:00,30.01,71.16,Saturday,1,0,2,12.65,0.77,0.88,0.11,0,2.246
2025-04-12 01:00:00,32.97,65.62,Saturday,1,0,4,12.24,0.95,0.7,0.05,0,1.679
2025-04-12 02:00:00,32.3,76.45,Saturday,1,0,1,13.44,0.43,0.38,0.13,0,1.011
2025-04-12 03:00:00,30.38,75.9,Saturday,1,1,2,10.87,0.23,0.73,0.18,0,0.886
2025-04-12 04:00:00,31.79,76.02,Saturday,1,0,1,10.6,0.4,0.79,0.04,0,1.066
2025-04-12 05:00:00,28.54,66.18,Saturday,1,0,3,11.82,0.79,0.98,0.19,0,2.43
2025-04-12 06:00:00,29.68,72.98,Saturday,1,0,2,9.94,0.64,1.0,0.04,0,0.723
2025-04-12 07:00:00,26.53,75.22,Saturday,1,0,1,6.12,0.0,0.54,0.05,0,0.316
2025-04-12 08:00:00,28.22,73.7,Saturday,1,0,2,9.26,0.66,1.0,0.18,0,1.149
2025-04-12 09:00:00,28.05,72.17,Saturday,1,0,2,5.83,1.0,0.64,0.12,0,1.392
2025-04-12 10:00:00,29.07,72.6,Saturday,1,0,4,4.89,0.25,0.62,0.01,1,1.64
2025-04-12 11:00:00,28.48,79.12,Saturday,1,0,2,6.7,0.03,0.65,0.16,0,0.221
2025-04-12 12:00:00,29.53,64.36,Saturday,1,0,1,5.62,0.99,0.26,0.13,0,2.264
2025-04-12 13:00:00,31.98,80.61,Saturday,1,0,2,5.11,0.45,0.64,0.15,0,1.369
2025-04-12 14:00:00,30.48,75.49,Saturday,1,0,2,4.93,0.68,1.0,0.03,0,1.537
2025-04-12 15:00:00,29.15,74.05,Saturday,1,0,2,7.32,0.68,0.87,0.17,0,2.064
2025-04-12 16:00:00,35.91,72.71,Saturday,1,0,0,0.0,0.0,0.0,0.0,0,0.682
2025-04-12 17:00:00,35.87,60.95,Saturday,1,0,3,8.36,0.53,0.84,0.19,0,1.567
2025-04-12 18:00:00,31.54,68.79,Saturday,1,0,4,8.24,0.41,1.0,0.77,0,1.635
2025-04-12 19:00:00,35.4,68.03,Saturday,1,0,1,13.01,0.39,0.53,0.41,0,1.286
2025-04-12 20:00:00,33.36,77.3,Saturday,1,0,3,14.83,0.8,0.98,0.36,0,2.12
2025-04-12 21:00:00,34.64,69.09,Saturday,1,0,4,13.85,0.84,0.77,0.95,0,1.648
2025-04-12 22:00:00,34.39,71.8,Saturday,1,0,2,13.6,0.59,0.55,0.9,0,1.166
2025-04-12 23:00:00,32.96,67.88,Saturday,1,0,0,0.0,0.0,0.0,0.0,0,0.367
2025-04-13 00:00:00,31.35,74.71,Sunday,1,0,0,0.0,0.0,0.0,0.0,0,0.209
2025-04-13 01:00:00,30.8,81.17,Sunday,1,0,3,14.16,0.28,0.55,0.0,0,1.18
2025-04-13 02:00:00,29.62,78.82,Sunday,1,0,1,16.0,1.0,0.48,0.2,0,2.287
2025-04-13 03:00:00,28.99,74.0,Sunday,1,0,2,12.9,0.76,0.64,0.08,0,1.317
2025-04-13 04:00:00,29.64,77.2,Sunday,1,0,2,10.57,0.61,0.62,0.13,0,1.594
2025-04-13 05:00:00,27.86,78.32,Sunday,1,0,1,11.2,0.86,1.0,0.08,0,1.602
2025-04-13 06:00:00,29.9,76.13,Sunday,1,0,3,11.63,0.81,0.7,0.16,0,1.581
2025-04-13 07:00:00,31.04,78.12,Sunday,1,0,3,8.86,0.71,0.66,0.19,0,2.102
2025-04-13 08:00:00,27.22,81.52,Sunday,1,0,0,0.0,0.0,0.0,0.0,0,0.323
2025-04-13 09:00:00,28.8,73.95,Sunday,1,0,2,5.86,0.75,1.0,0.04,0,1.573
2025-04-13 10:00:00,29.57,77.1,Sunday,1,0,0,0.0,0.0,0.0,0.0,0,0.124
2025-04-13 11:00:00,29.99,71.59,Sunday,1,0,2,5.58,0.51,0.44,0.05,0,1.389
2025-04-13 12:00:00,29.9,68.97,Sunday,1,0,0,0.0,0.0,0.0,0.0,0,0.126
2025-04-13 13:00:00,31.83,70.51,Sunday,1,0,3,4.97,0.86,0.7,0.0,0,1.461
2025-04-13 14:00:00,32.13,71.2,Sunday,1,0,3,7.29,0.72,0.61,0.17,0,2.349
2025-04-13 15:00:00,29.81,65.36,Sunday,1,0,3,7.99,0.69,1.0,0.14,0,2.216
2025-04-13 16:00:00,34.33,73.9,Sunday,1,0,3,5.4,0.79,0.68,0.1,0,1.584
2025-04-13 17:00:00,34.98,55.18,Sunday,1,0,0,0.0,0.0,0.0,0.0,0,0.159
2025-04-13 18:00:00,32.49,84.83,Sunday,1,0,1,10.77,1.0,0.76,0.43,0,2.458
2025-04-13 19:00:00,34.23,77.2,Sunday,1,0,4,13.68,0.89,0.79,0.69,0,1.854
2025-04-13 20:00:00,35.5,67.25,Sunday,1,0,2,12.4,0.83,1.0,0.7,0,2.142
2025-04-13 21:00:00,33.79,70.14,Sunday,1,0,4,15.24,0.91,0.83,0.74,0,1.237
2025-04-13 22:00:00,35.79,69.8,Sunday,1,0,2,15.03,0.83,0.57,0.85,0,2.726
2025-04-13 23:00:00,37.64,63.68,Sunday,1,0,1,13.16,0.13,0.49,0.96,0,1.289
2025-04-14 00:00:00,31.35,73.25,Monday,0,0,3,16.0,0.62,0.63,0.15,0,0.796
2025-04-14 01:00:00,29.56,73.18,Monday,0,0,3,16.0,0.5,0.81,0.06,0,0.931
2025-04-14 02:00:00,31.81,71.4,Monday,0,0,3,13.36,0.73,0.98,0.06,0,1.34
2025-04-14 03:00:00,31.79,72.8,Monday,0,0,1,13.97,0.51,0.37,0.07,0,1.456
2025-04-14 04:00:00,29.35,67.52,Monday,0,0,3,15.66,0.8,0.75,0.11,0,0.644
2025-04-14 05:00:00,31.76,72.11,Monday,0,0,0,0.0,0.0,0.0,0.0,0,0.313
2025-04-14 06:00:00,26.26,77.69,Monday,0,0,2,11.09,0.0,0.82,0.1,0,0.381
2025-04-14 07:00:00,29.61,74.49,Monday,0,0,4,7.06,1.0,1.0,0.03,0,1.384
2025-04-14 08:00:00,27.17,74.96,Monday,0,0,0,0.0,0.0,0.0,0.0,0,0.337
2025-04-14 09:00:00,31.46,77.87,Monday,0,0,0,0.0,0.0,0.0,0.0,0,0.106
2025-04-14 10:00:00,32.25,69.7,Monday,0,0,2,6.05,0.53,0.78,0.15,0,0.803
2025-04-14 11:00:00,27.76,76.65,Monday,0,0,0,0.0,0.0,0.0,0.0,0,0.212
2025-04-14 12:00:00,28.78,81.09,Monday,0,0,0,0.0,0.0,0.0,0.0,0,0.374
2025-04-14 13:00:00,32.04,71.27,Monday,0,0,2,3.79,0.33,0.85,0.06,0,0.819
2025-04-14 14:00:00,30.57,74.06,Monday,0,0,0,0.0,0.0,0.0,0.0,0,0.179
2025-04-14 15:00:00,31.96,71.25,Monday,0,0,0,0.0,0.0,0.0,0.0,0,0.309
2025-04-14 16:00:00,32.81,77.16,Monday,0,0,0,0.0,0.0,0.0,0.0,0,0.301
2025-04-14 17:00:00,29.93,72.27,Monday,0,0,1,9.47,0.52,0.83,0.11,0,0.857
2025-04-14 18:00:00,33.84,76.46,Monday,0,0,2,11.61,0.85,0.59,0.94,0,1.84
2025-04-14 19:00:00,32.92,70.35,Monday,0,0,3,11.12,0.71,0.71,0.36,0,1.839
2025-04-14 20:00:00,33.38,66.16,Monday,0,0,2,11.47,0.43,0.44,0.6,0,2.182
2025-04-14 21:00:00,36.76,70.81,Monday,0,0,3,13.07,0.57,0.38,0.44,0,0.986
2025-04-14 22:00:00,31.6,70.53,Monday,0,0,2,10.31,0.06,0.81,0.43,0,0.668
2025-04-14 23:00:00,34.85,72.24,Monday,0,1,3,16.0,1.0,0.28,0.81,0,2.169
2025-04-15 00:00:00,32.26,57.82,Tuesday,0,0,1,15.4,0.65,0.69,0.08,0,1.414
2025-04-15 01:00:00,31.54,72.14,Tuesday,0,0,1,14.56,0.9,0.85,0.11,0,2.691
2025-04-15 02:00:00,32.69,68.78,Tuesday,0,0,3,11.83,0.85,0.75,0.07,0,2.292
2025-04-15 03:00:00,31.1,67.19,Tuesday,0,0,3,15.2,0.64,1.0,0.13,0,1.911
2025-04-15 04:00:00,30.79,70.02,Tuesday,0,0,2,11.84,0.05,0.86,0.04,0,0.516
2025-04-15 05:00:00,30.89,69.83,Tuesday,0,0,2,12.14,0.51,0.68,0.16,0,0.959
2025-04-15 06:00:00,28.07,75.0,Tuesday,0,0,0,0.0,0.0,0.0,0.0,0,0.216
2025-04-15 07:00:00,27.27,69.12,Tuesday,0,0,1,6.28,0.67,0.42,0.07,0,1.189
2025-04-15 08:00:00,26.31,78.4,Tuesday,0,0,3,9.4,0.0,1.0,0.11,1,0.881
2025-04-15 09:00:00,26.88,83.14,Tuesday,0,0,0,0.0,0.0,0.0,0.0,0,0.284
2025-04-15 10:00:00,33.98,71.33,Tuesday,0,0,0,0.0,0.0,0.0,0.0,0,0.182
2025-04-15 11:00:00,31.38,76.3,Tuesday,0,0,0,0.0,0.0,0.0,0.0,0,0.185
2025-04-15 12:00:00,27.33,81.37,Tuesday,0,0,0,0.0,0.0,0.0,0.0,0,0.273
2025-04-15 13:00:00,28.11,81.38,Tuesday,0,0,0,0.0,0.0,0.0,0.0,0,0.334
2025-04-15 14:00:00,32.13,80.93,Tuesday,0,0,0,0.0,0.0,0.0,0.0,0,0.253
2025-04-15 15:00:00,33.03,68.28,Tuesday,0,0,0,0.0,0.0,0.0,0.0,0,0.209
2025-04-15 16:00:00,33.75,66.53,Tuesday,0,0,0,0.0,0.0,0.0,0.0,0,0.286
2025-04-15 17:00:00,32.93,74.78,Tuesday,0,0,2,7.05,0.28,0.65,0.17,0,0.728
2025-04-15 18:00:00,33.64,73.77,Tuesday,0,0,1,6.89,0.53,0.6,0.66,0,2.105
2025-04-15 19:00:00,34.75,73.1,Tuesday,0,0,4,10.76,1.0,1.0,0.99,0,3.0
2025-04-15 20:00:00,34.42,78.97,Tuesday,0,0,0,0.0,0.0,0.0,0.0,0,0.317
2025-04-15 21:00:00,30.17,73.41,Tuesday,0,0,1,15.55,0.76,1.0,0.43,0,2.476
2025-04-15 22:00:00,33.45,72.53,Tuesday,0,0,3,14.23,0.63,0.5,0.86,0,1.754
2025-04-15 23:00:00,31.85,66.93,Tuesday,0,0,3,15.47,0.37,0.52,0.69,0,0.992
2025-04-16 00:00:00,33.08,81.4,Wednesday,0,0,2,13.17,0.42,0.38,0.18,0,1.783
2025-04-16 01:00:00,37.42,65.14,Wednesday,0,0,2,15.0,0.51,0.75,0.18,0,1.573
2025-04-16 02:00:00,31.93,70.22,Wednesday,0,0,1,13.54,0.49,0.67,0.02,0,1.728
2025-04-16 03:00:00,29.92,71.83,Wednesday,0,1,3,13.62,0.49,0.72,0.09,0,1.359
2025-04-16 04:00:00,31.42,68.99,Wednesday,0,0,1,12.09,0.41,0.85,0.1,0,1.462
2025-04-16 05:00:00,30.01,69.84,Wednesday,0,0,2,10.86,0.65,1.0,0.14,0,1.128
2025-04-16 06:00:00,29.42,71.4,Wednesday,0,0,2,11.49,0.46,0.46,0.15,0,0.717
2025-04-16 07:00:00,29.46,67.16,Wednesday,0,0,2,11.65,0.93,0.75,0.17,0,1.034
2025-04-16 08:00:00,31.97,67.8,Wednesday,0,0,2,7.25,0.93,0.96,0.12,0,2.285
2025-04-16 09:00:00,26.33,86.55,Wednesday,0,1,4,8.59,0.0,0.48,0.18,0,0.24
2025-04-16 10:00:00,29.52,77.61,Wednesday,0,0,0,0.0,0.0,0.0,0.0,0,0.152
2025-04-16 11:00:00,27.48,80.4,Wednesday,0,0,0,0.0,0.0,0.0,0.0,0,0.153
2025-04-16 12:00:00,30.77,78.7,Wednesday,0,0,2,3.06,1.0,0.73,0.09,0,1.975
2025-04-16 13:00:00,28.84,83.72,Wednesday,0,0,0,0.0,0.0,0.0,0.0,0,0.322
2025-04-16 14:00:00,30.51,64.18,Wednesday,0,0,3,6.74,0.85,0.51,0.11,0,1.337
2025-04-16 15:00:00,31.51,65.99,Wednesday,0,0,0,0.0,0.0,0.0,0.0,0,0.197
2025-04-16 16:00:00,34.52,65.41,Wednesday,0,0,3,6.33,0.39,0.91,0.14,0,1.189
2025-04-16 17:00:00,35.04,66.62,Wednesday,0,0,0,0.0,0.0,0.0,0.0,0,0.387
2025-04-16 18:00:00,31.62,70.54,Wednesday,0,0,2,11.84,0.75,0.51,0.76,0,2.274
2025-04-16 19:00:00,34.26,67.43,Wednesday,0,0,3,12.93,0.26,0.79,1.0,0,0.858
2025-04-16 20:00:00,32.99,71.91,Wednesday,0,0,2,12.89,0.63,0.4,0.46,0,1.675
2025-04-16 21:00:00,31.9,71.97,Wednesday,0,0,1,12.65,0.05,0.68,0.31,0,0.533
2025-04-16 22:00:00,33.47,66.76,Wednesday,0,0,4,13.3,0.65,0.86,0.33,0,1.967
2025-04-16 23:00:00,32.83,60.07,Wednesday,0,0,1,13.57,0.99,0.71,0.46,0,2.259
2025-04-17 00:00:00,37.13,62.12,Thursday,0,0,2,14.95,0.65,0.57,0.05,0,1.709
2025-04-17 01:00:00,32.82,68.21,Thursday,0,0,2,13.59,0.28,0.77,0.02,0,1.185
2025-04-17 02:00:00,28.79,73.36,Thursday,0,0,3,15.35,0.51,0.88,0.17,0,1.327
2025-04-17 03:00:00,29.47,68.33,Thursday,0,0,4,13.88,0.8,0.52,0.15,0,2.107
2025-04-17 04:00:00,31.6,69.6,Thursday,0,0,4,12.77,0.69,0.84,0.02,0,1.528
2025-04-17 05:00:00,32.9,65.23,Thursday,0,0,0,0.0,0.0,0.0,0.0,0,0.332
2025-04-17 06:00:00,25.81,76.64,Thursday,0,0,3,10.04,0.0,0.88,0.1,0,0.772
2025-04-17 07:00:00,24.98,72.65,Thursday,0,0,1,8.02,0.0,0.82,0.14,0,0.548
2025-04-17 08:00:00,31.63,67.79,Thursday,0,0,2,10.75,0.68,0.78,0.06,0,1.92
2025-04-17 09:00:00,29.07,67.79,Thursday,0,0,3,4.54,0.67,0.71,0.06,1,2.261
2025-04-17 10:00:00,27.1,75.34,Thursday,0,1,2,5.36,0.91,0.68,0.11,1,1.952
2025-04-17 11:00:00,30.11,69.07,Thursday,0,0,0,0.0,0.0,0.0,0.0,0,0.218
2025-04-17 12:00:00,25.02,82.51,Thursday,0,0,0,0.0,0.0,0.0,0.0,0,0.328
2025-04-17 13:00:00,30.5,75.08,Thursday,0,0,0,0.0,0.0,0.0,0.0,0,0.192
2025-04-17 14:00:00,31.86,71.48,Thursday,0,0,0,0.0,0.0,0.0,0.0,0,0.269
2025-04-17 15:00:00,33.71,66.18,Thursday,0,0,0,0.0,0.0,0.0,0.0,0,0.522
2025-04-17 16:00:00,30.94,74.56,Thursday,0,0,0,0.0,0.0,0.0,0.0,0,0.247
2025-04-17 17:00:00,33.54,73.77,Thursday,0,0,2,11.93,0.41,0.74,0.2,0,0.186
2025-04-17 18:00:00,32.2,72.24,Thursday,0,0,1,12.09,0.98,0.77,0.66,0,1.983
2025-04-17 19:00:00,34.62,77.36,Thursday,0,0,3,10.74,0.99,0.86,0.83,0,2.381
2025-04-17 20:00:00,32.65,73.41,Thursday,0,0,3,13.15,0.6,0.79,0.5,1,1.328
2025-04-17 21:00:00,33.43,74.98,Thursday,0,0,2,11.46,0.95,0.76,0.61,0,3.666
2025-04-17 22:00:00,32.07,72.3,Thursday,0,0,2,16.0,0.73,0.64,0.75,0,2.506
2025-04-17 23:00:00,34.56,72.78,Thursday,0,0,2,14.94,0.83,1.0,0.49,0,2.487
2025-04-18 00:00:00,34.31,65.64,Friday,0,0,3,15.88,0.4,0.84,0.01,0,1.148
2025-04-18 01:00:00,31.62,69.75,Friday,0,0,4,13.43,0.69,0.72,0.04,0,1.759
2025-04-18 02:00:00,31.33,74.05,Friday,0,0,1,12.63,1.0,0.65,0.18,0,2.496
2025-04-18 03:00:00,27.88,77.12,Friday,0,0,1,14.21,1.0,0.82,0.08,0,2.112
2025-04-18 04:00:00,29.23,76.73,Friday,0,0,3,15.37,0.85,0.76,0.13,0,1.376
2025-04-18 05:00:00,29.05,79.85,Friday,0,0,1,10.48,0.89,0.37,0.1,0,1.734
2025-04-18 06:00:00,33.38,63.33,Friday,0,0,4,8.53,1.0,0.5,0.09,0,2.056
2025-04-18 07:00:00,26.37,71.9,Friday,0,0,3,9.16,0.0,1.0,0.13,0,0.625
2025-04-18 08:00:00,30.9,73.84,Friday,0,0,2,9.96,0.48,0.84,0.09,0,0.816
2025-04-18 09:00:00,30.16,69.73,Friday,0,0,0,0.0,0.0,0.0,0.0,0,0.226
2025-04-18 10:00:00,29.17,91.13,Friday,0,0,0,0.0,0.0,0.0,0.0,0,0.309
2025-04-18 11:00:00,32.31,74.0,Friday,0,0,0,0.0,0.0,0.0,0.0,0,0.281
2025-04-18 12:00:00,30.44,72.72,Friday,0,0,3,6.42,0.68,0.62,0.13,0,1.505
2025-04-18 13:00:00,31.19,69.85,Friday,0,0,0,0.0,0.0,0.0,0.0,0,0.164
2025-04-18 14:00:00,31.17,70.05,Friday,0,0,0,0.0,0.0,0.0,0.0,0,0.496
2025-04-18 15:00:00,34.24,69.83,Friday,0,0,0,0.0,0.0,0.0,0.0,0,0.31
2025-04-18 16:00:00,34.74,69.79,Friday,0,0,0,0.0,0.0,0.0,0.0,0,0.173
2025-04-18 17:00:00,32.26,69.18,Friday,0,0,1,10.06,0.77,0.65,0.07,0,1.545
2025-04-18 18:00:00,31.49,70.79,Friday,0,0,2,11.15,0.6,0.43,0.7,0,1.163
2025-04-18 19:00:00,33.8,76.8,Friday,0,0,2,9.72,0.24,0.86,0.32,0,0.784
2025-04-18 20:00:00,32.83,77.88,Friday,0,0,0,0.0,0.0,0.0,0.0,0,0.379
2025-04-18 21:00:00,34.05,71.12,Friday,0,0,2,14.05,0.79,0.75,0.88,0,2.135
2025-04-18 22:00:00,36.09,61.31,Friday,0,0,2,16.0,0.11,0.79,0.62,0,1.122
2025-04-18 23:00:00,32.56,73.89,Friday,0,0,2,14.91,0.63,1.0,0.76,0,1.687
2025-04-19 00:00:00,32.69,78.85,Saturday,1,0,0,0.0,0.0,0.0,0.0,0,0.21
2025-04-19 01:00:00,32.15,78.42,Saturday,1,1,3,15.43,0.42,0.64,0.1,0,1.149
2025-04-19 02:00:00,32.79,74.66,Saturday,1,0,1,15.15,0.84,0.91,0.06,0,0.516
2025-04-19 03:00:00,26.44,83.81,Saturday,1,1,3,15.83,0.0,0.95,0.14,0,0.88
2025-04-19 04:00:00,28.67,74.96,Saturday,1,0,0,0.0,0.0,0.0,0.0,0,0.272
2025-04-19 05:00:00,29.52,77.07,Saturday,1,0,3,11.25,0.64,0.52,0.02,0,1.519
2025-04-19 06:00:00,30.83,69.35,Saturday,1,0,3,11.51,0.97,1.0,0.03,0,1.995
2025-04-19 07:00:00,27.48,77.23,Saturday,1,0,2,9.35,0.45,1.0,0.14,0,0.797
2025-04-19 08:00:00,24.89,84.75,Saturday,1,0,3,11.93,0.0,1.0,0.16,0,0.548
2025-04-19 09:00:00,29.48,71.02,Saturday,1,0,3,6.9,0.82,1.0,0.11,0,1.296
2025-04-19 10:00:00,27.52,71.42,Saturday,1,1,3,7.53,0.49,0.64,0.03,0,0.885
2025-04-19 11:00:00,27.0,76.68,Saturday,1,0,1,6.49,0.61,1.0,0.07,0,1.28
2025-04-19 12:00:00,28.64,73.59,Saturday,1,0,0,0.0,0.0,0.0,0.0,0,0.148
2025-04-19 13:00:00,30.16,76.6,Saturday,1,0,1,4.07,0.65,0.74,0.1,0,1.96
2025-04-19 14:00:00,30.18,71.07,Saturday,1,0,0,0.0,0.0,0.0,0.0,0,0.227
2025-04-19 15:00:00,28.07,83.83,Saturday,1,0,2,4.21,0.5,0.6,0.13,0,1.344
2025-04-19 16:00:00,34.38,63.11,Saturday,1,0,2,6.91,0.58,0.75,0.07,0,1.035
2025-04-19 17:00:00,35.68,74.66,Saturday,1,0,1,6.65,0.8,0.46,0.0,0,1.098
2025-04-19 18:00:00,35.04,65.14,Saturday,1,0,3,8.34,0.57,0.58,0.37,0,1.572
2025-04-19 19:00:00,32.12,62.62,Saturday,1,0,2,11.66,0.04,0.51,0.9,0,0.776
2025-04-19 20:00:00,33.9,71.18,Saturday,1,0,2,15.38,0.85,1.0,0.87,0,1.853
2025-04-19 21:00:00,34.15,68.49,Saturday,1,0,4,11.49,0.81,1.0,0.84,0,1.857
2025-04-19 22:00:00,34.94,63.5,Saturday,1,0,2,12.51,0.38,1.0,0.78,0,1.005
2025-04-19 23:00:00,34.59,60.96,Saturday,1,0,2,14.03,0.37,0.73,0.37,0,1.322
2025-04-20 00:00:00,31.44,72.16,Sunday,1,0,3,14.78,0.99,0.76,0.03,0,1.68
2025-04-20 01:00:00,32.19,76.41,Sunday,1,0,3,12.52,0.59,0.94,0.16,0,1.453
2025-04-20 02:00:00,32.09,74.55,Sunday,1,0,1,13.28,0.84,0.43,0.12,0,2.399
2025-04-20 03:00:00,33.11,70.98,Sunday,1,0,3,12.35,0.48,0.51,0.05,0,0.776
2025-04-20 04:00:00,31.03,74.96,Sunday,1,0,4,12.98,0.81,0.35,0.19,0,1.295
2025-04-20 05:00:00,30.56,72.86,Sunday,1,0,2,11.93,0.42,0.96,0.15,0,0.9
2025-04-20 06:00:00,28.82,67.41,Sunday,1,0,2,9.77,0.76,0.53,0.18,0,1.042
2025-04-20 07:00:00,30.91,65.58,Sunday,1,0,3,8.14,0.74,1.0,0.03,0,0.854
2025-04-20 08:00:00,29.0,73.38,Sunday,1,0,1,6.44,0.13,0.63,0.12,0,0.509
2025-04-20 09:00:00,26.82,75.56,Sunday,1,0,2,6.54,0.0,0.75,0.2,0,0.485
2025-04-20 10:00:00,31.19,76.68,Sunday,1,0,3,4.21,0.47,0.71,0.07,0,1.057
2025-04-20 11:00:00,30.4,76.93,Sunday,1,0,2,7.49,0.92,0.8,0.08,0,0.861
2025-04-20 12:00:00,28.97,77.45,Sunday,1,0,1,2.75,0.71,0.63,0.11,0,1.558
2025-04-20 13:00:00,29.63,72.44,Sunday,1,0,2,4.19,0.59,1.0,0.01,0,1.529
2025-04-20 14:00:00,31.8,64.98,Sunday,1,0,2,6.97,1.0,0.71,0.05,0,1.937
2025-04-20 15:00:00,32.88,72.97,Sunday,1,0,2,5.87,0.17,0.84,0.06,0,0.498
2025-04-20 16:00:00,33.12,73.32,Sunday,1,1,4,8.51,1.0,0.78,0.0,0,1.476
2025-04-20 17:00:00,33.95,58.0,Sunday,1,0,3,11.28,1.0,0.5,0.06,0,3.181
2025-04-20 18:00:00,36.92,63.1,Sunday,1,0,2,11.25,0.55,1.0,0.93,0,2.445
2025-04-20 19:00:00,36.09,64.56,Sunday,1,0,4,9.49,0.87,0.59,0.51,0,2.323
2025-04-20 20:00:00,34.61,69.94,Sunday,1,0,4,10.77,0.77,0.95,0.72,0,1.358
2025-04-20 21:00:00,35.86,64.21,Sunday,1,0,1,13.25,0.03,0.93,0.97,0,0.893
2025-04-20 22:00:00,32.01,71.5,Sunday,1,0,2,14.99,0.62,0.38,0.3,0,1.468
2025-04-20 23:00:00,34.1,68.75,Sunday,1,0,2,16.0,0.33,0.71,0.49,0,1.614
2025-04-21 00:00:00,36.02,67.28,Monday,0,0,1,13.82,0.31,0.89,0.08,0,0.9
2025-04-21 01:00:00,31.65,68.43,Monday,0,0,2,14.1,0.58,0.68,0.09,0,1.488
2025-04-21 02:00:00,29.74,70.54,Monday,0,0,2,13.95,0.59,0.72,0.1,0,1.193
2025-04-21 03:00:00,29.32,68.71,Monday,0,0,1,13.13,0.95,0.8,0.08,0,2.141
2025-04-21 04:00:00,27.8,77.38,Monday,0,0,0,0.0,0.0,0.0,0.0,0,0.162
2025-04-21 05:00:00,27.73,78.4,Monday,0,0,0,0.0,0.0,0.0,0.0,0,0.396
2025-04-21 06:00:00,28.0,71.45,Monday,0,1,3,10.23,0.99,0.76,0.18,0,1.522
2025-04-21 07:00:00,25.84,84.85,Monday,0,0,2,10.07,0.0,0.7,0.17,0,0.305
2025-04-21 08:00:00,28.29,73.46,Monday,0,0,2,9.89,0.52,0.51,0.13,0,1.278
2025-04-21 09:00:00,29.99,81.16,Monday,0,1,4,6.41,0.86,0.85,0.16,0,1.859
2025-04-21 10:00:00,27.03,72.96,Monday,0,0,1,7.56,0.78,0.15,0.14,0,0.457
2025-04-21 11:00:00,31.88,61.68,Monday,0,0,4,7.91,0.67,0.82,0.09,0,1.529
2025-04-21 12:00:00,30.68,74.89,Monday,0,0,0,0.0,0.0,0.0,0.0,0,0.291
2025-04-21 13:00:00,32.34,72.63,Monday,0,0,0,0.0,0.0,0.0,0.0,0,0.298
2025-04-21 14:00:00,30.08,73.6,Monday,0,0,1,8.95,0.5,0.4,0.18,0,1.638
2025-04-21 15:00:00,33.58,67.07,Monday,0,0,3,8.15,1.0,0.85,0.13,0,1.509
2025-04-21 16:00:00,30.8,72.61,Monday,0,0,1,7.52,0.0,0.69,0.17,0,0.455
2025-04-21 17:00:00,34.99,66.45,Monday,0,0,4,9.68,0.48,0.78,0.18,0,0.603
2025-04-21 18:00:00,34.17,68.23,Monday,0,0,1,8.43,0.35,0.29,0.46,0,0.593
2025-04-21 19:00:00,35.16,73.06,Monday,0,0,1,12.96,0.67,0.87,0.82,0,1.359
2025-04-21 20:00:00,32.15,72.49,Monday,0,0,2,9.8,0.8,0.98,0.91,0,1.69
2025-04-21 21:00:00,32.55,74.25,Monday,0,0,3,15.14,0.93,0.71,0.87,0,1.925
2025-04-21 22:00:00,34.94,67.9,Monday,0,0,4,13.25,0.55,0.53,0.82,0,1.825
2025-04-21 23:00:00,31.68,70.28,Monday,0,0,2,12.35,0.42,0.86,0.33,0,1.344
2025-04-22 00:00:00,33.6,64.49,Tuesday,0,0,3,12.0,0.29,0.68,0.03,0,1.303
2025-04-22 01:00:00,29.58,72.03,Tuesday,0,0,0,0.0,0.0,0.0,0.0,0,0.28
2025-04-22 02:00:00,32.79,54.38,Tuesday,0,0,2,15.4,1.0,0.76,0.16,0,2.393
2025-04-22 03:00:00,28.27,72.11,Tuesday,0,0,0,0.0,0.0,0.0,0.0,0,0.251
2025-04-22 04:00:00,30.76,72.41,Tuesday,0,0,1,10.65,0.63,0.16,0.17,0,1.573
2025-04-22 05:00:00,30.27,76.08,Tuesday,0,0,2,10.55,0.68,0.57,0.12,0,1.57
2025-04-22 06:00:00,27.41,74.48,Tuesday,0,0,0,0.0,0.0,0.0,0.0,0,0.219
2025-04-22 07:00:00,29.42,75.76,Tuesday,0,0,2,10.1,1.0,0.63,0.04,0,0.05
2025-04-22 08:00:00,28.73,63.74,Tuesday,0,0,3,7.71,0.95,0.87,0.12,0,1.296
2025-04-22 09:00:00,27.4,75.56,Tuesday,0,0,3,7.94,0.85,0.58,0.07,1,3.702
2025-04-22 10:00:00,26.85,67.94,Tuesday,0,0,3,6.7,0.0,1.0,0.05,0,0.45
2025-04-22 11:00:00,25.61,71.41,Tuesday,0,0,1,4.54,0.0,0.7,0.02,0,0.295
2025-04-22 12:00:00,30.39,72.21,Tuesday,0,0,1,6.36,0.36,0.82,0.07,0,0.961
2025-04-22 13:00:00,27.67,81.98,Tuesday,0,0,1,3.24,0.48,0.51,0.01,0,1.202
2025-04-22 14:00:00,31.44,74.06,Tuesday,0,0,0,0.0,0.0,0.0,0.0,0,0.215
2025-04-22 15:00:00,31.57,72.18,Tuesday,0,0,0,0.0,0.0,0.0,0.0,0,0.196
2025-04-22 16:00:00,33.99,69.81,Tuesday,0,0,0,0.0,0.0,0.0,0.0,0,0.163
2025-04-22 17:00:00,32.84,67.37,Tuesday,0,0,2,10.53,0.68,0.05,0.15,0,1.257
2025-04-22 18:00:00,33.27,67.84,Tuesday,0,0,1,10.32,0.32,0.87,0.93,0,0.633
2025-04-22 19:00:00,35.48,70.7,Tuesday,0,0,2,11.28,0.96,0.9,0.34,0,2.33
2025-04-22 20:00:00,34.87,62.19,Tuesday,0,0,1,12.84,0.52,0.93,0.4,0,2.039
2025-04-22 21:00:00,34.73,72.21,Tuesday,0,0,2,14.53,0.85,1.0,0.68,0,2.642
2025-04-22 22:00:00,34.71,67.32,Tuesday,0,0,4,16.0,0.44,0.8,0.97,0,1.098
2025-04-22 23:00:00,30.62,77.07,Tuesday,0,0,3,15.81,0.43,1.0,0.58,0,0.852
2025-04-23 00:00:00,34.13,74.59,Wednesday,0,0,3,14.25,0.42,0.81,0.11,0,0.669
2025-04-23 01:00:00,33.14,62.3,Wednesday,0,0,2,14.52,0.29,0.17,0.15,0,1.058
2025-04-23 02:00:00,29.44,71.1,Wednesday,0,0,0,0.0,0.0,0.0,0.0,0,0.316
2025-04-23 03:00:00,30.05,69.18,Wednesday,0,0,4,11.68,0.75,1.0,0.04,0,1.914
2025-04-23 04:00:00,29.69,64.71,Wednesday,0,0,0,0.0,0.0,0.0,0.0,0,0.234
2025-04-23 05:00:00,28.9,69.33,Wednesday,0,0,1,10.6,0.74,0.68,0.07,0,0.807
2025-04-23 06:00:00,29.27,86.36,Wednesday,0,0,3,7.89,0.68,1.0,0.05,0,0.491
2025-04-23 07:00:00,30.94,75.7,Wednesday,0,0,0,0.0,0.0,0.0,0.0,0,0.307
2025-04-23 08:00:00,30.21,82.9,Wednesday,0,0,0,0.0,0.0,0.0,0.0,0,0.203
2025-04-23 09:00:00,26.01,81.24,Wednesday,0,0,0,0.0,0.0,0.0,0.0,0,0.42
2025-04-23 10:00:00,29.79,69.98,Wednesday,0,0,0,0.0,0.0,0.0,0.0,0,0.111
2025-04-23 11:00:00,31.54,70.21,Wednesday,0,0,2,4.65,0.0,0.75,0.18,1,0.724
2025-04-23 12:00:00,30.46,76.03,Wednesday,0,0,0,0.0,0.0,0.0,0.0,0,0.185
2025-04-23 13:00:00,32.45,73.48,Wednesday,0,0,0,0.0,0.0,0.0,0.0,0,0.348
2025-04-23 14:00:00,34.89,66.21,Wednesday,0,0,0,0.0,0.0,0.0,0.0,0,0.304
2025-04-23 15:00:00,33.88,62.45,Wednesday,0,0,0,0.0,0.0,0.0,0.0,0,0.214
2025-04-23 16:00:00,33.21,87.05,Wednesday,0,0,0,0.0,0.0,0.0,0.0,0,0.339
2025-04-23 17:00:00,35.27,68.05,Wednesday,0,0,2,8.72,0.7,0.61,0.01,1,1.21
2025-04-23 18:00:00,34.12,68.16,Wednesday,0,0,0,0.0,0.0,0.0,0.0,0,0.23
2025-04-23 19:00:00,34.21,70.28,Wednesday,0,0,1,12.33,1.0,0.9,0.77,0,1.309
2025-04-23 20:00:00,33.63,69.02,Wednesday,0,0,4,11.72,0.51,0.26,0.66,0,1.114
2025-04-23 21:00:00,36.98,67.83,Wednesday,0,0,3,12.77,0.77,0.96,0.79,0,1.564
2025-04-23 22:00:00,32.39,77.78,Wednesday,0,0,1,14.39,0.45,0.77,0.35,0,1.265
2025-04-23 23:00:00,36.15,67.35,Wednesday,0,0,2,12.81,0.65,0.74,0.65,0,3.484
2025-04-24 00:00:00,33.67,64.39,Thursday,0,0,2,16.0,0.34,1.0,0.18,0,0.608
2025-04-24 01:00:00,29.52,73.12,Thursday,0,0,2,15.07,0.71,0.7,0.04,0,1.259
2025-04-24 02:00:00,31.93,69.44,Thursday,0,0,2,14.03,0.67,0.97,0.02,0,1.832
2025-04-24 03:00:00,26.71,83.58,Thursday,0,0,1,16.0,0.0,1.0,0.06,0,0.504
2025-04-24 04:00:00,30.89,78.55,Thursday,0,0,2,10.85,0.77,0.77,0.11,0,2.321
2025-04-24 05:00:00,30.74,73.37,Thursday,0,0,1,13.6,0.66,0.86,0.07,0,1.007
2025-04-24 06:00:00,27.6,69.27,Thursday,0,0,2,11.22,1.0,0.92,0.06,0,2.116
2025-04-24 07:00:00,28.59,68.64,Thursday,0,0,4,10.38,0.65,0.87,0.08,0,0.947
2025-04-24 08:00:00,31.78,71.97,Thursday,0,0,4,7.24,0.66,0.97,0.17,0,1.776
2025-04-24 09:00:00,27.46,77.47,Thursday,0,0,0,0.0,0.0,0.0,0.0,0,0.232
2025-04-24 10:00:00,26.76,74.54,Thursday,0,0,4,5.15,0.0,0.59,0.11,0,0.515
2025-04-24 11:00:00,31.81,69.47,Thursday,0,0,0,0.0,0.0,0.0,0.0,0,0.217
2025-04-24 12:00:00,33.3,67.57,Thursday,0,0,0,0.0,0.0,0.0,0.0,0,0.134
2025-04-24 13:00:00,30.5,72.94,Thursday,0,0,2,4.33,0.84,0.33,0.18,0,1.023
2025-04-24 14:00:00,33.09,58.81,Thursday,0,0,0,0.0,0.0,0.0,0.0,0,0.29
2025-04-24 15:00:00,34.46,63.98,Thursday,0,0,0,0.0,0.0,0.0,0.0,0,0.186
2025-04-24 16:00:00,31.43,69.08,Thursday,0,0,0,0.0,0.0,0.0,0.0,0,0.27
2025-04-24 17:00:00,32.51,77.28,Thursday,0,0,2,10.87,1.0,0.43,0.03,0,1.061
2025-04-24 18:00:00,36.08,63.96,Thursday,0,0,0,0.0,0.0,0.0,0.0,0,0.313
2025-04-24 19:00:00,37.2,67.93,Thursday,0,0,2,12.5,0.64,0.69,0.54,0,2.284
2025-04-24 20:00:00,35.28,69.88,Thursday,0,0,4,12.85,0.63,0.85,0.35,0,0.5
2025-04-24 21:00:00,32.58,77.67,Thursday,0,0,3,12.3,0.81,0.2,0.96,0,1.962
2025-04-24 22:00:00,37.44,73.12,Thursday,0,0,1,15.37,0.39,0.7,0.96,0,1.914
2025-04-24 23:00:00,32.43,71.02,Thursday,0,0,2,11.68,0.66,0.53,0.59,0,1.142
2025-04-25 00:00:00,32.16,69.18,Friday,0,0,1,15.26,0.69,1.0,0.12,0,2.02
2025-04-25 01:00:00,32.66,67.79,Friday,0,0,4,13.61,0.14,0.85,0.05,0,0.794
2025-04-25 02:00:00,34.06,68.64,Friday,0,0,4,13.0,0.74,0.62,0.01,0,2.133
2025-04-25 03:00:00,32.03,69.51,Friday,0,0,2,12.84,0.31,1.0,0.11,0,0.902
2025-04-25 04:00:00,30.51,75.81,Friday,0,0,3,12.37,0.92,0.64,0.09,0,1.327
2025-04-25 05:00:00,29.98,75.62,Friday,0,0,0,0.0,0.0,0.0,0.0,0,0.212
2025-04-25 06:00:00,28.75,77.59,Friday,0,0,1,11.19,1.0,0.82,0.17,0,1.585
2025-04-25 07:00:00,29.37,80.36,Friday,0,0,4,8.45,0.57,0.98,0.1,0,0.998
2025-04-25 08:00:00,23.71,88.47,Friday,0,0,2,7.35,0.0,0.75,0.09,0,0.288
2025-04-25 09:00:00,27.83,76.07,Friday,0,0,0,0.0,0.0,0.0,0.0,0,0.348
2025-04-25 10:00:00,29.1,79.81,Friday,0,0,2,3.77,0.82,0.65,0.15,0,1.217
2025-04-25 11:00:00,27.07,74.38,Friday,0,0,0,0.0,0.0,0.0,0.0,0,0.18
2025-04-25 12:00:00,30.46,79.01,Friday,0,0,0,0.0,0.0,0.0,0.0,0,0.235
2025-04-25 13:00:00,30.12,78.7,Friday,0,0,3,4.78,0.57,0.67,0.18,0,1.328
2025-04-25 14:00:00,34.43,74.56,Friday,0,0,0,0.0,0.0,0.0,0.0,0,0.093
2025-04-25 15:00:00,34.87,69.58,Friday,0,0,3,4.35,0.41,0.94,0.12,0,1.24
2025-04-25 16:00:00,31.93,68.42,Friday,0,0,2,8.1,0.66,1.0,0.05,0,1.72
2025-04-25 17:00:00,33.12,63.72,Friday,0,0,0,0.0,0.0,0.0,0.0,0,0.3
2025-04-25 18:00:00,33.73,69.94,Friday,0,0,2,8.6,0.78,0.88,0.76,0,1.641
2025-04-25 19:00:00,33.35,78.15,Friday,0,0,2,10.15,0.7,0.55,0.49,0,1.25
2025-04-25 20:00:00,34.62,67.8,Friday,0,0,2,12.38,0.94,0.63,0.44,0,2.109
2025-04-25 21:00:00,32.8,74.91,Friday,0,0,4,14.19,0.68,0.56,0.58,0,1.702
2025-04-25 22:00:00,31.83,76.07,Friday,0,0,0,0.0,0.0,0.0,0.0,0,0.253
2025-04-25 23:00:00,34.51,68.02,Friday,0,0,1,14.39,0.46,0.98,0.32,0,1.359
2025-04-26 00:00:00,33.9,76.57,Saturday,1,0,0,0.0,0.0,0.0,0.0,0,0.225
2025-04-26 01:00:00,30.59,58.42,Saturday,1,0,3,16.0,0.37,0.56,0.02,0,0.584
2025-04-26 02:00:00,32.88,64.8,Saturday,1,0,4,14.15,0.74,0.59,0.05,0,1.533
2025-04-26 03:00:00,29.35,69.5,Saturday,1,0,2,13.68,0.54,0.57,0.07,0,1.296
2025-04-26 04:00:00,30.22,69.2,Saturday,1,0,3,11.58,0.44,0.84,0.06,0,1.539
2025-04-26 05:00:00,30.62,74.62,Saturday,1,0,2,10.71,0.44,0.35,0.15,0,1.293
2025-04-26 06:00:00,28.61,76.2,Saturday,1,0,1,11.87,0.89,0.65,0.05,0,2.193
2025-04-26 07:00:00,29.19,76.2,Saturday,1,0,1,10.59,0.44,0.42,0.15,0,1.238
2025-04-26 08:00:00,27.34,78.88,Saturday,1,0,1,7.2,0.58,0.88,0.01,0,0.842
2025-04-26 09:00:00,28.01,70.54,Saturday,1,0,2,7.2,0.53,0.5,0.06,0,0.738
2025-04-26 10:00:00,28.3,68.94,Saturday,1,0,2,7.05,0.91,1.0,0.18,0,1.279
2025-04-26 11:00:00,27.8,77.46,Saturday,1,0,3,4.5,1.0,1.0,0.08,0,1.644
2025-04-26 12:00:00,29.45,70.85,Saturday,1,0,3,3.04,0.88,0.73,0.09,0,1.24
2025-04-26 13:00:00,27.7,67.72,Saturday,1,0,4,6.2,0.56,0.85,0.15,0,1.382
2025-04-26 14:00:00,30.38,78.01,Saturday,1,0,2,7.01,0.74,0.87,0.01,0,1.729
2025-04-26 15:00:00,31.53,79.1,Saturday,1,0,4,7.59,0.42,0.51,0.14,0,1.459
2025-04-26 16:00:00,32.3,79.21,Saturday,1,0,2,6.94,0.7,1.0,0.01,0,1.667
2025-04-26 17:00:00,32.95,71.78,Saturday,1,0,2,10.99,0.21,0.73,0.11,0,0.642
2025-04-26 18:00:00,33.75,73.25,Saturday,1,0,3,10.43,0.71,0.56,0.75,1,2.437
2025-04-26 19:00:00,35.03,75.83,Saturday,1,0,3,9.57,0.64,0.89,0.94,1,1.577
2025-04-26 20:00:00,35.84,65.04,Saturday,1,0,1,10.11,0.76,0.47,0.58,0,1.799
2025-04-26 21:00:00,32.99,76.36,Saturday,1,0,3,13.09,0.65,0.91,0.51,0,1.204
2025-04-26 22:00:00,31.7,73.35,Saturday,1,0,0,0.0,0.0,0.0,0.0,0,0.242
2025-04-26 23:00:00,31.51,76.71,Saturday,1,0,4,14.4,0.46,0.59,0.91,0,0.206
2025-04-27 00:00:00,31.89,72.73,Sunday,1,0,4,16.0,0.84,0.99,0.16,0,2.29
2025-04-27 01:00:00,31.41,78.71,Sunday,1,0,3,15.44,0.77,0.93,0.13,0,2.293
2025-04-27 02:00:00,29.88,74.73,Sunday,1,0,3,12.87,0.92,0.67,0.08,0,1.797
2025-04-27 03:00:00,28.16,67.74,Sunday,1,0,4,10.13,0.94,0.88,0.1,0,1.956
2025-04-27 04:00:00,28.94,81.71,Sunday,1,0,4,12.85,0.41,0.42,0.14,0,1.126
2025-04-27 05:00:00,29.47,69.24,Sunday,1,0,3,12.78,0.78,0.87,0.06,0,2.203
2025-04-27 06:00:00,29.74,80.0,Sunday,1,0,3,12.8,0.36,0.39,0.12,0,1.296
2025-04-27 07:00:00,27.36,75.42,Sunday,1,0,1,8.4,0.94,0.78,0.12,0,1.549
2025-04-27 08:00:00,27.52,81.61,Sunday,1,0,3,10.08,0.44,0.92,0.04,0,1.492
2025-04-27 09:00:00,26.7,82.14,Sunday,1,0,2,4.43,0.0,0.83,0.03,0,0.312
2025-04-27 10:00:00,28.61,76.9,Sunday,1,0,2,5.15,0.7,1.0,0.03,0,1.625
2025-04-27 11:00:00,27.62,78.19,Sunday,1,0,0,0.0,0.0,0.0,0.0,0,0.345
2025-04-27 12:00:00,30.8,74.9,Sunday,1,0,0,0.0,0.0,0.0,0.0,0,0.214
2025-04-27 13:00:00,27.27,65.88,Sunday,1,0,2,3.22,0.84,0.22,0.16,0,1.51
2025-04-27 14:00:00,30.62,73.54,Sunday,1,0,3,6.27,0.65,0.62,0.16,1,1.54
2025-04-27 15:00:00,32.58,65.59,Sunday,1,0,3,4.6,0.71,0.67,0.19,0,1.825
2025-04-27 16:00:00,33.1,71.57,Sunday,1,0,2,10.14,0.21,1.0,0.02,0,0.529
2025-04-27 17:00:00,38.23,60.37,Sunday,1,0,0,0.0,0.0,0.0,0.0,0,0.124
2025-04-27 18:00:00,34.49,63.53,Sunday,1,1,3,10.57,0.58,0.98,0.54,0,0.939
2025-04-27 19:00:00,32.36,79.4,Sunday,1,0,2,8.61,0.54,0.52,0.66,0,1.323
2025-04-27 20:00:00,34.09,75.16,Sunday,1,0,2,10.26,1.0,0.67,0.88,0,2.309
2025-04-27 21:00:00,30.97,72.61,Sunday,1,0,2,12.38,0.0,0.54,0.74,0,0.608
2025-04-27 22:00:00,33.72,71.08,Sunday,1,0,4,15.61,0.67,0.5,0.97,0,1.252
2025-04-27 23:00:00,31.89,70.56,Sunday,1,1,4,15.82,0.09,0.52,0.83,0,0.908
2025-04-28 00:00:00,34.41,72.38,Monday,0,0,4,16.0,0.73,0.6,0.2,0,1.344
2025-04-28 01:00:00,31.05,69.17,Monday,0,0,2,12.57,0.48,1.0,0.18,0,1.136
2025-04-28 02:00:00,31.06,77.52,Monday,0,0,1,15.09,0.0,0.74,0.18,0,0.653
2025-04-28 03:00:00,29.35,72.82,Monday,0,0,1,12.7,0.92,0.41,0.08,0,1.55
2025-04-28 04:00:00,32.9,68.79,Monday,0,0,2,11.29,0.33,0.62,0.17,0,0.441
2025-04-28 05:00:00,28.57,74.9,Monday,0,0,0,0.0,0.0,0.0,0.0,0,0.334
2025-04-28 06:00:00,31.97,68.77,Monday,0,0,2,9.83,0.41,0.57,0.18,0,1.007
2025-04-28 07:00:00,29.83,75.29,Monday,0,0,2,9.7,0.53,1.0,0.17,0,0.978
2025-04-28 08:00:00,29.13,71.59,Monday,0,0,2,9.18,0.08,1.0,0.12,0,0.765
2025-04-28 09:00:00,29.03,76.71,Monday,0,0,3,7.25,0.76,0.7,0.13,1,1.546
2025-04-28 10:00:00,29.38,80.14,Monday,0,0,0,0.0,0.0,0.0,0.0,0,0.364
2025-04-28 11:00:00,25.67,73.8,Monday,0,0,3,7.9,0.0,0.51,0.19,0,0.475
2025-04-28 12:00:00,29.26,73.51,Monday,0,0,0,0.0,0.0,0.0,0.0,0,0.376
2025-04-28 13:00:00,32.01,74.0,Monday,0,0,0,0.0,0.0,0.0,0.0,0,0.092
2025-04-28 14:00:00,31.18,70.26,Monday,0,0,0,0.0,0.0,0.0,0.0,0,0.243
2025-04-28 15:00:00,29.51,76.26,Monday,0,0,0,0.0,0.0,0.0,0.0,0,0.383
2025-04-28 16:00:00,32.67,73.87,Monday,0,0,0,0.0,0.0,0.0,0.0,0,0.286
2025-04-28 17:00:00,36.45,73.11,Monday,0,0,2,8.06,0.53,1.0,0.05,1,1.632
2025-04-28 18:00:00,36.11,64.97,Monday,0,0,4,12.18,0.55,0.95,0.82,0,1.291
2025-04-28 19:00:00,34.05,65.14,Monday,0,0,3,10.86,0.31,0.58,0.5,0,1.581
2025-04-28 20:00:00,35.98,66.58,Monday,0,0,1,13.65,0.25,0.73,0.72,0,0.773
2025-04-28 21:00:00,33.5,65.51,Monday,0,0,2,15.47,0.87,0.92,0.6,0,2.093
2025-04-28 22:00:00,30.8,75.61,Monday,0,0,3,12.45,0.92,0.83,0.51,0,1.797
2025-04-28 23:00:00,31.72,66.14,Monday,0,0,4,14.22,0.51,0.5,0.91,0,1.552
2025-04-29 00:00:00,35.58,80.14,Tuesday,0,0,0,0.0,0.0,0.0,0.0,0,0.126
2025-04-29 01:00:00,31.55,78.59,Tuesday,0,0,2,14.64,0.96,0.58,0.07,0,1.491
2025-04-29 02:00:00,30.83,72.82,Tuesday,0,0,4,11.3,0.72,0.77,0.18,0,1.563
2025-04-29 03:00:00,29.95,77.88,Tuesday,0,0,4,12.77,0.77,0.43,0.14,0,1.637
2025-04-29 04:00:00,33.19,62.44,Tuesday,0,0,2,13.69,0.67,0.53,0.14,0,1.855
2025-04-29 05:00:00,32.07,84.25,Tuesday,0,0,1,13.21,0.49,1.0,0.1,0,1.35
2025-04-29 06:00:00,32.66,68.15,Tuesday,0,0,2,10.08,0.75,0.64,0.1,0,1.646
2025-04-29 07:00:00,28.08,74.62,Tuesday,0,0,3,9.43,1.0,1.0,0.15,0,1.787
2025-04-29 08:00:00,28.8,65.3,Tuesday,0,0,2,6.95,0.52,0.72,0.0,0,1.427
2025-04-29 09:00:00,25.64,79.86,Tuesday,0,0,0,0.0,0.0,0.0,0.0,0,0.151
2025-04-29 10:00:00,31.33,66.77,Tuesday,0,0,2,7.81,0.7,0.48,0.2,1,1.818
2025-04-29 11:00:00,27.04,76.67,Tuesday,0,0,0,0.0,0.0,0.0,0.0,0,0.198
2025-04-29 12:00:00,30.16,70.64,Tuesday,0,0,0,0.0,0.0,0.0,0.0,0,0.192
2025-04-29 13:00:00,28.51,69.45,Tuesday,0,0,0,0.0,0.0,0.0,0.0,0,0.24
2025-04-29 14:00:00,30.21,69.29,Tuesday,0,0,0,0.0,0.0,0.0,0.0,0,0.256
2025-04-29 15:00:00,30.53,74.15,Tuesday,0,0,0,0.0,0.0,0.0,0.0,0,0.089
2025-04-29 16:00:00,31.67,65.59,Tuesday,0,0,0,0.0,0.0,0.0,0.0,0,0.241
2025-04-29 17:00:00,32.42,67.58,Tuesday,0,0,0,0.0,0.0,0.0,0.0,0,0.293
2025-04-29 18:00:00,32.88,74.23,Tuesday,0,0,2,12.13,0.62,0.62,0.45,0,0.935
2025-04-29 19:00:00,35.66,81.42,Tuesday,0,0,3,12.34,0.29,0.45,0.47,0,1.123
2025-04-29 20:00:00,32.28,73.84,Tuesday,0,0,2,11.75,1.0,0.51,0.37,0,1.767
2025-04-29 21:00:00,34.56,64.81,Tuesday,0,0,4,15.64,0.63,0.37,0.5,0,1.64
2025-04-29 22:00:00,36.06,66.21,Tuesday,0,0,2,15.02,0.5,0.62,0.94,0,1.972
2025-04-29 23:00:00,32.46,71.44,Tuesday,0,0,2,14.62,0.42,0.0,0.56,0,0.978
2025-04-30 00:00:00,31.47,70.43,Wednesday,0,0,2,12.97,0.41,0.93,0.06,0,1.559
2025-04-30 01:00:00,31.63,76.55,Wednesday,0,0,3,15.18,1.0,0.89,0.07,0,1.828
2025-04-30 02:00:00,33.39,71.54,Wednesday,0,0,1,16.0,0.87,0.51,0.19,0,1.684
2025-04-30 03:00:00,30.84,77.28,Wednesday,0,0,3,9.44,0.28,0.41,0.05,0,1.118
2025-04-30 04:00:00,28.81,73.0,Wednesday,0,0,1,8.47,0.29,1.0,0.06,0,1.009
2025-04-30 05:00:00,30.02,80.11,Wednesday,0,0,2,12.45,0.68,0.99,0.1,0,1.211
2025-04-30 06:00:00,26.68,75.65,Wednesday,0,0,2,10.35,0.0,0.69,0.11,0,0.428
2025-04-30 07:00:00,29.59,69.01,Wednesday,0,0,1,9.71,0.59,0.58,0.01,0,1.275
2025-04-30 08:00:00,29.0,85.29,Wednesday,0,0,1,6.71,1.0,0.76,0.19,0,0.938
2025-04-30 09:00:00,27.81,66.34,Wednesday,0,0,0,0.0,0.0,0.0,0.0,0,0.303
2025-04-30 10:00:00,27.16,72.36,Wednesday,0,0,0,0.0,0.0,0.0,0.0,0,0.254
2025-04-30 11:00:00,27.55,72.57,Wednesday,0,0,0,0.0,0.0,0.0,0.0,0,0.183
2025-04-30 12:00:00,30.73,85.39,Wednesday,0,0,3,4.32,0.71,0.15,0.08,0,0.986
2025-04-30 13:00:00,32.7,80.1,Wednesday,0,0,1,4.51,0.93,0.55,0.05,0,2.187
2025-04-30 14:00:00,30.12,80.86,Wednesday,0,0,2,1.73,0.44,0.5,0.03,0,0.603
2025-04-30 15:00:00,32.87,69.27,Wednesday,0,0,0,0.0,0.0,0.0,0.0,0,0.284
2025-04-30 16:00:00,29.01,86.52,Wednesday,0,0,0,0.0,0.0,0.0,0.0,0,0.23
2025-04-30 17:00:00,32.33,73.24,Wednesday,0,0,4,8.32,1.0,0.47,0.14,0,2.01
2025-04-30 18:00:00,33.81,74.96,Wednesday,0,0,2,11.49,0.81,0.72,0.91,0,0.387
2025-04-30 19:00:00,32.53,72.13,Wednesday,0,0,3,10.16,0.6,0.59,0.72,0,1.409
2025-04-30 20:00:00,32.58,70.93,Wednesday,0,0,2,10.3,0.28,1.0,0.95,0,0.853
2025-04-30 21:00:00,32.96,69.58,Wednesday,0,0,1,13.14,0.38,0.29,0.92,0,1.204
2025-04-30 22:00:00,34.39,68.5,Wednesday,0,0,0,0.0,0.0,0.0,0.0,0,0.189
2025-04-30 23:00:00,33.05,73.8,Wednesday,0,0,3,13.58,0.72,1.0,0.75,0,1.571
2025-05-01 00:00:00,29.47,75.81,Thursday,0,0,2,13.79,0.82,0.61,0.14,0,2.608
2025-05-01 01:00:00,28.96,74.28,Thursday,0,0,2,14.63,0.83,0.76,0.05,0,1.978
2025-05-01 02:00:00,30.91,80.23,Thursday,0,0,1,13.59,0.5,1.0,0.04,0,0.976
2025-05-01 03:00:00,32.05,56.83,Thursday,0,0,2,12.14,0.97,0.47,0.05,0,2.052
2025-05-01 04:00:00,25.55,80.05,Thursday,0,0,2,15.21,0.0,0.91,0.11,0,0.05
2025-05-01 05:00:00,28.98,78.01,Thursday,0,0,2,11.98,0.48,0.36,0.17,0,0.895
2025-05-01 06:00:00,28.45,80.63,Thursday,0,0,1,10.24,0.95,0.35,0.03,0,2.311
2025-05-01 07:00:00,31.6,71.74,Thursday,0,0,0,0.0,0.0,0.0,0.0,0,0.236
2025-05-01 08:00:00,28.31,76.06,Thursday,0,0,3,8.5,0.52,0.51,0.09,0,1.131
2025-05-01 09:00:00,29.79,78.62,Thursday,0,0,0,0.0,0.0,0.0,0.0,0,0.211
2025-05-01 10:00:00,29.65,81.27,Thursday,0,0,0,0.0,0.0,0.0,0.0,0,0.256
2025-05-01 11:00:00,26.04,75.56,Thursday,0,0,0,0.0,0.0,0.0,0.0,0,0.278
2025-05-01 12:00:00,31.88,73.14,Thursday,0,0,2,1.59,0.55,0.34,0.01,0,1.099
2025-05-01 13:00:00,31.61,80.44,Thursday,0,0,1,7.86,0.59,1.0,0.18,0,1.59
2025-05-01 14:00:00,32.91,60.26,Thursday,0,0,1,5.0,0.24,0.95,0.06,0,1.055
2025-05-01 15:00:00,39.84,61.19,Thursday,0,0,0,0.0,0.0,0.0,0.0,0,0.317
2025-05-01 16:00:00,29.75,81.06,Thursday,0,0,0,0.0,0.0,0.0,0.0,0,0.097
2025-05-01 17:00:00,37.22,72.46,Thursday,0,0,1,10.07,0.32,0.7,0.01,0,1.017
2025-05-01 18:00:00,34.08,72.44,Thursday,0,0,1,9.9,0.81,0.66,0.56,0,1.95
2025-05-01 19:00:00,35.41,66.39,Thursday,0,0,0,0.0,0.0,0.0,0.0,0,0.185
2025-05-01 20:00:00,34.92,64.67,Thursday,0,0,1,10.94,0.91,1.0,0.55,0,0.942
2025-05-01 21:00:00,34.13,66.82,Thursday,0,0,2,13.01,0.76,1.0,0.37,0,1.478
2025-05-01 22:00:00,33.57,78.03,Thursday,0,1,3,11.95,0.6,0.86,0.57,0,1.297
2025-05-01 23:00:00,34.71,66.12,Thursday,0,0,1,13.55,0.92,1.0,0.44,0,1.912
2025-05-02 00:00:00,30.77,73.32,Friday,0,0,1,13.2,0.76,0.05,0.11,0,1.096
2025-05-02 01:00:00,34.13,66.02,Friday,0,0,1,14.34,0.65,0.67,0.02,0,1.562
2025-05-02 02:00:00,31.25,76.59,Friday,0,0,2,13.59,0.78,0.66,0.09,0,1.665
2025-05-02 03:00:00,29.19,71.54,Friday,0,0,3,13.71,0.79,0.96,0.07,0,1.363
2025-05-02 04:00:00,29.69,73.29,Friday,0,0,1,13.78,0.38,0.67,0.06,0,1.132
2025-05-02 05:00:00,32.14,63.16,Friday,0,0,2,10.93,1.0,0.89,0.05,0,1.61
2025-05-02 06:00:00,28.44,66.84,Friday,0,0,3,7.75,0.67,0.63,0.07,0,0.635
2025-05-02 07:00:00,29.75,73.77,Friday,0,0,2,5.63,0.67,0.58,0.08,0,1.34
2025-05-02 08:00:00,27.68,68.96,Friday,0,0,3,7.74,0.21,0.95,0.03,0,0.915
2025-05-02 09:00:00,30.46,83.61,Friday,0,0,0,0.0,0.0,0.0,0.0,0,0.484
2025-05-02 10:00:00,30.63,62.62,Friday,0,0,0,0.0,0.0,0.0,0.0,0,0.091
2025-05-02 11:00:00,33.2,66.62,Friday,0,0,0,0.0,0.0,0.0,0.0,0,0.252
2025-05-02 12:00:00,30.18,73.42,Friday,0,0,0,0.0,0.0,0.0,0.0,0,0.128
2025-05-02 13:00:00,32.43,69.49,Friday,0,1,4,2.55,0.43,0.48,0.1,0,1.137
2025-05-02 14:00:00,32.17,66.02,Friday,0,0,0,0.0,0.0,0.0,0.0,0,0.19
2025-05-02 15:00:00,35.11,64.11,Friday,0,0,1,6.34,0.7,0.69,0.14,0,1.464
2025-05-02 16:00:00,32.2,66.56,Friday,0,0,0,0.0,0.0,0.0,0.0,0,0.326
2025-05-02 17:00:00,35.46,67.15,Friday,0,0,3,6.47,0.73,0.97,0.01,0,1.256
2025-05-02 18:00:00,34.25,79.44,Friday,0,0,2,11.96,0.82,0.74,0.41,0,1.839
2025-05-02 19:00:00,34.78,69.59,Friday,0,0,2,9.72,0.79,0.93,0.66,0,2.739
2025-05-02 20:00:00,35.16,74.77,Friday,0,0,2,10.54,0.74,0.68,0.6,0,2.183
2025-05-02 21:00:00,35.35,71.22,Friday,0,0,1,11.81,0.72,0.93,0.75,0,0.887
2025-05-02 22:00:00,34.39,75.12,Friday,0,0,3,15.96,0.72,0.73,0.42,0,2.748
2025-05-02 23:00:00,34.51,55.44,Friday,0,0,3,13.79,0.61,0.97,0.31,0,1.205
2025-05-03 00:00:00,36.34,66.27,Saturday,1,0,2,12.92,0.49,1.0,0.15,0,1.486
2025-05-03 01:00:00,34.55,75.94,Saturday,1,0,2,13.57,0.63,0.35,0.02,0,1.283
2025-05-03 02:00:00,33.56,67.43,Saturday,1,0,3,14.26,0.81,0.84,0.05,0,1.436
2025-05-03 03:00:00,30.4,81.95,Saturday,1,0,1,14.87,0.81,1.0,0.15,0,1.234
2025-05-03 04:00:00,28.9,81.91,Saturday,1,0,1,13.71,0.78,0.9,0.12,0,1.748
2025-05-03 05:00:00,31.6,69.72,Saturday,1,0,0,0.0,0.0,0.0,0.0,0,0.158
2025-05-03 06:00:00,30.98,70.1,Saturday,1,0,4,9.2,0.6,0.52,0.01,0,0.758
2025-05-03 07:00:00,31.75,66.86,Saturday,1,0,2,11.86,0.6,0.81,0.15,0,1.075
2025-05-03 08:00:00,27.91,72.23,Saturday,1,0,1,8.99,0.5,0.87,0.17,0,1.015
2025-05-03 09:00:00,28.69,68.52,Saturday,1,0,2,6.09,0.87,0.62,0.02,0,0.574
2025-05-03 10:00:00,26.45,78.84,Saturday,1,0,0,0.0,0.0,0.0,0.0,0,0.358
2025-05-03 11:00:00,29.17,66.97,Saturday,1,0,0,0.0,0.0,0.0,0.0,0,0.196
2025-05-03 12:00:00,32.29,74.46,Saturday,1,0,2,3.01,1.0,1.0,0.08,0,2.505
2025-05-03 13:00:00,30.38,76.3,Saturday,1,0,2,3.88,0.66,0.89,0.08,0,2.043
2025-05-03 14:00:00,33.15,62.36,Saturday,1,0,0,0.0,0.0,0.0,0.0,0,0.358
2025-05-03 15:00:00,32.43,79.06,Saturday,1,0,3,6.12,0.86,0.79,0.11,0,2.053
2025-05-03 16:00:00,34.08,72.39,Saturday,1,0,3,7.6,0.46,0.91,0.11,0,0.984
2025-05-03 17:00:00,32.05,75.4,Saturday,1,0,2,7.61,0.79,1.0,0.16,0,1.164
2025-05-03 18:00:00,34.75,65.43,Saturday,1,0,2,8.08,0.98,0.57,0.94,0,0.871
2025-05-03 19:00:00,29.51,77.05,Saturday,1,0,2,11.03,0.2,0.78,0.36,0,0.741
2025-05-03 20:00:00,34.66,74.94,Saturday,1,0,2,11.75,0.29,0.66,0.31,0,0.776
2025-05-03 21:00:00,31.96,71.24,Saturday,1,0,2,10.69,0.84,0.49,0.63,0,0.439
2025-05-03 22:00:00,36.77,77.42,Saturday,1,0,2,15.24,0.58,0.6,0.53,0,1.668
2025-05-03 23:00:00,35.52,68.75,Saturday,1,1,1,13.74,0.55,0.8,0.36,0,2.162
2025-05-04 00:00:00,34.34,75.3,Sunday,1,0,1,14.6,0.57,0.68,0.17,0,1.452
2025-05-04 01:00:00,35.51,70.0,Sunday,1,0,2,14.5,0.37,0.76,0.13,0,1.471
2025-05-04 02:00:00,30.29,76.17,Sunday,1,0,2,14.31,0.55,0.93,0.01,0,1.116
2025-05-04 03:00:00,34.37,61.21,Sunday,1,0,2,13.75,0.32,1.0,0.14,0,0.714
2025-05-04 04:00:00,32.18,73.4,Sunday,1,0,4,10.54,0.98,1.0,0.07,0,1.985
2025-05-04 05:00:00,29.45,70.32,Sunday,1,0,2,11.76,0.68,0.94,0.11,0,1.289
2025-05-04 06:00:00,31.44,67.97,Sunday,1,0,3,9.48,0.68,0.6,0.12,0,0.878
2025-05-04 07:00:00,27.11,84.82,Sunday,1,0,2,10.33,0.82,1.0,0.03,0,1.847
2025-05-04 08:00:00,27.51,74.67,Sunday,1,0,1,8.72,1.0,0.67,0.08,0,1.702
2025-05-04 09:00:00,28.01,70.28,Sunday,1,0,4,8.45,0.39,0.58,0.09,0,0.748
2025-05-04 10:00:00,28.45,73.1,Sunday,1,0,3,4.26,0.19,0.91,0.12,1,1.291
2025-05-04 11:00:00,27.98,68.82,Sunday,1,0,2,7.1,0.64,1.0,0.18,0,1.179
2025-05-04 12:00:00,32.7,78.24,Sunday,1,0,1,5.14,0.19,0.6,0.12,0,0.793
2025-05-04 13:00:00,30.76,69.34,Sunday,1,0,1,6.21,0.57,0.83,0.14,0,1.729
2025-05-04 14:00:00,32.63,73.78,Sunday,1,0,3,6.68,0.87,0.86,0.13,1,1.842
2025-05-04 15:00:00,31.75,78.71,Sunday,1,0,1,7.15,1.0,0.51,0.02,0,1.122
2025-05-04 16:00:00,30.22,70.8,Sunday,1,0,2,5.87,0.26,0.39,0.06,0,0.963
2025-05-04 17:00:00,34.61,72.01,Sunday,1,0,2,10.14,0.41,0.4,0.08,0,1.709
2025-05-04 18:00:00,31.15,67.31,Sunday,1,0,1,10.53,0.74,1.0,0.56,0,1.233
2025-05-04 19:00:00,34.77,81.43,Sunday,1,0,3,9.08,0.84,0.63,0.78,0,1.303
2025-05-04 20:00:00,32.54,75.9,Sunday,1,0,3,11.77,0.85,0.59,0.3,0,1.044
2025-05-04 21:00:00,38.47,64.91,Sunday,1,0,2,11.72,1.0,0.83,0.97,0,2.403
2025-05-04 22:00:00,36.24,64.02,Sunday,1,0,2,12.19,0.83,1.0,0.54,0,2.027
2025-05-04 23:00:00,34.31,69.05,Sunday,1,0,3,16.0,0.62,0.46,0.99,0,1.487
2025-05-05 00:00:00,35.77,66.6,Monday,0,0,0,0.0,0.0,0.0,0.0,0,0.399
2025-05-05 01:00:00,31.25,82.14,Monday,0,0,2,12.85,0.67,1.0,0.04,0,1.019
2025-05-05 02:00:00,32.98,64.69,Monday,0,0,2,16.0,0.72,0.88,0.17,0,1.35
2025-05-05 03:00:00,31.58,72.75,Monday,0,0,0,0.0,0.0,0.0,0.0,0,0.219
2025-05-05 04:00:00,30.97,72.53,Monday,0,0,4,13.49,0.69,0.64,0.1,0,2.147
2025-05-05 05:00:00,32.17,70.96,Monday,0,0,2,12.98,0.24,0.5,0.19,0,1.035
2025-05-05 06:00:00,30.72,72.31,Monday,0,0,2,11.16,0.91,0.91,0.07,0,2.303
2025-05-05 07:00:00,29.62,73.26,Monday,0,0,3,8.93,0.4,1.0,0.01,0,0.845
2025-05-05 08:00:00,26.02,81.45,Monday,0,0,2,7.44,0.0,0.92,0.05,0,0.61
2025-05-05 09:00:00,27.37,78.91,Monday,0,0,1,7.27,0.07,0.79,0.06,0,0.605
2025-05-05 10:00:00,29.18,76.33,Monday,0,0,3,5.33,0.44,0.84,0.1,0,1.274
2025-05-05 11:00:00,30.05,58.29,Monday,0,0,0,0.0,0.0,0.0,0.0,0,0.245
2025-05-05 12:00:00,28.46,76.38,Monday,0,0,0,0.0,0.0,0.0,0.0,0,0.257
2025-05-05 13:00:00,35.56,60.22,Monday,0,0,0,0.0,0.0,0.0,0.0,0,0.253
2025-05-05 14:00:00,34.73,72.48,Monday,0,0,2,8.49,0.54,0.68,0.05,0,0.684
2025-05-05 15:00:00,33.86,77.4,Monday,0,0,0,0.0,0.0,0.0,0.0,0,0.201
2025-05-05 16:00:00,33.63,65.6,Monday,0,0,0,0.0,0.0,0.0,0.0,0,0.301
2025-05-05 17:00:00,33.74,68.83,Monday,0,0,3,9.35,0.71,0.97,0.1,0,1.058
2025-05-05 18:00:00,32.88,67.91,Monday,0,0,2,10.74,0.6,0.48,0.54,0,1.409
2025-05-05 19:00:00,35.04,75.15,Monday,0,0,4,11.73,0.66,0.22,0.67,0,2.316
2025-05-05 20:00:00,35.46,69.06,Monday,0,0,2,10.62,0.86,0.57,0.3,0,1.582
2025-05-05 21:00:00,32.66,79.75,Monday,0,0,2,13.78,0.65,0.7,0.87,0,1.06
2025-05-05 22:00:00,35.2,70.89,Monday,0,0,4,14.69,0.57,1.0,0.38,0,1.138
2025-05-05 23:00:00,33.84,71.26,Monday,0,0,0,0.0,0.0,0.0,0.0,0,0.301
2025-05-06 00:00:00,30.06,73.78,Tuesday,0,0,1,16.0,0.57,0.8,0.09,0,1.892
2025-05-06 01:00:00,31.23,76.49,Tuesday,0,0,4,16.0,0.52,0.83,0.19,0,1.353
2025-05-06 02:00:00,31.25,63.68,Tuesday,0,0,0,0.0,0.0,0.0,0.0,0,0.175
2025-05-06 03:00:00,34.62,69.77,Tuesday,0,0,3,12.04,0.45,0.72,0.07,0,0.809
2025-05-06 04:00:00,31.5,71.8,Tuesday,0,0,2,12.99,0.94,0.68,0.05,0,2.007
2025-05-06 05:00:00,27.47,79.4,Tuesday,0,0,0,0.0,0.0,0.0,0.0,0,0.358
2025-05-06 06:00:00,30.28,72.31,Tuesday,0,0,2,9.7,1.0,0.86,0.09,0,1.504
2025-05-06 07:00:00,26.32,71.62,Tuesday,0,0,2,7.6,0.0,0.96,0.02,0,0.39
2025-05-06 08:00:00,30.95,72.68,Tuesday,0,0,2,5.1,0.89,0.54,0.0,0,1.256
2025-05-06 09:00:00,28.25,69.66,Tuesday,0,0,0,0.0,0.0,0.0,0.0,0,0.214
2025-05-06 10:00:00,29.23,64.57,Tuesday,0,0,2,5.5,0.97,0.57,0.17,0,2.331
2025-05-06 11:00:00,32.26,75.1,Tuesday,0,0,2,4.52,0.82,0.52,0.12,0,1.79
2025-05-06 12:00:00,28.18,78.03,Tuesday,0,0,0,0.0,0.0,0.0,0.0,0,0.258
2025-05-06 13:00:00,28.71,77.0,Tuesday,0,0,0,0.0,0.0,0.0,0.0,0,0.295
2025-05-06 14:00:00,30.95,79.16,Tuesday,0,0,0,0.0,0.0,0.0,0.0,0,0.173
2025-05-06 15:00:00,34.64,66.0,Tuesday,0,0,0,0.0,0.0,0.0,0.0,0,0.192
2025-05-06 16:00:00,30.76,65.66,Tuesday,0,0,0,0.0,0.0,0.0,0.0,0,0.295
2025-05-06 17:00:00,29.02,74.03,Tuesday,0,0,2,8.04,0.88,0.79,0.2,0,1.597
2025-05-06 18:00:00,33.78,68.36,Tuesday,0,0,1,8.69,0.96,0.41,0.5,0,1.955
2025-05-06 19:00:00,35.89,63.99,Tuesday,0,0,2,9.81,0.54,0.29,0.75,0,1.976
2025-05-06 20:00:00,37.16,66.66,Tuesday,0,0,3,13.22,0.33,0.53,0.38,0,1.355
2025-05-06 21:00:00,34.06,66.79,Tuesday,0,0,2,11.9,0.41,0.79,0.68,0,1.695
2025-05-06 22:00:00,33.86,60.85,Tuesday,0,0,4,13.77,0.67,0.71,0.7,0,2.135
2025-05-06 23:00:00,36.2,65.72,Tuesday,0,0,2,14.4,0.66,0.91,0.44,0,1.599
2025-05-07 00:00:00,30.13,67.7,Wednesday,0,0,1,16.0,0.56,0.39,0.16,0,1.222
2025-05-07 01:00:00,32.08,72.79,Wednesday,0,0,2,16.0,0.44,0.61,0.01,0,0.527
2025-05-07 02:00:00,32.34,68.11,Wednesday,0,0,3,12.03,1.0,0.73,0.16,0,2.985
2025-05-07 03:00:00,32.03,77.23,Wednesday,0,0,2,15.91,0.49,0.51,0.04,0,1.005
2025-05-07 04:00:00,29.58,81.9,Wednesday,0,0,3,10.68,0.44,0.78,0.06,0,1.005
2025-05-07 05:00:00,29.94,76.95,Wednesday,0,0,0,0.0,0.0,0.0,0.0,0,0.432
2025-05-07 06:00:00,24.92,70.32,Wednesday,0,0,1,8.75,0.0,0.87,0.15,0,0.278
2025-05-07 07:00:00,27.92,82.9,Wednesday,0,0,1,8.12,0.78,0.82,0.04,0,1.126
2025-05-07 08:00:00,29.81,81.55,Wednesday,0,0,2,6.03,0.43,0.29,0.08,0,0.789
2025-05-07 09:00:00,27.33,75.99,Wednesday,0,0,1,8.98,0.78,1.0,0.05,0,1.066
2025-05-07 10:00:00,29.51,80.56,Wednesday,0,0,0,0.0,0.0,0.0,0.0,0,0.338
2025-05-07 11:00:00,30.68,70.13,Wednesday,0,0,3,5.51,0.37,0.36,0.13,0,1.017
2025-05-07 12:00:00,29.88,64.28,Wednesday,0,0,2,3.39,0.52,0.73,0.05,1,2.01
2025-05-07 13:00:00,31.53,68.32,Wednesday,0,0,0,0.0,0.0,0.0,0.0,0,0.327
2025-05-07 14:00:00,30.27,81.91,Wednesday,0,0,0,0.0,0.0,0.0,0.0,0,0.381
2025-05-07 15:00:00,32.4,63.88,Wednesday,0,0,0,0.0,0.0,0.0,0.0,0,0.198
2025-05-07 16:00:00,34.6,69.36,Wednesday,0,0,3,7.32,0.71,0.73,0.1,0,1.802
2025-05-07 17:00:00,34.4,69.71,Wednesday,0,0,3,10.17,1.0,0.88,0.03,0,2.823
2025-05-07 18:00:00,33.54,67.75,Wednesday,0,0,2,10.19,1.0,0.46,0.69,0,0.976
2025-05-07 19:00:00,35.3,66.51,Wednesday,0,0,2,11.3,0.93,0.47,0.59,0,1.903
2025-05-07 20:00:00,36.28,68.21,Wednesday,0,0,3,13.3,1.0,0.53,0.89,0,2.443
2025-05-07 21:00:00,31.21,69.6,Wednesday,0,0,2,13.69,0.94,1.0,0.7,0,0.854
2025-05-07 22:00:00,36.68,60.38,Wednesday,0,0,1,15.75,1.0,0.84,0.39,0,0.124
2025-05-07 23:00:00,33.51,71.41,Wednesday,0,0,4,15.66,0.79,0.89,0.57,0,2.105
2025-05-08 00:00:00,34.26,75.03,Thursday,0,0,3,16.0,0.82,1.0,0.17,0,1.516
2025-05-08 01:00:00,34.93,73.41,Thursday,0,0,2,15.9,0.81,0.95,0.05,0,2.228
2025-05-08 02:00:00,29.53,69.87,Thursday,0,0,2,16.0,0.54,0.79,0.13,0,1.25
2025-05-08 03:00:00,29.94,67.29,Thursday,0,0,4,14.78,0.86,1.0,0.14,0,1.726
2025-05-08 04:00:00,29.98,72.1,Thursday,0,0,3,15.12,0.96,0.51,0.18,0,1.616
2025-05-08 05:00:00,28.47,82.72,Thursday,0,0,2,10.48,0.5,0.68,0.18,0,1.157
2025-05-08 06:00:00,32.52,74.46,Thursday,0,0,3,11.25,0.44,1.0,0.09,0,0.713
2025-05-08 07:00:00,27.56,79.22,Thursday,0,0,2,6.63,0.51,0.2,0.11,0,0.901
2025-05-08 08:00:00,28.0,79.75,Thursday,0,0,1,8.92,0.99,0.55,0.16,0,2.015
2025-05-08 09:00:00,29.47,76.08,Thursday,0,0,0,0.0,0.0,0.0,0.0,0,0.372
2025-05-08 10:00:00,27.24,76.59,Thursday,0,0,2,7.08,0.37,0.78,0.07,0,1.181
2025-05-08 11:00:00,29.16,77.56,Thursday,0,0,0,0.0,0.0,0.0,0.0,0,0.244
2025-05-08 12:00:00,31.07,69.81,Thursday,0,0,1,6.2,0.42,0.27,0.2,0,0.914
2025-05-08 13:00:00,30.62,65.87,Thursday,0,0,0,0.0,0.0,0.0,0.0,0,0.242
2025-05-08 14:00:00,31.83,75.47,Thursday,0,0,2,4.04,0.3,0.91,0.07,0,1.096
2025-05-08 15:00:00,31.82,78.05,Thursday,0,0,2,7.27,0.8,0.52,0.05,0,1.119
2025-05-08 16:00:00,30.77,67.21,Thursday,0,0,2,7.07,0.6,0.96,0.1,0,1.348
2025-05-08 17:00:00,34.7,73.38,Thursday,0,0,2,9.7,0.78,0.82,0.16,0,0.791
2025-05-08 18:00:00,37.76,74.92,Thursday,0,0,2,9.24,0.08,0.46,0.85,0,0.76
2025-05-08 19:00:00,34.93,69.05,Thursday,0,0,2,9.9,0.92,0.84,0.78,0,2.278
2025-05-08 20:00:00,35.4,64.55,Thursday,0,0,3,12.14,0.63,0.94,0.81,0,1.291
2025-05-08 21:00:00,36.14,68.59,Thursday,0,0,2,14.29,0.78,0.84,0.38,0,0.904
2025-05-08 22:00:00,32.31,68.67,Thursday,0,0,0,0.0,0.0,0.0,0.0,0,0.201
2025-05-08 23:00:00,37.18,63.95,Thursday,0,0,3,13.61,0.74,0.32,0.46,0,1.858
2025-05-09 00:00:00,33.86,72.19,Friday,0,0,3,16.0,1.0,1.0,0.15,0,1.861
2025-05-09 01:00:00,35.71,60.34,Friday,0,0,1,14.62,0.18,1.0,0.13,0,0.589
2025-05-09 02:00:00,30.68,65.67,Friday,0,0,4,10.94,0.57,1.0,0.19,0,1.717
2025-05-09 03:00:00,34.49,69.55,Friday,0,0,2,14.93,0.2,0.78,0.12,0,0.806
2025-05-09 04:00:00,31.89,71.68,Friday,0,0,3,12.48,0.73,0.65,0.07,0,1.404
2025-05-09 05:00:00,30.87,74.43,Friday,0,0,3,11.04,0.67,0.65,0.15,0,1.993
2025-05-09 06:00:00,29.82,83.04,Friday,0,0,2,9.71,0.38,0.95,0.01,0,0.958
2025-05-09 07:00:00,28.65,75.23,Friday,0,0,0,0.0,0.0,0.0,0.0,0,0.241
2025-05-09 08:00:00,31.16,75.45,Friday,0,0,1,10.0,0.56,0.59,0.19,0,1.501
2025-05-09 09:00:00,29.35,69.2,Friday,0,0,0,0.0,0.0,0.0,0.0,0,0.234
2025-05-09 10:00:00,25.86,81.07,Friday,0,0,1,6.06,0.0,1.0,0.2,0,0.62
2025-05-09 11:00:00,27.87,72.79,Friday,0,0,0,0.0,0.0,0.0,0.0,0,0.199
2025-05-09 12:00:00,30.16,73.71,Friday,0,0,0,0.0,0.0,0.0,0.0,0,0.198
2025-05-09 13:00:00,31.78,71.35,Friday,0,0,1,6.43,0.85,1.0,0.01,0,2.211
2025-05-09 14:00:00,31.9,76.96,Friday,0,0,0,0.0,0.0,0.0,0.0,0,0.264
2025-05-09 15:00:00,34.97,62.48,Friday,0,0,0,0.0,0.0,0.0,0.0,0,0.31
2025-05-09 16:00:00,29.99,62.1,Friday,0,0,0,0.0,0.0,0.0,0.0,0,0.353
2025-05-09 17:00:00,34.38,68.49,Friday,0,0,2,9.3,0.88,0.49,0.0,0,2.31
2025-05-09 18:00:00,31.32,74.65,Friday,0,0,1,9.44,0.59,0.57,0.88,1,2.01
2025-05-09 19:00:00,36.26,68.62,Friday,0,0,4,11.85,0.53,0.62,0.44,0,1.66
2025-05-09 20:00:00,34.83,75.32,Friday,0,1,4,15.65,0.64,0.8,0.62,0,1.544
2025-05-09 21:00:00,35.65,70.6,Friday,0,0,2,13.84,0.14,0.73,0.75,0,1.141
2025-05-09 22:00:00,33.04,67.94,Friday,0,0,1,16.0,0.58,0.71,0.79,0,1.006
2025-05-09 23:00:00,36.42,56.09,Friday,0,0,2,16.0,0.15,0.69,0.38,0,0.978
2025-05-10 00:00:00,35.37,67.48,Saturday,1,0,1,15.84,0.44,0.53,0.02,0,0.79
2025-05-10 01:00:00,33.83,75.2,Saturday,1,0,3,16.0,0.29,0.63,0.2,0,1.096
2025-05-10 02:00:00,31.77,69.95,Saturday,1,0,3,11.07,0.78,1.0,0.13,0,2.391
2025-05-10 03:00:00,32.27,71.6,Saturday,1,0,2,10.78,0.47,0.92,0.15,0,0.751
2025-05-10 04:00:00,29.23,76.3,Saturday,1,0,3,15.09,0.96,0.76,0.14,0,2.833
2025-05-10 05:00:00,31.42,67.15,Saturday,1,1,1,10.32,0.19,0.37,0.09,0,0.489
2025-05-10 06:00:00,32.37,74.48,Saturday,1,0,2,10.17,0.59,0.5,0.16,0,0.883
2025-05-10 07:00:00,31.03,80.76,Saturday,1,0,3,11.33,0.67,0.74,0.05,0,1.47
2025-05-10 08:00:00,27.69,74.72,Saturday,1,0,1,7.8,0.77,1.0,0.08,0,0.928
2025-05-10 09:00:00,29.75,68.08,Saturday,1,0,2,9.0,1.0,0.81,0.07,0,2.45
2025-05-10 10:00:00,27.07,75.8,Saturday,1,0,0,0.0,0.0,0.0,0.0,0,0.34
2025-05-10 11:00:00,30.91,61.56,Saturday,1,0,0,0.0,0.0,0.0,0.0,0,0.064
2025-05-10 12:00:00,31.31,74.01,Saturday,1,0,2,5.09,1.0,0.51,0.02,0,1.034
2025-05-10 13:00:00,27.86,77.69,Saturday,1,0,2,7.41,0.42,1.0,0.19,0,0.782
2025-05-10 14:00:00,29.91,81.96,Saturday,1,0,2,5.28,0.76,0.65,0.14,0,1.501
2025-05-10 15:00:00,32.27,70.49,Saturday,1,0,0,0.0,0.0,0.0,0.0,0,0.256
2025-05-10 16:00:00,32.96,72.88,Saturday,1,0,1,6.8,0.3,1.0,0.16,0,0.7
2025-05-10 17:00:00,31.94,67.45,Saturday,1,0,2,8.07,0.45,0.52,0.18,0,1.285
2025-05-10 18:00:00,35.3,66.95,Saturday,1,0,1,9.03,1.0,0.75,0.76,0,1.47
2025-05-10 19:00:00,35.35,61.06,Saturday,1,0,3,10.26,0.36,0.95,0.61,0,1.177
2025-05-10 20:00:00,34.65,68.34,Saturday,1,0,3,14.18,0.58,0.68,0.32,0,0.889
2025-05-10 21:00:00,33.54,68.79,Saturday,1,0,2,15.65,0.59,0.69,0.95,0,1.892
2025-05-10 22:00:00,36.48,69.16,Saturday,1,0,3,14.92,0.88,0.65,0.76,0,3.023
2025-05-10 23:00:00,37.1,63.99,Saturday,1,0,2,13.86,0.93,0.28,0.35,0,1.371
2025-05-11 00:00:00,32.63,71.55,Sunday,1,0,1,14.12,0.68,1.0,0.16,0,0.43
2025-05-11 01:00:00,31.67,70.33,Sunday,1,0,2,11.72,0.0,0.5,0.19,0,0.249
2025-05-11 02:00:00,32.88,69.25,Sunday,1,0,3,14.9,0.43,0.18,0.07,0,1.48
2025-05-11 03:00:00,30.58,73.38,Sunday,1,0,1,12.51,0.35,1.0,0.15,0,0.809
2025-05-11 04:00:00,30.25,73.48,Sunday,1,0,2,14.71,0.94,0.87,0.04,0,2.421
2025-05-11 05:00:00,31.21,76.22,Sunday,1,0,1,9.23,0.42,0.42,0.08,0,0.601
2025-05-11 06:00:00,25.96,76.53,Sunday,1,0,2,9.11,0.0,1.0,0.14,0,0.347
2025-05-11 07:00:00,31.47,70.42,Sunday,1,0,2,8.56,0.75,0.92,0.02,0,1.438
2025-05-11 08:00:00,29.13,73.38,Sunday,1,0,2,8.2,0.93,0.75,0.17,1,2.928
2025-05-11 09:00:00,28.36,71.4,Sunday,1,0,1,9.17,1.0,0.66,0.18,0,1.557
2025-05-11 10:00:00,29.24,72.38,Sunday,1,0,0,0.0,0.0,0.0,0.0,0,0.188
2025-05-11 11:00:00,29.81,83.83,Sunday,1,0,0,0.0,0.0,0.0,0.0,0,0.321
2025-05-11 12:00:00,27.38,71.29,Sunday,1,0,3,2.86,0.7,0.55,0.16,0,1.348
2025-05-11 13:00:00,33.91,68.59,Sunday,1,0,2,6.36,0.89,1.0,0.18,0,2.049
2025-05-11 14:00:00,32.07,69.7,Sunday,1,0,2,4.7,0.48,0.89,0.2,0,1.156
2025-05-11 15:00:00,33.57,69.05,Sunday,1,0,2,6.31,0.66,0.72,0.01,0,1.103
2025-05-11 16:00:00,35.21,67.15,Sunday,1,0,3,7.24,0.95,1.0,0.11,0,1.971
2025-05-11 17:00:00,32.28,72.84,Sunday,1,0,2,8.88,0.93,0.67,0.18,0,0.421
2025-05-11 18:00:00,35.45,60.05,Sunday,1,0,1,9.77,0.5,1.0,0.81,0,1.618
2025-05-11 19:00:00,34.41,74.71,Sunday,1,0,1,9.84,0.72,0.82,0.4,0,2.196
2025-05-11 20:00:00,36.52,70.79,Sunday,1,0,1,12.63,0.42,0.94,0.49,0,1.383
2025-05-11 21:00:00,31.07,66.33,Sunday,1,0,2,12.34,0.29,0.66,0.54,0,0.659
2025-05-11 22:00:00,34.42,58.18,Sunday,1,0,1,15.55,0.99,0.28,0.57,0,1.103
2025-05-11 23:00:00,33.03,65.88,Sunday,1,0,2,14.92,0.12,0.87,0.42,0,1.003
2025-05-12 00:00:00,34.28,68.44,Monday,0,0,0,0.0,0.0,0.0,0.0,0,0.192
2025-05-12 01:00:00,33.62,83.14,Monday,0,0,2,16.0,0.56,0.6,0.14,0,1.242
2025-05-12 02:00:00,30.72,75.56,Monday,0,0,0,0.0,0.0,0.0,0.0,0,0.354
2025-05-12 03:00:00,29.94,64.52,Monday,0,0,2,16.0,0.48,0.59,0.14,0,0.952
2025-05-12 04:00:00,30.3,69.78,Monday,0,0,4,11.99,0.94,0.74,0.09,0,1.919
2025-05-12 05:00:00,28.26,74.8,Monday,0,0,4,10.04,0.59,0.8,0.02,0,1.914
2025-05-12 06:00:00,30.92,73.94,Monday,0,0,3,11.21,1.0,0.38,0.18,0,1.381
2025-05-12 07:00:00,28.44,68.33,Monday,0,0,4,10.37,0.7,0.82,0.14,0,2.397
2025-05-12 08:00:00,23.77,78.44,Monday,0,0,1,7.8,0.0,0.59,0.14,0,0.366
2025-05-12 09:00:00,28.43,71.33,Monday,0,0,3,3.31,0.79,0.48,0.15,0,1.513
2025-05-12 10:00:00,27.53,70.2,Monday,0,0,0,0.0,0.0,0.0,0.0,0,0.446
2025-05-12 11:00:00,26.94,77.55,Monday,0,0,0,0.0,0.0,0.0,0.0,0,0.409
2025-05-12 12:00:00,28.27,78.93,Monday,0,0,0,0.0,0.0,0.0,0.0,0,0.354
2025-05-12 13:00:00,31.42,76.43,Monday,0,0,2,3.12,0.87,0.76,0.09,1,2.545
2025-05-12 14:00:00,34.39,72.42,Monday,0,0,0,0.0,0.0,0.0,0.0,0,0.176
2025-05-12 15:00:00,33.34,68.01,Monday,0,0,0,0.0,0.0,0.0,0.0,0,0.356
2025-05-12 16:00:00,32.41,74.91,Monday,0,0,0,0.0,0.0,0.0,0.0,0,0.29
2025-05-12 17:00:00,34.94,70.6,Monday,0,0,3,8.07,0.6,1.0,0.17,0,1.1
2025-05-12 18:00:00,33.77,70.78,Monday,0,0,2,10.47,0.16,1.0,0.69,0,1.114
2025-05-12 19:00:00,33.65,67.16,Monday,0,0,2,12.12,0.41,0.8,0.81,0,1.56
2025-05-12 20:00:00,32.92,68.39,Monday,0,0,1,13.07,0.75,0.79,0.77,0,1.656
2025-05-12 21:00:00,31.74,72.3,Monday,0,0,4,14.88,0.58,1.0,0.58,0,1.445
2025-05-12 22:00:00,33.89,82.19,Monday,0,0,4,14.08,0.62,0.8,0.3,0,1.806
2025-05-12 23:00:00,34.4,71.04,Monday,0,0,3,12.65,0.72,0.81,0.38,0,2.634
2025-05-13 00:00:00,33.32,67.45,Tuesday,0,0,3,15.07,0.76,1.0,0.14,0,1.739
2025-05-13 01:00:00,32.03,67.51,Tuesday,0,0,1,13.52,0.68,0.68,0.01,0,0.875
2025-05-13 02:00:00,30.3,70.77,Tuesday,0,0,2,12.29,0.0,0.72,0.09,0,0.444
2025-05-13 03:00:00,32.32,82.3,Tuesday,0,0,2,14.4,0.64,0.41,0.05,0,1.586
2025-05-13 04:00:00,28.13,73.19,Tuesday,0,0,2,10.38,0.52,0.63,0.02,0,1.098
2025-05-13 05:00:00,31.27,76.89,Tuesday,0,0,1,12.31,0.66,0.67,0.13,0,1.105
2025-05-13 06:00:00,27.6,73.78,Tuesday,0,0,2,8.06,0.92,0.68,0.2,0,1.843
2025-05-13 07:00:00,27.75,76.83,Tuesday,0,1,2,8.27,0.38,0.95,0.06,0,0.996
2025-05-13 08:00:00,26.36,80.74,Tuesday,0,0,1,6.65,0.0,0.5,0.19,0,0.367
2025-05-13 09:00:00,28.2,72.26,Tuesday,0,0,0,0.0,0.0,0.0,0.0,0,0.293
2025-05-13 10:00:00,31.16,69.25,Tuesday,0,0,1,6.56,0.57,0.23,0.13,0,1.007
2025-05-13 11:00:00,30.81,81.07,Tuesday,0,0,3,3.93,0.32,0.9,0.11,0,0.756
2025-05-13 12:00:00,32.26,76.39,Tuesday,0,0,2,4.76,0.35,0.95,0.07,1,1.228
2025-05-13 13:00:00,32.16,75.51,Tuesday,0,0,1,7.16,0.64,0.92,0.08,0,0.809
2025-05-13 14:00:00,30.01,77.43,Tuesday,0,0,0,0.0,0.0,0.0,0.0,0,0.26
2025-05-13 15:00:00,32.18,73.84,Tuesday,0,0,0,0.0,0.0,0.0,0.0,0,0.217
2025-05-13 16:00:00,32.09,81.7,Tuesday,0,0,2,9.47,0.45,1.0,0.1,0,0.996
2025-05-13 17:00:00,36.51,67.86,Tuesday,0,0,3,10.57,0.32,0.58,0.2,0,0.949
2025-05-13 18:00:00,32.44,74.19,Tuesday,0,0,2,10.27,0.84,0.6,0.82,0,1.821
2025-05-13 19:00:00,36.5,60.39,Tuesday,0,0,2,11.16,0.28,1.0,0.52,0,0.843
2025-05-13 20:00:00,36.61,63.43,Tuesday,0,0,1,11.67,1.0,0.79,0.58,0,1.761
2025-05-13 21:00:00,38.19,60.13,Tuesday,0,0,1,11.66,1.0,0.99,0.85,0,1.699
2025-05-13 22:00:00,33.86,76.4,Tuesday,0,0,2,14.84,0.46,0.87,0.79,0,1.673
2025-05-13 23:00:00,35.4,55.88,Tuesday,0,0,1,14.57,0.5,0.93,0.73,0,0.646
2025-05-14 00:00:00,37.61,64.64,Wednesday,0,0,3,15.65,0.89,0.25,0.07,0,1.922
2025-05-14 01:00:00,31.66,57.03,Wednesday,0,0,2,15.52,0.92,0.84,0.2,0,2.149
2025-05-14 02:00:00,29.24,70.03,Wednesday,0,0,2,16.0,0.53,0.75,0.11,0,0.766
2025-05-14 03:00:00,27.84,72.99,Wednesday,0,0,2,15.33,0.54,0.99,0.05,0,0.788
2025-05-14 04:00:00,31.78,78.82,Wednesday,0,0,3,13.32,0.54,0.55,0.15,0,0.896
2025-05-14 05:00:00,26.49,78.64,Wednesday,0,0,2,8.09,0.0,1.0,0.06,0,0.223
2025-05-14 06:00:00,28.73,70.48,Wednesday,0,0,2,10.59,0.88,0.45,0.0,0,1.976
2025-05-14 07:00:00,29.89,78.93,Wednesday,0,0,2,11.08,0.69,0.64,0.02,0,1.171
2025-05-14 08:00:00,29.33,74.19,Wednesday,0,0,2,6.86,0.47,0.36,0.13,0,0.555
2025-05-14 09:00:00,29.87,73.81,Wednesday,0,0,0,0.0,0.0,0.0,0.0,0,0.204
2025-05-14 10:00:00,29.8,67.67,Wednesday,0,0,0,0.0,0.0,0.0,0.0,0,0.243
2025-05-14 11:00:00,32.18,66.59,Wednesday,0,0,0,0.0,0.0,0.0,0.0,0,0.242
2025-05-14 12:00:00,28.78,70.47,Wednesday,0,0,0,0.0,0.0,0.0,0.0,0,0.21
2025-05-14 13:00:00,30.0,73.73,Wednesday,0,0,0,0.0,0.0,0.0,0.0,0,0.247
2025-05-14 14:00:00,30.61,73.34,Wednesday,0,0,0,0.0,0.0,0.0,0.0,0,0.17
2025-05-14 15:00:00,34.27,77.38,Wednesday,0,0,0,0.0,0.0,0.0,0.0,0,0.242
2025-05-14 16:00:00,35.12,70.82,Wednesday,0,0,0,0.0,0.0,0.0,0.0,0,0.23
2025-05-14 17:00:00,34.93,55.52,Wednesday,0,0,3,10.05,0.7,0.62,0.08,1,1.574
2025-05-14 18:00:00,36.73,68.76,Wednesday,0,0,2,10.88,1.0,1.0,0.61,0,2.278
2025-05-14 19:00:00,32.78,63.75,Wednesday,0,0,0,0.0,0.0,0.0,0.0,0,0.174
2025-05-14 20:00:00,38.0,61.47,Wednesday,0,0,2,13.61,0.0,0.68,0.42,0,1.039
2025-05-14 21:00:00,37.64,62.57,Wednesday,0,0,2,14.5,1.0,0.79,0.49,0,1.902
2025-05-14 22:00:00,35.92,64.85,Wednesday,0,0,3,13.78,0.52,1.0,0.89,0,1.721
2025-05-14 23:00:00,37.33,60.03,Wednesday,0,0,2,13.65,0.67,0.81,0.73,0,1.249
2025-05-15 00:00:00,30.52,74.05,Thursday,0,0,2,12.43,0.51,0.21,0.02,0,0.765
2025-05-15 01:00:00,31.83,64.8,Thursday,0,0,2,14.56,0.5,0.55,0.0,0,1.126
2025-05-15 02:00:00,30.67,74.68,Thursday,0,0,2,12.37,0.37,0.68,0.09,0,0.856
2025-05-15 03:00:00,32.52,82.42,Thursday,0,0,3,13.78,0.15,0.97,0.07,0,0.662
2025-05-15 04:00:00,28.61,68.11,Thursday,0,0,3,12.26,0.47,0.44,0.17,0,1.091
2025-05-15 05:00:00,31.24,70.96,Thursday,0,0,4,10.69,0.78,0.79,0.12,0,2.007
2025-05-15 06:00:00,31.87,59.2,Thursday,0,0,4,11.57,0.24,0.73,0.17,0,1.284
2025-05-15 07:00:00,30.35,71.68,Thursday,0,0,2,7.23,0.78,1.0,0.11,0,2.363
2025-05-15 08:00:00,29.51,77.16,Thursday,0,0,1,4.73,1.0,0.5,0.05,0,1.694
2025-05-15 09:00:00,27.32,79.51,Thursday,0,0,0,0.0,0.0,0.0,0.0,0,0.308
2025-05-15 10:00:00,27.88,75.8,Thursday,0,0,0,0.0,0.0,0.0,0.0,0,0.353
2025-05-15 11:00:00,32.13,76.03,Thursday,0,0,0,0.0,0.0,0.0,0.0,0,0.235
2025-05-15 12:00:00,31.9,84.52,Thursday,0,0,0,0.0,0.0,0.0,0.0,0,0.186
2025-05-15 13:00:00,31.15,81.03,Thursday,0,0,0,0.0,0.0,0.0,0.0,0,0.188
2025-05-15 14:00:00,31.25,69.77,Thursday,0,0,0,0.0,0.0,0.0,0.0,0,0.246
2025-05-15 15:00:00,29.13,67.03,Thursday,0,0,0,0.0,0.0,0.0,0.0,0,0.179
2025-05-15 16:00:00,31.57,70.06,Thursday,0,0,0,0.0,0.0,0.0,0.0,0,0.261
2025-05-15 17:00:00,37.56,61.96,Thursday,0,0,1,8.64,0.8,0.88,0.02,1,3.219
2025-05-15 18:00:00,32.29,73.69,Thursday,0,0,3,8.22,0.73,0.59,0.35,0,1.337
2025-05-15 19:00:00,35.24,62.88,Thursday,0,0,3,9.87,0.49,1.0,0.93,0,1.37
2025-05-15 20:00:00,36.81,67.01,Thursday,0,0,0,0.0,0.0,0.0,0.0,0,0.302
2025-05-15 21:00:00,32.64,75.32,Thursday,0,0,4,11.82,0.52,0.53,0.93,0,1.294
2025-05-15 22:00:00,34.93,68.56,Thursday,0,0,1,13.9,1.0,0.66,0.62,0,0.371
2025-05-15 23:00:00,35.81,63.54,Thursday,0,0,3,14.45,0.49,0.71,0.67,0,0.757
2025-05-16 00:00:00,33.52,76.21,Friday,0,0,2,13.62,0.85,0.95,0.19,0,2.174
2025-05-16 01:00:00,37.94,56.96,Friday,0,0,0,0.0,0.0,0.0,0.0,0,0.152
2025-05-16 02:00:00,28.99,72.77,Friday,0,0,1,12.8,0.53,0.58,0.12,0,1.414
2025-05-16 03:00:00,33.13,70.48,Friday,0,0,1,15.4,0.5,0.97,0.12,0,1.174
2025-05-16 04:00:00,30.19,73.41,Friday,0,0,3,12.17,0.31,0.89,0.08,0,0.989
2025-05-16 05:00:00,31.27,73.26,Friday,0,0,2,10.3,0.51,0.26,0.09,0,1.258
2025-05-16 06:00:00,30.19,76.38,Friday,0,0,1,10.81,0.74,0.91,0.1,0,0.501
2025-05-16 07:00:00,27.78,75.32,Friday,0,0,0,0.0,0.0,0.0,0.0,0,0.16
2025-05-16 08:00:00,29.41,72.19,Friday,0,0,1,8.64,0.95,0.59,0.04,0,1.003
2025-05-16 09:00:00,25.76,75.28,Friday,0,0,0,0.0,0.0,0.0,0.0,0,0.28
2025-05-16 10:00:00,30.49,70.0,Friday,0,0,4,6.45,0.82,0.63,0.2,0,2.265
2025-05-16 11:00:00,30.41,77.07,Friday,0,0,0,0.0,0.0,0.0,0.0,0,0.22
2025-05-16 12:00:00,31.65,68.78,Friday,0,0,0,0.0,0.0,0.0,0.0,0,0.285
2025-05-16 13:00:00,33.13,74.92,Friday,0,0,0,0.0,0.0,0.0,0.0,0,0.102
2025-05-16 14:00:00,32.66,71.2,Friday,0,0,0,0.0,0.0,0.0,0.0,0,0.134
2025-05-16 15:00:00,33.04,68.16,Friday,0,0,0,0.0,0.0,0.0,0.0,0,0.221
2025-05-16 16:00:00,31.91,74.87,Friday,0,0,2,9.92,0.98,0.95,0.06,0,1.703
2025-05-16 17:00:00,32.84,67.31,Friday,0,0,2,9.77,0.24,0.85,0.06,0,0.875
2025-05-16 18:00:00,36.73,70.63,Friday,0,0,2,10.23,0.76,0.4,0.68,0,2.565
2025-05-16 19:00:00,37.48,67.83,Friday,0,0,1,9.14,0.68,0.27,0.95,0,1.541
2025-05-16 20:00:00,34.57,66.41,Friday,0,0,3,9.99,0.86,0.48,0.72,0,2.163
2025-05-16 21:00:00,34.98,71.66,Friday,0,0,3,12.69,0.63,0.21,0.9,0,0.774
2025-05-16 22:00:00,32.97,73.56,Friday,0,0,2,15.28,0.4,0.77,0.88,0,1.353
2025-05-16 23:00:00,36.23,73.68,Friday,0,0,3,14.82,0.38,0.64,0.77,0,1.19
2025-05-17 00:00:00,34.7,74.1,Saturday,1,0,2,15.87,0.65,0.65,0.06,0,0.627
2025-05-17 01:00:00,36.27,70.31,Saturday,1,0,1,12.63,0.58,0.88,0.2,0,1.564
2025-05-17 02:00:00,30.42,67.49,Saturday,1,0,3,14.4,0.86,0.97,0.08,0,1.248
2025-05-17 03:00:00,30.54,85.26,Saturday,1,0,1,15.18,0.89,0.81,0.1,0,2.145
2025-05-17 04:00:00,30.91,65.66,Saturday,1,0,0,0.0,0.0,0.0,0.0,0,0.26
2025-05-17 05:00:00,31.04,77.31,Saturday,1,0,1,9.41,0.66,0.57,0.15,0,1.328
2025-05-17 06:00:00,29.01,76.55,Saturday,1,0,3,9.47,0.92,0.66,0.03,0,2.479
2025-05-17 07:00:00,27.53,69.85,Saturday,1,0,1,8.19,0.59,0.8,0.01,0,1.015
2025-05-17 08:00:00,30.58,72.35,Saturday,1,0,2,6.56,0.6,0.98,0.19,0,1.052
2025-05-17 09:00:00,30.4,72.75,Saturday,1,0,1,7.83,0.32,0.4,0.11,0,0.791
2025-05-17 10:00:00,27.75,82.05,Saturday,1,0,0,0.0,0.0,0.0,0.0,0,0.228
2025-05-17 11:00:00,32.32,67.85,Saturday,1,0,2,3.5,0.63,0.75,0.09,0,0.839
2025-05-17 12:00:00,32.6,69.85,Saturday,1,0,0,0.0,0.0,0.0,0.0,0,0.24
2025-05-17 13:00:00,31.46,60.5,Saturday,1,0,3,5.61,0.35,0.82,0.14,1,1.622
2025-05-17 14:00:00,32.14,80.25,Saturday,1,0,0,0.0,0.0,0.0,0.0,0,0.256
2025-05-17 15:00:00,33.77,64.75,Saturday,1,0,2,8.46,0.89,1.0,0.03,0,0.829
2025-05-17 16:00:00,31.95,73.38,Saturday,1,0,2,8.06,0.73,0.77,0.1,0,1.941
2025-05-17 17:00:00,34.17,69.24,Saturday,1,0,2,5.5,0.35,0.96,0.05,0,1.25
2025-05-17 18:00:00,30.72,72.36,Saturday,1,0,4,7.84,0.88,0.76,0.55,0,2.302
2025-05-17 19:00:00,36.47,71.72,Saturday,1,0,1,9.69,0.32,1.0,0.87,0,1.433
2025-05-17 20:00:00,32.19,79.89,Saturday,1,0,2,11.38,0.86,0.64,0.57,0,2.772
2025-05-17 21:00:00,37.6,67.92,Saturday,1,0,2,13.33,0.41,0.83,0.84,0,1.359
2025-05-17 22:00:00,34.0,73.17,Saturday,1,0,2,14.01,0.95,0.9,0.93,0,2.969
2025-05-17 23:00:00,33.74,71.78,Saturday,1,0,0,0.0,0.0,0.0,0.0,0,0.2
2025-05-18 00:00:00,32.37,76.46,Sunday,1,0,1,12.59,0.74,0.56,0.12,0,1.101
2025-05-18 01:00:00,32.26,69.15,Sunday,1,0,1,11.65,0.63,0.41,0.12,0,1.393
2025-05-18 02:00:00,34.55,74.78,Sunday,1,0,4,12.0,0.67,1.0,0.14,0,1.48
2025-05-18 03:00:00,26.74,81.98,Sunday,1,0,3,15.02,0.0,0.81,0.05,0,0.617
2025-05-18 04:00:00,32.8,76.4,Sunday,1,0,4,12.09,0.83,0.77,0.08,0,2.845
2025-05-18 05:00:00,30.49,69.76,Sunday,1,0,3,9.87,0.63,0.97,0.04,0,1.576
2025-05-18 06:00:00,27.23,75.15,Sunday,1,0,2,7.12,1.0,0.96,0.01,0,2.048
2025-05-18 07:00:00,27.16,77.25,Sunday,1,0,1,7.19,0.47,0.84,0.18,0,1.515
2025-05-18 08:00:00,32.02,64.83,Sunday,1,0,2,8.41,0.87,0.91,0.01,0,2.656
2025-05-18 09:00:00,27.4,83.82,Sunday,1,0,2,7.18,0.79,0.62,0.01,0,1.438
2025-05-18 10:00:00,27.32,75.85,Sunday,1,0,2,5.29,0.96,0.88,0.06,0,1.223
2025-05-18 11:00:00,31.92,73.19,Sunday,1,0,2,4.77,0.68,0.36,0.06,0,2.261
2025-05-18 12:00:00,31.11,69.62,Sunday,1,0,4,2.34,0.73,0.75,0.01,0,0.973
2025-05-18 13:00:00,29.53,67.29,Sunday,1,0,1,4.01,0.73,0.94,0.15,0,0.539
2025-05-18 14:00:00,32.39,68.33,Sunday,1,0,0,0.0,0.0,0.0,0.0,0,0.095
2025-05-18 15:00:00,30.93,73.76,Sunday,1,0,2,5.45,0.75,0.79,0.02,0,1.97
2025-05-18 16:00:00,35.48,71.94,Sunday,1,0,3,9.94,1.0,0.83,0.02,0,1.063
2025-05-18 17:00:00,36.03,68.88,Sunday,1,1,4,10.51,1.0,0.53,0.13,0,1.882
2025-05-18 18:00:00,35.55,70.24,Sunday,1,0,0,0.0,0.0,0.0,0.0,0,0.282
2025-05-18 19:00:00,35.55,66.82,Sunday,1,0,1,10.9,0.2,0.83,0.94,0,1.332
2025-05-18 20:00:00,38.17,68.63,Sunday,1,0,2,15.83,0.66,0.33,0.81,1,1.23
2025-05-18 21:00:00,34.9,76.51,Sunday,1,0,4,14.81,0.92,0.77,0.39,0,2.035
2025-05-18 22:00:00,32.47,74.8,Sunday,1,0,2,14.44,0.64,1.0,0.54,0,1.618
2025-05-18 23:00:00,34.93,73.11,Sunday,1,0,3,15.11,1.0,0.75,0.42,0,3.106
2025-05-19 00:00:00,37.25,68.44,Monday,0,0,2,15.22,0.45,0.59,0.11,0,1.202
2025-05-19 01:00:00,30.95,65.13,Monday,0,0,1,14.8,0.71,0.61,0.18,0,1.632
2025-05-19 02:00:00,31.35,67.06,Monday,0,0,2,12.72,0.62,0.71,0.04,0,1.281
2025-05-19 03:00:00,31.97,74.0,Monday,0,0,3,12.93,0.83,0.45,0.12,0,2.235
2025-05-19 04:00:00,30.4,73.08,Monday,0,0,4,10.35,0.85,1.0,0.01,0,2.23
2025-05-19 05:00:00,28.11,77.4,Monday,0,0,3,12.38,0.95,0.98,0.16,0,1.466
2025-05-19 06:00:00,31.42,80.6,Monday,0,0,2,9.8,0.62,1.0,0.11,0,1.649
2025-05-19 07:00:00,33.28,74.18,Monday,0,0,0,0.0,0.0,0.0,0.0,0,0.134
2025-05-19 08:00:00,29.35,80.38,Monday,0,0,3,5.59,0.74,0.78,0.16,0,1.499
2025-05-19 09:00:00,27.47,76.25,Monday,0,0,0,0.0,0.0,0.0,0.0,0,0.18
2025-05-19 10:00:00,26.61,72.51,Monday,0,0,4,7.62,0.0,0.51,0.08,0,0.358
2025-05-19 11:00:00,30.34,72.9,Monday,0,0,2,2.81,0.65,0.73,0.0,1,2.333
2025-05-19 12:00:00,32.49,67.24,Monday,0,0,0,0.0,0.0,0.0,0.0,0,0.46
2025-05-19 13:00:00,32.08,79.42,Monday,0,0,0,0.0,0.0,0.0,0.0,0,0.229
2025-05-19 14:00:00,31.99,75.66,Monday,0,0,0,0.0,0.0,0.0,0.0,0,0.181
2025-05-19 15:00:00,31.71,74.56,Monday,0,0,0,0.0,0.0,0.0,0.0,0,0.281
2025-05-19 16:00:00,31.53,78.3,Monday,0,0,0,0.0,0.0,0.0,0.0,0,0.342
2025-05-19 17:00:00,35.62,58.34,Monday,0,0,2,8.0,0.82,1.0,0.12,1,2.094
2025-05-19 18:00:00,36.24,70.82,Monday,0,0,2,7.43,0.0,0.76,0.39,0,0.591
2025-05-19 19:00:00,32.11,65.04,Monday,0,0,2,12.45,0.39,0.95,0.78,0,1.844
2025-05-19 20:00:00,37.86,66.39,Monday,0,0,2,11.31,0.5,0.85,0.95,0,1.932
2025-05-19 21:00:00,35.93,66.6,Monday,0,0,0,0.0,0.0,0.0,0.0,0,0.224
2025-05-19 22:00:00,37.12,70.4,Monday,0,0,4,16.0,0.57,0.34,0.89,0,1.883
2025-05-19 23:00:00,31.7,73.11,Monday,0,0,2,15.42,0.57,0.7,0.51,0,1.077
2025-05-20 00:00:00,31.04,79.29,Tuesday,0,0,3,13.79,0.32,1.0,0.1,0,0.509
2025-05-20 01:00:00,32.51,68.23,Tuesday,0,0,1,13.05,1.0,0.26,0.04,0,2.574
2025-05-20 02:00:00,32.9,74.43,Tuesday,0,0,3,15.78,0.5,1.0,0.11,0,2.117
2025-05-20 03:00:00,34.46,70.3,Tuesday,0,0,1,14.88,0.17,0.96,0.18,0,1.112
2025-05-20 04:00:00,31.77,63.73,Tuesday,0,0,0,0.0,0.0,0.0,0.0,0,0.221
2025-05-20 05:00:00,29.44,69.41,Tuesday,0,0,3,9.41,0.46,0.72,0.04,0,0.05
2025-05-20 06:00:00,27.55,74.95,Tuesday,0,0,4,10.58,0.35,0.96,0.11,0,0.716
2025-05-20 07:00:00,31.31,77.88,Tuesday,0,0,0,0.0,0.0,0.0,0.0,0,0.309
2025-05-20 08:00:00,27.26,78.28,Tuesday,0,0,0,0.0,0.0,0.0,0.0,0,0.299
2025-05-20 09:00:00,32.03,65.83,Tuesday,0,0,0,0.0,0.0,0.0,0.0,0,0.233
2025-05-20 10:00:00,28.89,73.8,Tuesday,0,0,0,0.0,0.0,0.0,0.0,0,0.232
2025-05-20 11:00:00,32.74,81.12,Tuesday,0,0,0,0.0,0.0,0.0,0.0,0,0.263
2025-05-20 12:00:00,31.72,72.51,Tuesday,0,0,2,4.27,0.4,0.76,0.13,0,1.045
2025-05-20 13:00:00,30.98,70.99,Tuesday,0,0,0,0.0,0.0,0.0,0.0,0,0.254
2025-05-20 14:00:00,31.06,75.0,Tuesday,0,0,0,0.0,0.0,0.0,0.0,0,0.156
2025-05-20 15:00:00,32.16,75.37,Tuesday,0,0,0,0.0,0.0,0.0,0.0,0,0.29
2025-05-20 16:00:00,34.27,67.38,Tuesday,0,0,0,0.0,0.0,0.0,0.0,0,0.353
2025-05-20 17:00:00,34.26,72.18,Tuesday,0,0,0,0.0,0.0,0.0,0.0,0,0.182
2025-05-20 18:00:00,33.53,68.68,Tuesday,0,0,2,9.9,0.72,0.81,0.86,0,0.998
2025-05-20 19:00:00,34.6,72.96,Tuesday,0,0,3,13.83,0.65,0.57,0.53,0,1.326
2025-05-20 20:00:00,35.14,69.72,Tuesday,0,0,4,9.86,0.53,0.81,0.55,0,1.048
2025-05-20 21:00:00,31.06,74.95,Tuesday,0,0,1,10.07,0.55,0.91,0.85,0,1.501
2025-05-20 22:00:00,35.42,64.83,Tuesday,0,0,0,0.0,0.0,0.0,0.0,0,0.289
2025-05-20 23:00:00,32.36,67.27,Tuesday,0,0,4,14.26,0.93,0.76,0.75,0,2.19
2025-05-21 00:00:00,31.42,76.95,Wednesday,0,0,3,14.69,0.59,0.23,0.08,0,1.476
2025-05-21 01:00:00,29.74,73.34,Wednesday,0,1,4,14.46,0.94,0.89,0.19,0,1.714
2025-05-21 02:00:00,28.77,76.03,Wednesday,0,0,2,15.84,0.64,0.8,0.04,0,1.407
2025-05-21 03:00:00,28.78,73.06,Wednesday,0,0,3,13.47,0.6,1.0,0.01,0,0.485
2025-05-21 04:00:00,29.22,78.69,Wednesday,0,0,0,0.0,0.0,0.0,0.0,0,0.177
2025-05-21 05:00:00,33.39,67.41,Wednesday,0,0,2,7.58,1.0,0.38,0.18,0,2.547
2025-05-21 06:00:00,28.45,74.21,Wednesday,0,0,0,0.0,0.0,0.0,0.0,0,0.192
2025-05-21 07:00:00,29.42,77.95,Wednesday,0,0,0,0.0,0.0,0.0,0.0,0,0.306
2025-05-21 08:00:00,29.72,79.62,Wednesday,0,0,0,0.0,0.0,0.0,0.0,0,0.062
2025-05-21 09:00:00,29.34,71.48,Wednesday,0,0,0,0.0,0.0,0.0,0.0,0,0.3
2025-05-21 10:00:00,29.26,83.96,Wednesday,0,0,0,0.0,0.0,0.0,0.0,0,0.314
2025-05-21 11:00:00,27.73,77.11,Wednesday,0,0,0,0.0,0.0,0.0,0.0,0,0.27
2025-05-21 12:00:00,33.11,65.49,Wednesday,0,0,0,0.0,0.0,0.0,0.0,0,0.219
2025-05-21 13:00:00,34.47,71.32,Wednesday,0,0,2,5.33,0.95,1.0,0.02,0,3.335
2025-05-21 14:00:00,28.97,72.51,Wednesday,0,0,0,0.0,0.0,0.0,0.0,0,0.066
2025-05-21 15:00:00,30.93,74.83,Wednesday,0,0,0,0.0,0.0,0.0,0.0,0,0.135
2025-05-21 16:00:00,32.99,70.59,Wednesday,0,0,0,0.0,0.0,0.0,0.0,0,0.184
2025-05-21 17:00:00,32.38,71.73,Wednesday,0,0,3,12.17,0.71,0.89,0.07,0,1.54
2025-05-21 18:00:00,35.51,63.99,Wednesday,0,0,3,8.94,0.65,0.75,0.57,0,1.294
2025-05-21 19:00:00,33.59,75.22,Wednesday,0,0,4,9.25,0.18,0.54,0.69,0,0.689
2025-05-21 20:00:00,38.9,59.71,Wednesday,0,0,3,14.26,1.0,0.7,0.3,1,1.376
2025-05-21 21:00:00,37.04,61.62,Wednesday,0,0,1,16.0,0.84,0.98,0.94,0,1.066
2025-05-21 22:00:00,34.98,70.86,Wednesday,0,1,4,13.38,0.53,0.85,0.54,0,1.075
2025-05-21 23:00:00,35.97,76.14,Wednesday,0,0,1,16.0,0.76,0.87,0.86,0,2.732
2025-05-22 00:00:00,35.49,66.8,Thursday,0,0,2,14.2,0.76,0.69,0.04,0,1.318
2025-05-22 01:00:00,31.76,75.42,Thursday,0,0,3,15.71,0.57,0.86,0.09,0,2.488
2025-05-22 02:00:00,30.53,78.39,Thursday,0,0,1,15.29,0.75,0.22,0.15,0,1.914
2025-05-22 03:00:00,31.36,76.35,Thursday,0,0,3,12.59,0.75,0.74,0.18,0,1.393
2025-05-22 04:00:00,32.05,70.1,Thursday,0,0,2,15.27,0.92,0.65,0.13,0,2.207
2025-05-22 05:00:00,30.13,67.93,Thursday,0,0,3,14.24,0.67,0.76,0.08,0,1.796
2025-05-22 06:00:00,26.56,65.56,Thursday,0,1,3,8.47,0.0,0.46,0.15,0,0.218
2025-05-22 07:00:00,27.66,74.3,Thursday,0,0,1,9.01,0.6,0.84,0.04,0,0.563
2025-05-22 08:00:00,28.87,80.41,Thursday,0,0,2,8.87,0.54,1.0,0.15,0,1.657
2025-05-22 09:00:00,28.96,68.81,Thursday,0,0,3,3.64,0.46,0.77,0.1,0,0.73
2025-05-22 10:00:00,32.95,74.35,Thursday,0,0,3,5.71,0.45,0.76,0.05,0,1.382
2025-05-22 11:00:00,27.38,71.11,Thursday,0,0,0,0.0,0.0,0.0,0.0,0,0.419
2025-05-22 12:00:00,31.41,72.76,Thursday,0,0,0,0.0,0.0,0.0,0.0,0,0.152
2025-05-22 13:00:00,33.9,73.53,Thursday,0,0,1,5.3,0.9,0.87,0.12,0,2.184
2025-05-22 14:00:00,36.09,64.72,Thursday,0,0,3,5.11,0.56,1.0,0.13,0,1.596
2025-05-22 15:00:00,32.05,72.51,Thursday,0,0,0,0.0,0.0,0.0,0.0,0,0.292
2025-05-22 16:00:00,34.38,67.48,Thursday,0,0,0,0.0,0.0,0.0,0.0,0,0.263
2025-05-22 17:00:00,35.15,72.4,Thursday,0,0,2,9.48,0.64,0.79,0.09,0,1.517
2025-05-22 18:00:00,34.95,70.22,Thursday,0,0,2,9.94,1.0,0.48,0.34,0,2.326
2025-05-22 19:00:00,34.72,69.54,Thursday,0,0,2,13.08,0.56,0.71,0.94,0,1.37
2025-05-22 20:00:00,35.78,76.09,Thursday,0,0,4,14.19,0.79,0.74,0.56,0,2.953
2025-05-22 21:00:00,30.34,76.51,Thursday,0,1,3,15.16,0.74,0.59,0.73,0,2.084
2025-05-22 22:00:00,35.82,64.81,Thursday,0,0,0,0.0,0.0,0.0,0.0,0,0.254
2025-05-22 23:00:00,34.35,69.16,Thursday,0,0,2,15.27,0.41,0.65,0.83,0,1.368
2025-05-23 00:00:00,33.1,70.33,Friday,0,0,1,13.55,0.78,0.38,0.2,0,2.093
2025-05-23 01:00:00,36.46,68.09,Friday,0,0,4,12.94,0.17,0.89,0.0,0,0.526
2025-05-23 02:00:00,30.78,85.42,Friday,0,0,1,16.0,0.39,0.89,0.09,0,0.815
2025-05-23 03:00:00,30.5,74.91,Friday,0,0,2,11.76,0.51,0.43,0.06,0,1.585
2025-05-23 04:00:00,34.08,59.65,Friday,0,0,2,10.56,0.59,0.77,0.09,0,1.286
2025-05-23 05:00:00,28.38,72.24,Friday,0,0,2,11.45,0.67,0.41,0.19,0,1.306
2025-05-23 06:00:00,28.41,65.27,Friday,0,0,2,9.59,1.0,0.66,0.16,0,1.83
2025-05-23 07:00:00,28.84,72.9,Friday,0,0,3,8.43,0.81,0.58,0.04,0,0.716
2025-05-23 08:00:00,30.51,63.1,Friday,0,0,4,10.96,0.69,0.87,0.14,0,1.571
2025-05-23 09:00:00,29.47,69.61,Friday,0,0,0,0.0,0.0,0.0,0.0,0,0.331
2025-05-23 10:00:00,27.07,68.53,Friday,0,0,0,0.0,0.0,0.0,0.0,0,0.24
2025-05-23 11:00:00,28.92,76.39,Friday,0,0,0,0.0,0.0,0.0,0.0,0,0.244
2025-05-23 12:00:00,29.41,74.04,Friday,0,0,0,0.0,0.0,0.0,0.0,0,0.394
2025-05-23 13:00:00,31.08,74.04,Friday,0,0,0,0.0,0.0,0.0,0.0,0,0.405
2025-05-23 14:00:00,32.76,70.49,Friday,0,0,0,0.0,0.0,0.0,0.0,0,0.205
2025-05-23 15:00:00,33.53,63.35,Friday,0,0,0,0.0,0.0,0.0,0.0,0,0.212
2025-05-23 16:00:00,30.3,75.8,Friday,0,0,3,5.35,0.52,1.0,0.19,0,0.547
2025-05-23 17:00:00,36.03,77.68,Friday,0,0,0,0.0,0.0,0.0,0.0,0,0.183
2025-05-23 18:00:00,35.05,71.0,Friday,0,0,0,0.0,0.0,0.0,0.0,0,0.113
2025-05-23 19:00:00,37.39,64.72,Friday,0,0,2,13.3,0.5,0.48,0.93,0,1.021
2025-05-23 20:00:00,35.8,61.14,Friday,0,0,2,11.97,0.38,1.0,0.86,0,1.282
2025-05-23 21:00:00,36.88,62.77,Friday,0,0,2,13.21,0.72,0.79,0.31,0,2.096
2025-05-23 22:00:00,35.44,70.87,Friday,0,0,1,16.0,0.79,0.51,0.76,0,1.807
2025-05-23 23:00:00,36.54,72.98,Friday,0,0,3,14.61,0.79,1.0,0.93,0,2.595
2025-05-24 00:00:00,34.44,70.81,Saturday,1,0,1,16.0,1.0,1.0,0.06,0,2.467
2025-05-24 01:00:00,32.6,75.16,Saturday,1,0,2,16.0,0.79,0.89,0.02,0,1.022
2025-05-24 02:00:00,36.09,71.56,Saturday,1,0,3,13.46,0.71,0.61,0.15,0,1.225
2025-05-24 03:00:00,32.82,73.49,Saturday,1,0,1,13.27,1.0,1.0,0.18,0,2.079
2025-05-24 04:00:00,31.53,68.83,Saturday,1,0,3,13.09,0.12,0.97,0.1,0,0.785
2025-05-24 05:00:00,27.58,76.55,Saturday,1,0,3,13.53,1.0,0.72,0.04,0,2.397
2025-05-24 06:00:00,27.08,71.88,Saturday,1,0,1,9.83,1.0,1.0,0.06,0,0.823
2025-05-24 07:00:00,29.63,73.92,Saturday,1,0,3,9.8,0.61,1.0,0.02,0,0.455
2025-05-24 08:00:00,29.26,75.82,Saturday,1,0,2,8.02,0.47,0.82,0.17,0,1.647
2025-05-24 09:00:00,28.0,83.7,Saturday,1,0,3,6.36,0.49,0.46,0.1,0,0.858
2025-05-24 10:00:00,29.65,67.26,Saturday,1,0,3,5.04,0.58,0.49,0.2,0,1.511
2025-05-24 11:00:00,32.74,73.44,Saturday,1,0,0,0.0,0.0,0.0,0.0,0,0.23
2025-05-24 12:00:00,31.75,79.33,Saturday,1,0,2,9.6,0.03,1.0,0.15,0,0.272
2025-05-24 13:00:00,29.17,78.04,Saturday,1,0,1,2.86,1.0,0.38,0.09,0,2.399
2025-05-24 14:00:00,31.8,76.05,Saturday,1,0,0,0.0,0.0,0.0,0.0,0,0.259
2025-05-24 15:00:00,31.33,75.25,Saturday,1,0,3,6.83,0.94,0.35,0.06,1,3.25
2025-05-24 16:00:00,32.8,77.47,Saturday,1,0,4,7.8,0.34,1.0,0.2,0,1.226
2025-05-24 17:00:00,33.38,65.02,Saturday,1,1,2,9.35,0.83,0.46,0.05,0,1.123
2025-05-24 18:00:00,33.74,63.21,Saturday,1,0,1,8.69,0.75,0.83,0.62,0,1.621
2025-05-24 19:00:00,32.64,71.1,Saturday,1,0,3,9.75,0.79,0.36,0.8,1,2.924
2025-05-24 20:00:00,34.77,58.4,Saturday,1,0,2,12.07,0.48,0.97,0.97,0,1.093
2025-05-24 21:00:00,33.89,76.15,Saturday,1,0,2,14.9,0.55,1.0,0.97,0,1.579
2025-05-24 22:00:00,29.32,80.21,Saturday,1,0,1,12.8,0.34,0.75,0.61,0,1.275
2025-05-24 23:00:00,37.81,64.3,Saturday,1,0,2,15.06,0.84,0.73,0.46,0,1.228
2025-05-25 00:00:00,35.46,66.73,Sunday,1,0,4,14.23,0.99,0.95,0.15,0,1.888
2025-05-25 01:00:00,32.1,71.25,Sunday,1,0,4,12.54,0.72,0.6,0.1,0,1.616
2025-05-25 02:00:00,32.03,71.93,Sunday,1,0,2,12.41,0.0,1.0,0.16,0,0.893
2025-05-25 03:00:00,29.11,74.93,Sunday,1,0,4,14.9,0.99,0.82,0.02,0,1.741
2025-05-25 04:00:00,33.55,73.1,Sunday,1,0,2,11.59,0.68,0.36,0.06,0,1.218
2025-05-25 05:00:00,33.29,69.67,Sunday,1,0,3,13.16,0.0,1.0,0.06,0,0.569
2025-05-25 06:00:00,29.68,78.5,Sunday,1,0,1,9.94,0.22,0.8,0.09,0,0.514
2025-05-25 07:00:00,30.94,74.88,Sunday,1,0,3,6.65,0.39,0.67,0.08,0,1.076
2025-05-25 08:00:00,29.31,71.08,Sunday,1,0,2,8.22,0.65,0.79,0.05,0,1.379
2025-05-25 09:00:00,26.69,83.15,Sunday,1,0,1,5.26,0.0,0.57,0.16,0,0.347
2025-05-25 10:00:00,28.66,67.92,Sunday,1,0,4,5.1,0.43,0.71,0.18,0,1.183
2025-05-25 11:00:00,30.11,72.94,Sunday,1,0,1,6.87,0.88,0.95,0.16,0,2.173
2025-05-25 12:00:00,29.68,78.62,Sunday,1,0,4,3.07,0.95,0.92,0.14,0,1.027
2025-05-25 13:00:00,30.83,69.14,Sunday,1,0,1,4.5,0.89,0.9,0.12,1,2.625
2025-05-25 14:00:00,31.83,73.4,Sunday,1,0,1,4.04,0.24,0.6,0.07,0,0.684
2025-05-25 15:00:00,32.63,73.85,Sunday,1,0,3,4.68,0.89,0.53,0.18,0,1.548
2025-05-25 16:00:00,33.59,65.96,Sunday,1,0,2,6.79,0.53,0.85,0.13,0,1.276
2025-05-25 17:00:00,32.21,71.15,Sunday,1,0,2,7.42,1.0,0.94,0.18,0,2.605
2025-05-25 18:00:00,33.31,69.74,Sunday,1,0,1,9.59,0.72,0.57,0.32,0,1.463
2025-05-25 19:00:00,32.58,68.42,Sunday,1,0,2,12.25,0.95,0.69,0.45,0,1.709
2025-05-25 20:00:00,36.76,78.93,Sunday,1,0,2,11.37,0.79,0.85,0.82,0,1.115
2025-05-25 21:00:00,31.11,68.69,Sunday,1,0,2,11.33,0.76,0.73,0.48,0,1.494
2025-05-25 22:00:00,36.67,72.52,Sunday,1,0,2,15.29,0.56,1.0,0.39,0,1.579
2025-05-25 23:00:00,36.62,65.58,Sunday,1,0,2,13.69,0.95,0.42,0.51,0,1.506
2025-05-26 00:00:00,32.95,65.41,Monday,0,0,4,16.0,0.88,0.39,0.1,0,1.714
2025-05-26 01:00:00,28.09,75.73,Monday,0,0,3,14.22,0.57,1.0,0.18,0,1.396
2025-05-26 02:00:00,31.35,75.53,Monday,0,0,2,14.13,0.54,0.9,0.1,0,1.93
2025-05-26 03:00:00,31.11,77.11,Monday,0,0,2,10.08,0.47,0.77,0.17,0,1.074
2025-05-26 04:00:00,28.68,82.5,Monday,0,0,2,10.76,0.85,0.67,0.03,0,2.593
2025-05-26 05:00:00,28.95,89.17,Monday,0,0,0,0.0,0.0,0.0,0.0,0,0.308
2025-05-26 06:00:00,32.15,72.81,Monday,0,0,2,10.44,0.72,0.8,0.11,0,1.916
2025-05-26 07:00:00,30.3,69.92,Monday,0,0,3,8.58,0.56,0.82,0.03,0,1.544
2025-05-26 08:00:00,27.33,78.16,Monday,0,0,3,8.45,1.0,0.73,0.05,0,1.658
2025-05-26 09:00:00,26.22,75.57,Monday,0,0,0,0.0,0.0,0.0,0.0,0,0.259
2025-05-26 10:00:00,28.81,79.2,Monday,0,0,2,7.11,0.85,0.98,0.1,0,1.572
2025-05-26 11:00:00,29.49,67.47,Monday,0,0,0,0.0,0.0,0.0,0.0,0,0.18
2025-05-26 12:00:00,31.39,84.09,Monday,0,0,0,0.0,0.0,0.0,0.0,0,0.228
2025-05-26 13:00:00,30.26,77.55,Monday,0,0,0,0.0,0.0,0.0,0.0,0,0.327
2025-05-26 14:00:00,32.92,62.45,Monday,0,0,0,0.0,0.0,0.0,0.0,0,0.33
2025-05-26 15:00:00,36.26,64.32,Monday,0,0,0,0.0,0.0,0.0,0.0,0,0.328
2025-05-26 16:00:00,34.97,73.11,Monday,0,0,3,9.81,1.0,0.71,0.04,0,2.624
2025-05-26 17:00:00,34.03,75.75,Monday,0,0,3,6.0,0.81,0.68,0.18,0,1.342
2025-05-26 18:00:00,34.27,63.3,Monday,0,0,1,10.75,0.5,0.87,0.66,0,0.53
2025-05-26 19:00:00,34.25,73.24,Monday,0,0,1,11.81,0.82,0.93,0.85,0,1.938
2025-05-26 20:00:00,37.12,57.35,Monday,0,0,0,0.0,0.0,0.0,0.0,0,0.357
2025-05-26 21:00:00,33.77,69.66,Monday,0,0,2,12.53,0.73,0.86,0.63,0,2.373
2025-05-26 22:00:00,34.68,74.85,Monday,0,0,0,0.0,0.0,0.0,0.0,0,0.592
2025-05-26 23:00:00,34.21,66.95,Monday,0,0,1,15.15,0.8,0.75,0.3,0,1.92
2025-05-27 00:00:00,32.6,63.63,Tuesday,0,0,1,15.53,0.77,1.0,0.07,0,2.341
2025-05-27 01:00:00,30.3,73.96,Tuesday,0,0,1,14.78,1.0,0.9,0.14,0,2.596
2025-05-27 02:00:00,32.58,68.15,Tuesday,0,0,2,14.61,0.67,0.59,0.14,0,1.574
2025-05-27 03:00:00,31.11,75.65,Tuesday,0,0,2,14.52,1.0,0.62,0.07,0,2.401
2025-05-27 04:00:00,31.4,67.81,Tuesday,0,0,3,13.42,1.0,0.44,0.19,0,2.179
2025-05-27 05:00:00,28.92,70.61,Tuesday,0,0,0,0.0,0.0,0.0,0.0,0,0.401
2025-05-27 06:00:00,31.6,61.96,Tuesday,0,0,4,11.56,0.96,0.5,0.12,0,1.237
2025-05-27 07:00:00,27.52,76.58,Tuesday,0,0,1,8.73,0.45,0.12,0.12,0,0.298
2025-05-27 08:00:00,32.08,70.82,Tuesday,0,0,1,8.46,0.6,0.4,0.16,0,1.403
2025-05-27 09:00:00,25.95,71.2,Tuesday,0,0,1,7.1,0.0,0.76,0.07,0,0.643
2025-05-27 10:00:00,30.18,74.3,Tuesday,0,0,0,0.0,0.0,0.0,0.0,0,0.337
2025-05-27 11:00:00,30.73,77.98,Tuesday,0,0,0,0.0,0.0,0.0,0.0,0,0.269
2025-05-27 12:00:00,29.07,73.26,Tuesday,0,0,0,0.0,0.0,0.0,0.0,0,0.314
2025-05-27 13:00:00,31.99,73.05,Tuesday,0,0,1,2.07,0.57,0.59,0.15,1,1.445
2025-05-27 14:00:00,34.3,71.0,Tuesday,0,0,1,7.28,0.85,0.52,0.15,0,2.03
2025-05-27 15:00:00,28.78,68.57,Tuesday,0,0,0,0.0,0.0,0.0,0.0,0,0.241
2025-05-27 16:00:00,34.4,79.82,Tuesday,0,0,0,0.0,0.0,0.0,0.0,0,0.153
2025-05-27 17:00:00,29.63,71.48,Tuesday,0,0,3,8.07,0.33,0.08,0.12,0,1.122
2025-05-27 18:00:00,32.86,74.21,Tuesday,0,0,3,10.98,0.42,0.37,0.64,0,0.758
2025-05-27 19:00:00,37.83,70.3,Tuesday,0,0,1,14.05,0.59,0.3,0.79,1,1.14
2025-05-27 20:00:00,33.95,69.25,Tuesday,0,0,3,13.06,0.53,0.71,0.51,0,1.757
2025-05-27 21:00:00,32.78,74.03,Tuesday,0,0,2,16.0,0.41,0.8,0.77,0,1.147
2025-05-27 22:00:00,34.24,70.91,Tuesday,0,0,2,15.51,0.48,0.71,0.57,0,0.401
2025-05-27 23:00:00,37.84,59.35,Tuesday,0,0,1,13.62,0.77,0.59,0.84,0,2.544
2025-05-28 00:00:00,30.2,71.66,Wednesday,0,0,3,15.73,0.87,1.0,0.03,0,1.053
2025-05-28 01:00:00,30.88,69.64,Wednesday,0,0,1,15.41,0.36,0.83,0.0,0,0.886
2025-05-28 02:00:00,34.69,66.97,Wednesday,0,0,2,13.12,0.43,0.52,0.15,0,1.21
2025-05-28 03:00:00,34.57,62.87,Wednesday,0,0,1,12.92,0.7,0.54,0.14,0,2.74
2025-05-28 04:00:00,30.31,78.85,Wednesday,0,1,4,11.86,0.61,0.56,0.08,0,1.434
2025-05-28 05:00:00,27.65,83.63,Wednesday,0,0,2,11.44,0.56,0.66,0.01,0,1.518
2025-05-28 06:00:00,33.17,75.53,Wednesday,0,0,3,9.58,0.88,0.76,0.19,0,1.771
2025-05-28 07:00:00,31.97,78.08,Wednesday,0,0,3,9.11,0.7,0.85,0.03,0,1.675
2025-05-28 08:00:00,30.22,71.58,Wednesday,0,0,4,8.15,0.24,0.54,0.1,0,0.466
2025-05-28 09:00:00,27.64,72.44,Wednesday,0,0,0,0.0,0.0,0.0,0.0,0,0.271
2025-05-28 10:00:00,29.31,70.23,Wednesday,0,0,2,6.49,0.23,0.85,0.03,0,0.635
2025-05-28 11:00:00,29.59,77.09,Wednesday,0,0,2,4.12,0.61,0.96,0.1,0,0.903
2025-05-28 12:00:00,31.09,73.65,Wednesday,0,0,0,0.0,0.0,0.0,0.0,0,0.306
2025-05-28 13:00:00,33.83,69.66,Wednesday,0,0,2,4.13,0.21,0.85,0.07,0,0.975
2025-05-28 14:00:00,33.58,76.75,Wednesday,0,0,0,0.0,0.0,0.0,0.0,0,0.319
2025-05-28 15:00:00,30.84,74.77,Wednesday,0,0,0,0.0,0.0,0.0,0.0,0,0.278
2025-05-28 16:00:00,35.98,63.93,Wednesday,0,0,0,0.0,0.0,0.0,0.0,0,0.22
2025-05-28 17:00:00,34.68,65.88,Wednesday,0,0,3,9.31,0.57,0.41,0.05,0,0.848
2025-05-28 18:00:00,35.83,71.66,Wednesday,0,0,1,9.04,0.66,0.74,0.52,0,1.844
2025-05-28 19:00:00,37.54,71.93,Wednesday,0,0,0,0.0,0.0,0.0,0.0,0,0.332
2025-05-28 20:00:00,33.0,73.56,Wednesday,0,0,2,9.94,0.81,1.0,0.55,1,2.352
2025-05-28 21:00:00,34.83,78.64,Wednesday,0,0,2,13.55,0.64,0.77,0.78,0,1.496
2025-05-28 22:00:00,33.64,78.4,Wednesday,0,0,0,0.0,0.0,0.0,0.0,0,0.249
2025-05-28 23:00:00,31.3,74.54,Wednesday,0,0,0,0.0,0.0,0.0,0.0,0,0.177
2025-05-29 00:00:00,34.12,65.6,Thursday,0,0,2,15.33,0.7,0.44,0.03,0,1.429
2025-05-29 01:00:00,37.3,60.38,Thursday,0,0,1,12.86,0.66,0.51,0.2,0,1.974
2025-05-29 02:00:00,28.69,72.75,Thursday,0,0,3,12.94,0.81,1.0,0.11,0,0.709
2025-05-29 03:00:00,31.16,76.22,Thursday,0,0,1,14.48,0.49,0.7,0.14,0,1.604
2025-05-29 04:00:00,31.65,81.15,Thursday,0,0,3,11.38,0.6,0.73,0.07,0,1.612
2025-05-29 05:00:00,30.1,75.5,Thursday,0,0,2,13.26,0.32,1.0,0.09,0,1.043
2025-05-29 06:00:00,29.2,80.07,Thursday,0,0,2,9.12,0.59,0.9,0.15,0,0.879
2025-05-29 07:00:00,26.76,75.19,Thursday,0,0,3,10.37,0.0,0.68,0.17,0,0.415
2025-05-29 08:00:00,29.42,77.14,Thursday,0,0,3,10.9,0.91,1.0,0.19,0,1.397
2025-05-29 09:00:00,27.74,79.65,Thursday,0,0,3,5.35,0.28,0.58,0.2,0,0.913
2025-05-29 10:00:00,25.46,67.69,Thursday,0,0,1,9.37,0.0,0.82,0.12,0,0.506
2025-05-29 11:00:00,32.03,69.61,Thursday,0,0,1,5.19,0.52,0.44,0.02,0,1.494
2025-05-29 12:00:00,32.22,76.25,Thursday,0,0,0,0.0,0.0,0.0,0.0,0,0.17
2025-05-29 13:00:00,31.31,73.69,Thursday,0,0,2,4.73,0.33,1.0,0.04,0,0.327
2025-05-29 14:00:00,32.41,65.35,Thursday,0,0,4,5.06,0.65,0.97,0.13,0,1.072
2025-05-29 15:00:00,34.71,57.11,Thursday,0,0,0,0.0,0.0,0.0,0.0,0,0.241
2025-05-29 16:00:00,33.9,68.16,Thursday,0,0,0,0.0,0.0,0.0,0.0,0,0.354
2025-05-29 17:00:00,35.75,67.97,Thursday,0,0,2,10.66,0.44,0.68,0.13,0,0.582
2025-05-29 18:00:00,34.06,65.43,Thursday,0,0,3,8.05,0.32,0.52,0.78,1,1.569
2025-05-29 19:00:00,37.26,67.68,Thursday,0,0,2,11.58,0.77,0.86,0.35,0,1.995
2025-05-29 20:00:00,35.58,71.01,Thursday,0,0,4,10.18,0.3,0.53,0.77,0,0.884
2025-05-29 21:00:00,35.25,72.13,Thursday,0,0,2,15.05,0.52,0.47,0.51,0,1.322
2025-05-29 22:00:00,32.31,59.64,Thursday,0,0,3,13.6,0.59,0.69,0.38,0,2.529
2025-05-29 23:00:00,34.64,62.76,Thursday,0,0,2,15.58,0.8,1.0,0.99,0,1.978
2025-05-30 00:00:00,32.0,70.18,Friday,0,0,3,14.25,0.26,0.92,0.03,0,1.518
2025-05-30 01:00:00,31.63,74.9,Friday,0,0,1,12.2,0.58,0.85,0.12,0,1.479
2025-05-30 02:00:00,30.53,75.47,Friday,0,0,3,15.66,0.66,0.33,0.12,0,1.107
2025-05-30 03:00:00,29.3,76.49,Friday,0,0,2,14.98,0.43,0.59,0.15,0,1.308
2025-05-30 04:00:00,34.32,67.69,Friday,0,0,2,12.71,0.56,1.0,0.16,0,1.221
2025-05-30 05:00:00,32.27,69.82,Friday,0,0,1,8.13,0.87,0.68,0.13,0,1.692
2025-05-30 06:00:00,32.86,67.29,Friday,0,0,3,11.13,0.52,1.0,0.14,0,0.376
2025-05-30 07:00:00,26.9,80.13,Friday,0,0,1,7.6,0.0,0.86,0.13,0,0.468
2025-05-30 08:00:00,29.13,69.68,Friday,0,0,1,8.27,0.87,0.71,0.03,0,1.181
2025-05-30 09:00:00,26.77,80.66,Friday,0,0,1,5.73,0.0,0.67,0.14,0,0.516
2025-05-30 10:00:00,28.15,76.21,Friday,0,0,0,0.0,0.0,0.0,0.0,0,0.25
2025-05-30 11:00:00,28.22,74.87,Friday,0,0,0,0.0,0.0,0.0,0.0,0,0.147
2025-05-30 12:00:00,32.73,67.76,Friday,0,0,0,0.0,0.0,0.0,0.0,0,0.142
2025-05-30 13:00:00,30.51,66.26,Friday,0,0,1,4.92,0.84,0.86,0.07,0,1.598
2025-05-30 14:00:00,33.92,66.73,Friday,0,0,0,0.0,0.0,0.0,0.0,0,0.235
2025-05-30 15:00:00,33.86,68.37,Friday,0,0,0,0.0,0.0,0.0,0.0,0,0.162
2025-05-30 16:00:00,37.64,54.77,Friday,0,0,0,0.0,0.0,0.0,0.0,0,0.441
2025-05-30 17:00:00,31.46,71.2,Friday,0,0,2,9.97,0.46,1.0,0.01,0,0.994
2025-05-30 18:00:00,36.86,71.95,Friday,0,0,2,8.24,0.77,1.0,0.81,0,2.499
2025-05-30 19:00:00,36.96,70.07,Friday,0,0,2,13.84,0.84,0.8,0.36,0,2.705
2025-05-30 20:00:00,33.25,68.1,Friday,0,0,0,0.0,0.0,0.0,0.0,0,0.141
2025-05-30 21:00:00,36.71,67.7,Friday,0,0,1,13.34,0.66,0.37,0.64,0,1.903
2025-05-30 22:00:00,35.2,66.04,Friday,0,1,3,15.1,0.39,0.78,0.38,0,1.33
2025-05-30 23:00:00,33.71,70.9,Friday,0,0,1,13.66,0.83,0.55,0.93,0,2.333
2025-05-31 00:00:00,32.02,79.39,Saturday,1,0,3,16.0,0.34,0.79,0.0,0,1.212
2025-05-31 01:00:00,31.48,77.01,Saturday,1,0,2,13.84,0.75,0.82,0.03,0,1.84
2025-05-31 02:00:00,35.69,70.98,Saturday,1,0,2,15.58,0.52,0.93,0.18,0,1.478
2025-05-31 03:00:00,31.22,69.93,Saturday,1,0,2,15.14,0.55,0.46,0.16,0,1.103
2025-05-31 04:00:00,31.91,75.53,Saturday,1,0,0,0.0,0.0,0.0,0.0,0,0.221
2025-05-31 05:00:00,28.45,66.46,Saturday,1,0,2,12.36,0.77,0.67,0.19,0,1.212
2025-05-31 06:00:00,28.0,74.04,Saturday,1,0,2,13.8,1.0,0.82,0.09,0,1.955
2025-05-31 07:00:00,31.05,75.48,Saturday,1,0,1,9.33,0.68,0.8,0.15,0,1.996
2025-05-31 08:00:00,26.57,80.29,Saturday,1,0,4,7.66,0.0,1.0,0.11,0,0.39
2025-05-31 09:00:00,28.35,78.33,Saturday,1,0,3,6.97,0.29,0.19,0.15,0,0.672
2025-05-31 10:00:00,29.46,75.46,Saturday,1,0,2,7.58,0.94,1.0,0.13,0,1.137
2025-05-31 11:00:00,30.08,72.45,Saturday,1,0,0,0.0,0.0,0.0,0.0,0,0.352
2025-05-31 12:00:00,30.18,76.03,Saturday,1,0,2,4.75,0.59,0.52,0.18,1,2.361
2025-05-31 13:00:00,31.93,66.99,Saturday,1,0,3,3.8,0.66,0.63,0.15,0,1.239
2025-05-31 14:00:00,33.25,66.36,Saturday,1,0,2,7.41,0.84,1.0,0.04,0,1.929
2025-05-31 15:00:00,34.1,70.12,Saturday,1,0,2,4.42,0.55,0.59,0.05,0,0.405
2025-05-31 16:00:00,31.72,72.81,Saturday,1,1,2,7.89,0.48,0.6,0.14,0,1.045
2025-05-31 17:00:00,33.61,61.12,Saturday,1,0,4,9.16,0.32,0.78,0.14,0,1.044
2025-05-31 18:00:00,36.75,69.7,Saturday,1,0,3,9.84,0.38,0.88,0.73,0,1.043
2025-05-31 19:00:00,36.51,71.51,Saturday,1,0,3,11.22,0.56,1.0,0.89,0,0.82
2025-05-31 20:00:00,32.53,70.84,Saturday,1,0,2,10.02,0.92,1.0,0.7,0,2.287
2025-05-31 21:00:00,35.53,80.4,Saturday,1,0,2,12.23,0.52,0.95,0.72,0,1.394
2025-05-31 22:00:00,31.04,69.15,Saturday,1,0,2,15.74,0.72,0.27,0.77,0,2.441
2025-05-31 23:00:00,34.2,67.91,Saturday,1,0,3,11.77,0.93,0.74,0.44,0,1.617
2025-06-01 00:00:00,36.04,66.09,Sunday,1,0,4,14.87,0.75,0.92,0.18,0,1.723
2025-06-01 01:00:00,30.19,72.94,Sunday,1,0,2,14.36,1.0,0.92,0.16,0,1.687
2025-06-01 02:00:00,29.62,72.2,Sunday,1,0,2,11.34,0.67,0.57,0.0,0,1.335
2025-06-01 03:00:00,31.72,64.92,Sunday,1,0,0,0.0,0.0,0.0,0.0,0,0.177
2025-06-01 04:00:00,26.85,73.61,Sunday,1,0,1,10.95,0.0,0.48,0.0,0,0.704
2025-06-01 05:00:00,27.86,74.93,Sunday,1,0,2,12.12,1.0,0.87,0.07,0,2.201
2025-06-01 06:00:00,29.6,80.0,Sunday,1,0,1,9.3,0.95,1.0,0.17,0,1.637
2025-06-01 07:00:00,27.08,87.14,Sunday,1,0,3,7.44,0.29,0.79,0.13,0,0.672
2025-06-01 08:00:00,27.7,82.25,Sunday,1,0,3,7.15,1.0,0.48,0.17,0,1.9
2025-06-01 09:00:00,29.57,70.01,Sunday,1,0,3,5.93,0.77,0.79,0.11,0,1.593
2025-06-01 10:00:00,29.28,70.66,Sunday,1,0,3,5.39,0.68,0.51,0.15,0,1.245
2025-06-01 11:00:00,29.48,73.17,Sunday,1,0,2,3.99,0.78,0.57,0.1,1,1.884
2025-06-01 12:00:00,29.01,83.31,Sunday,1,0,0,0.0,0.0,0.0,0.0,0,0.272
2025-06-01 13:00:00,31.01,71.76,Sunday,1,0,0,0.0,0.0,0.0,0.0,0,0.215
2025-06-01 14:00:00,30.9,66.05,Sunday,1,0,2,5.68,0.57,0.47,0.03,0,1.114
2025-06-01 15:00:00,32.72,68.54,Sunday,1,0,0,0.0,0.0,0.0,0.0,0,0.245
2025-06-01 16:00:00,31.73,75.73,Sunday,1,1,4,6.16,0.89,0.28,0.17,0,1.565
2025-06-01 17:00:00,32.92,74.32,Sunday,1,0,3,11.07,0.58,0.6,0.03,0,0.758
2025-06-01 18:00:00,31.94,70.75,Sunday,1,0,3,9.87,0.67,0.7,0.74,0,1.049
2025-06-01 19:00:00,33.96,73.35,Sunday,1,0,4,8.45,0.73,1.0,0.91,0,2.101
2025-06-01 20:00:00,32.66,59.74,Sunday,1,1,3,12.91,0.89,0.82,0.52,0,2.46
2025-06-01 21:00:00,32.02,72.2,Sunday,1,0,3,12.39,0.97,0.68,0.69,0,1.91
2025-06-01 22:00:00,34.19,74.03,Sunday,1,0,0,0.0,0.0,0.0,0.0,0,0.05
2025-06-01 23:00:00,33.63,66.07,Sunday,1,0,1,16.0,0.56,1.0,0.89,0,0.797
2025-06-02 00:00:00,34.03,65.69,Monday,0,0,2,16.0,1.0,0.55,0.03,0,2.322
2025-06-02 01:00:00,31.12,63.16,Monday,0,0,2,14.14,0.0,0.8,0.16,0,0.669
2025-06-02 02:00:00,31.86,79.78,Monday,0,0,2,14.16,0.87,0.71,0.01,0,2.319
2025-06-02 03:00:00,31.34,68.69,Monday,0,0,4,13.91,0.61,0.87,0.08,0,1.255
2025-06-02 04:00:00,30.42,74.32,Monday,0,0,0,0.0,0.0,0.0,0.0,0,0.252
2025-06-02 05:00:00,27.52,78.75,Monday,0,0,4,9.74,0.66,0.93,0.13,0,1.227
2025-06-02 06:00:00,28.79,82.15,Monday,0,0,1,10.14,0.97,0.72,0.15,0,2.7
2025-06-02 07:00:00,28.88,73.74,Monday,0,1,2,11.51,0.75,1.0,0.07,0,1.465
2025-06-02 08:00:00,28.14,72.48,Monday,0,0,2,6.7,0.29,1.0,0.17,0,0.584
2025-06-02 09:00:00,24.47,79.34,Monday,0,0,0,0.0,0.0,0.0,0.0,0,0.26
2025-06-02 10:00:00,28.81,80.99,Monday,0,0,0,0.0,0.0,0.0,0.0,0,0.292
2025-06-02 11:00:00,32.99,69.96,Monday,0,0,4,4.81,0.8,0.56,0.15,0,0.629
2025-06-02 12:00:00,28.98,69.65,Monday,0,0,3,2.69,0.98,0.16,0.03,0,1.317
2025-06-02 13:00:00,29.04,66.66,Monday,0,0,0,0.0,0.0,0.0,0.0,0,0.378
2025-06-02 14:00:00,31.8,65.78,Monday,0,0,0,0.0,0.0,0.0,0.0,0,0.202
2025-06-02 15:00:00,32.46,75.61,Monday,0,0,0,0.0,0.0,0.0,0.0,0,0.242
2025-06-02 16:00:00,34.77,67.6,Monday,0,0,4,6.03,0.66,0.85,0.03,0,1.549
2025-06-02 17:00:00,30.98,69.58,Monday,0,0,2,9.33,0.69,0.64,0.1,0,1.824
2025-06-02 18:00:00,35.04,65.39,Monday,0,0,0,0.0,0.0,0.0,0.0,0,0.254
2025-06-02 19:00:00,35.08,69.35,Monday,0,0,2,12.51,0.95,0.6,0.98,0,1.451
2025-06-02 20:00:00,33.87,68.82,Monday,0,1,4,11.58,0.45,0.57,0.53,0,1.297
2025-06-02 21:00:00,34.63,67.97,Monday,0,0,2,14.28,0.73,0.73,0.41,0,2.035
2025-06-02 22:00:00,35.58,75.23,Monday,0,0,0,0.0,0.0,0.0,0.0,0,0.37
2025-06-02 23:00:00,34.82,76.86,Monday,0,0,3,10.91,0.79,0.99,0.64,0,1.388
2025-06-03 00:00:00,30.57,64.94,Tuesday,0,0,4,15.89,0.46,0.76,0.11,0,2.02
2025-06-03 01:00:00,33.38,72.1,Tuesday,0,0,0,0.0,0.0,0.0,0.0,0,0.218
2025-06-03 02:00:00,31.01,68.71,Tuesday,0,0,1,12.0,0.86,0.6,0.16,0,0.87
2025-06-03 03:00:00,30.48,71.83,Tuesday,0,0,1,12.45,0.79,0.9,0.12,0,1.431
2025-06-03 04:00:00,29.76,75.27,Tuesday,0,0,1,11.91,0.73,0.67,0.13,0,0.226
2025-06-03 05:00:00,28.73,73.58,Tuesday,0,0,2,10.2,0.93,0.93,0.06,0,1.366
2025-06-03 06:00:00,30.67,74.05,Tuesday,0,0,1,8.79,0.74,0.5,0.1,0,1.318
2025-06-03 07:00:00,28.08,78.6,Tuesday,0,0,2,8.14,0.56,0.68,0.07,0,1.932
2025-06-03 08:00:00,26.11,78.48,Tuesday,0,0,0,0.0,0.0,0.0,0.0,0,0.262
2025-06-03 09:00:00,27.52,72.5,Tuesday,0,0,0,0.0,0.0,0.0,0.0,0,0.302
2025-06-03 10:00:00,28.85,71.39,Tuesday,0,0,0,0.0,0.0,0.0,0.0,0,0.31
2025-06-03 11:00:00,31.22,65.21,Tuesday,0,0,0,0.0,0.0,0.0,0.0,0,0.224
2025-06-03 12:00:00,30.71,68.59,Tuesday,0,0,0,0.0,0.0,0.0,0.0,0,0.285
2025-06-03 13:00:00,28.82,84.38,Tuesday,0,0,0,0.0,0.0,0.0,0.0,0,0.308
2025-06-03 14:00:00,35.6,64.5,Tuesday,0,0,0,0.0,0.0,0.0,0.0,0,0.302
2025-06-03 15:00:00,32.38,65.39,Tuesday,0,0,0,0.0,0.0,0.0,0.0,0,0.373
2025-06-03 16:00:00,34.92,70.67,Tuesday,0,0,0,0.0,0.0,0.0,0.0,0,0.348
2025-06-03 17:00:00,32.97,70.27,Tuesday,0,0,2,8.38,0.32,0.4,0.02,0,0.615
2025-06-03 18:00:00,34.68,68.31,Tuesday,0,0,3,9.93,0.92,0.81,0.92,0,1.786
2025-06-03 19:00:00,35.53,75.57,Tuesday,0,0,3,12.81,0.64,1.0,0.51,0,1.488
2025-06-03 20:00:00,36.32,70.56,Tuesday,0,0,0,0.0,0.0,0.0,0.0,0,0.219
2025-06-03 21:00:00,35.92,65.52,Tuesday,0,0,1,14.41,0.56,0.68,0.33,0,1.67
2025-06-03 22:00:00,35.29,66.61,Tuesday,0,0,3,13.74,0.39,0.76,0.38,0,1.185
2025-06-03 23:00:00,32.68,68.58,Tuesday,0,0,0,0.0,0.0,0.0,0.0,0,0.27
2025-06-04 00:00:00,31.59,76.44,Wednesday,0,0,2,12.22,0.81,0.56,0.03,0,2.373
2025-06-04 01:00:00,32.5,69.71,Wednesday,0,0,1,15.37,0.47,0.13,0.12,0,1.777
2025-06-04 02:00:00,32.8,62.01,Wednesday,0,0,3,14.77,1.0,1.0,0.14,0,2.108
2025-06-04 03:00:00,29.95,73.31,Wednesday,0,0,1,11.97,0.84,0.46,0.13,0,1.06
2025-06-04 04:00:00,31.54,64.43,Wednesday,0,0,3,13.21,0.44,0.68,0.05,0,0.834
2025-06-04 05:00:00,31.62,82.97,Wednesday,0,1,2,11.98,0.58,0.86,0.12,0,1.106
2025-06-04 06:00:00,26.88,71.48,Wednesday,0,0,0,0.0,0.0,0.0,0.0,0,0.18
2025-06-04 07:00:00,26.72,75.64,Wednesday,0,0,2,8.22,0.0,1.0,0.0,0,0.316
2025-06-04 08:00:00,27.87,76.71,Wednesday,0,0,3,9.61,0.29,1.0,0.12,0,0.891
2025-06-04 09:00:00,28.78,73.15,Wednesday,0,0,0,0.0,0.0,0.0,0.0,0,0.22
2025-06-04 10:00:00,27.58,74.23,Wednesday,0,0,0,0.0,0.0,0.0,0.0,0,0.206
2025-06-04 11:00:00,31.44,74.32,Wednesday,0,0,1,5.41,0.25,0.75,0.13,0,0.511
2025-06-04 12:00:00,30.39,80.78,Wednesday,0,0,0,0.0,0.0,0.0,0.0,0,0.241
2025-06-04 13:00:00,30.42,76.96,Wednesday,0,0,0,0.0,0.0,0.0,0.0,0,0.447
2025-06-04 14:00:00,28.54,82.21,Wednesday,0,0,0,0.0,0.0,0.0,0.0,0,0.267
2025-06-04 15:00:00,29.53,68.69,Wednesday,0,0,0,0.0,0.0,0.0,0.0,0,0.248
2025-06-04 16:00:00,33.13,72.27,Wednesday,0,0,0,0.0,0.0,0.0,0.0,0,0.387
2025-06-04 17:00:00,29.41,74.81,Wednesday,0,0,1,9.49,0.39,0.64,0.13,0,0.993
2025-06-04 18:00:00,35.54,70.27,Wednesday,0,1,4,11.26,0.65,0.12,0.76,0,1.263
2025-06-04 19:00:00,33.74,77.02,Wednesday,0,0,2,11.12,0.07,0.77,0.62,0,0.957
2025-06-04 20:00:00,39.96,63.43,Wednesday,0,0,2,11.42,0.37,0.67,0.68,0,1.069
2025-06-04 21:00:00,38.18,64.11,Wednesday,0,0,1,13.75,0.44,0.57,0.59,0,1.18
2025-06-04 22:00:00,33.4,73.11,Wednesday,0,0,0,0.0,0.0,0.0,0.0,0,0.409
2025-06-04 23:00:00,33.05,61.86,Wednesday,0,0,4,13.77,0.51,0.75,0.31,0,1.043
2025-06-05 00:00:00,34.42,68.34,Thursday,0,0,1,15.33,0.81,0.65,0.1,0,1.022
2025-06-05 01:00:00,34.97,68.36,Thursday,0,0,2,14.55,0.53,0.75,0.08,0,1.644
2025-06-05 02:00:00,28.18,70.54,Thursday,0,0,3,14.59,0.84,0.6,0.03,0,1.99
2025-06-05 03:00:00,27.13,81.37,Thursday,0,0,2,11.21,0.26,0.46,0.02,0,0.466
2025-06-05 04:00:00,28.5,69.53,Thursday,0,0,2,12.24,0.47,1.0,0.18,0,1.084
2025-06-05 05:00:00,30.05,72.77,Thursday,0,0,2,7.9,0.62,0.63,0.04,0,1.743
2025-06-05 06:00:00,29.42,75.49,Thursday,0,0,1,8.43,0.69,0.82,0.07,0,1.471
2025-06-05 07:00:00,30.15,80.13,Thursday,0,0,3,8.57,0.73,1.0,0.09,0,1.794
2025-06-05 08:00:00,25.96,77.08,Thursday,0,0,0,0.0,0.0,0.0,0.0,0,0.339
2025-06-05 09:00:00,24.06,83.53,Thursday,0,0,0,0.0,0.0,0.0,0.0,0,0.215
2025-06-05 10:00:00,30.07,76.94,Thursday,0,0,0,0.0,0.0,0.0,0.0,0,0.208
2025-06-05 11:00:00,27.51,76.36,Thursday,0,0,0,0.0,0.0,0.0,0.0,0,0.244
2025-06-05 12:00:00,25.99,71.66,Thursday,0,0,0,0.0,0.0,0.0,0.0,0,0.227
2025-06-05 13:00:00,30.61,65.78,Thursday,0,0,0,0.0,0.0,0.0,0.0,0,0.069
2025-06-05 14:00:00,32.55,71.74,Thursday,0,0,0,0.0,0.0,0.0,0.0,0,0.126
2025-06-05 15:00:00,31.68,69.27,Thursday,0,0,1,5.38,0.23,0.76,0.06,0,0.781
2025-06-05 16:00:00,31.8,76.48,Thursday,0,0,0,0.0,0.0,0.0,0.0,0,0.299
2025-06-05 17:00:00,32.96,74.57,Thursday,0,0,2,8.19,0.88,1.0,0.12,0,1.406
2025-06-05 18:00:00,33.05,69.83,Thursday,0,0,1,12.91,0.41,0.75,0.44,0,1.143
2025-06-05 19:00:00,31.6,66.28,Thursday,0,0,1,12.33,0.9,0.92,0.99,0,1.271
2025-06-05 20:00:00,32.84,73.5,Thursday,0,0,2,14.23,0.76,0.62,0.87,0,1.04
2025-06-05 21:00:00,34.96,63.95,Thursday,0,0,3,11.1,0.51,0.82,0.55,0,1.543
2025-06-05 22:00:00,34.3,65.84,Thursday,0,0,3,15.92,0.56,0.65,0.58,0,1.456
2025-06-05 23:00:00,33.55,65.41,Thursday,0,0,2,13.56,0.93,0.4,0.51,0,1.705
2025-06-06 00:00:00,30.83,72.06,Friday,0,0,1,16.0,0.07,1.0,0.03,0,0.338
2025-06-06 01:00:00,31.57,77.93,Friday,0,0,4,14.28,0.93,0.84,0.13,0,2.038
2025-06-06 02:00:00,27.21,75.99,Friday,0,0,2,14.66,0.87,0.94,0.05,0,1.569
2025-06-06 03:00:00,30.67,70.68,Friday,0,0,2,11.88,0.5,0.57,0.01,0,1.107
2025-06-06 04:00:00,32.2,63.9,Friday,0,0,3,9.92,0.63,1.0,0.17,0,1.452
2025-06-06 05:00:00,26.35,79.55,Friday,0,0,0,0.0,0.0,0.0,0.0,0,0.272
2025-06-06 06:00:00,27.47,71.87,Friday,0,0,3,9.56,0.32,0.79,0.16,0,1.006
2025-06-06 07:00:00,28.82,75.15,Friday,0,0,1,7.37,0.6,1.0,0.17,0,1.39
2025-06-06 08:00:00,30.38,71.39,Friday,0,0,0,0.0,0.0,0.0,0.0,0,0.458
2025-06-06 09:00:00,27.42,80.01,Friday,0,0,0,0.0,0.0,0.0,0.0,0,0.306
2025-06-06 10:00:00,27.28,75.16,Friday,0,0,1,6.46,0.66,0.58,0.06,0,1.236
2025-06-06 11:00:00,25.46,77.29,Friday,0,0,0,0.0,0.0,0.0,0.0,0,0.18
2025-06-06 12:00:00,29.81,76.1,Friday,0,0,0,0.0,0.0,0.0,0.0,0,0.335
2025-06-06 13:00:00,34.02,80.41,Friday,0,0,0,0.0,0.0,0.0,0.0,0,0.219
2025-06-06 14:00:00,31.62,76.48,Friday,0,0,0,0.0,0.0,0.0,0.0,0,0.562
2025-06-06 15:00:00,31.86,71.38,Friday,0,0,0,0.0,0.0,0.0,0.0,0,0.2
2025-06-06 16:00:00,33.2,70.63,Friday,0,0,0,0.0,0.0,0.0,0.0,0,0.225
2025-06-06 17:00:00,33.23,67.97,Friday,0,0,0,0.0,0.0,0.0,0.0,0,0.346
2025-06-06 18:00:00,32.26,66.72,Friday,0,0,3,9.05,0.89,0.9,0.55,0,1.939
2025-06-06 19:00:00,35.5,65.78,Friday,0,0,2,9.18,0.41,0.67,0.31,0,1.357
2025-06-06 20:00:00,34.53,65.56,Friday,0,0,3,12.65,0.61,0.63,0.31,0,1.887
2025-06-06 21:00:00,34.05,73.12,Friday,0,0,1,13.15,1.0,0.91,0.63,0,1.776
2025-06-06 22:00:00,31.97,66.37,Friday,0,0,2,15.75,0.6,0.61,0.35,0,1.859
2025-06-06 23:00:00,35.59,75.13,Friday,0,0,1,14.04,0.78,1.0,0.41,0,1.323
2025-06-07 00:00:00,33.82,73.82,Saturday,1,0,2,14.75,0.93,0.86,0.13,0,1.835
2025-06-07 01:00:00,30.91,72.79,Saturday,1,0,4,13.53,0.42,0.41,0.16,0,1.858
2025-06-07 02:00:00,32.93,70.87,Saturday,1,0,1,15.54,0.37,0.72,0.12,0,0.859
2025-06-07 03:00:00,29.45,71.21,Saturday,1,0,3,13.75,1.0,0.59,0.12,0,2.104
2025-06-07 04:00:00,28.22,76.46,Saturday,1,0,3,12.09,0.79,0.34,0.16,0,1.056
2025-06-07 05:00:00,27.64,81.07,Saturday,1,0,1,11.07,0.32,1.0,0.02,0,1.233
2025-06-07 06:00:00,25.34,74.18,Saturday,1,0,4,9.97,0.0,1.0,0.15,0,0.343
2025-06-07 07:00:00,29.07,66.67,Saturday,1,0,4,6.55,0.6,0.57,0.18,0,0.922
2025-06-07 08:00:00,24.83,81.67,Saturday,1,0,4,9.24,0.0,0.93,0.13,0,0.437
2025-06-07 09:00:00,26.01,78.71,Saturday,1,0,2,8.12,0.0,0.97,0.14,0,0.43
2025-06-07 10:00:00,24.79,72.59,Saturday,1,0,1,5.73,0.0,0.75,0.13,0,0.222
2025-06-07 11:00:00,28.85,70.87,Saturday,1,0,2,5.07,0.54,0.99,0.16,0,1.083
2025-06-07 12:00:00,29.35,69.79,Saturday,1,0,2,3.51,0.65,0.82,0.08,0,1.073
2025-06-07 13:00:00,29.76,70.09,Saturday,1,0,2,7.76,0.45,1.0,0.17,0,1.058
2025-06-07 14:00:00,29.25,72.56,Saturday,1,0,3,7.9,0.55,0.46,0.05,0,0.82
2025-06-07 15:00:00,29.79,72.36,Saturday,1,0,3,7.06,0.37,0.79,0.02,0,0.644
2025-06-07 16:00:00,33.46,67.13,Saturday,1,1,3,8.73,0.43,0.8,0.01,0,0.919
2025-06-07 17:00:00,32.25,67.68,Saturday,1,0,2,10.55,0.47,0.46,0.02,0,1.072
2025-06-07 18:00:00,34.29,68.49,Saturday,1,0,4,11.54,0.61,0.48,0.47,0,1.12
2025-06-07 19:00:00,32.43,72.15,Saturday,1,0,1,10.01,0.76,0.35,0.7,0,1.682
2025-06-07 20:00:00,34.45,67.91,Saturday,1,0,2,12.03,1.0,0.76,0.87,0,1.967
2025-06-07 21:00:00,36.37,73.56,Saturday,1,0,1,14.24,0.56,0.64,0.46,0,1.947
2025-06-07 22:00:00,34.78,71.74,Saturday,1,0,2,14.64,0.8,0.43,0.91,0,2.192
2025-06-07 23:00:00,32.5,63.29,Saturday,1,0,2,15.96,0.61,1.0,0.75,0,1.72
2025-06-08 00:00:00,33.09,73.34,Sunday,1,0,1,15.97,0.89,0.85,0.04,0,2.385
2025-06-08 01:00:00,31.47,75.21,Sunday,1,0,1,15.2,0.34,0.57,0.17,0,0.833
2025-06-08 02:00:00,31.14,70.3,Sunday,1,0,2,10.42,0.52,0.8,0.14,0,1.868
2025-06-08 03:00:00,29.76,66.24,Sunday,1,0,2,15.29,0.82,0.69,0.07,0,1.63
2025-06-08 04:00:00,29.33,74.15,Sunday,1,0,1,13.76,0.8,0.36,0.08,0,1.219
2025-06-08 05:00:00,29.38,74.02,Sunday,1,1,3,14.4,0.8,0.82,0.16,0,1.886
2025-06-08 06:00:00,26.74,70.83,Sunday,1,0,2,9.28,0.0,1.0,0.2,0,0.278
2025-06-08 07:00:00,26.4,69.49,Sunday,1,0,1,5.94,0.0,1.0,0.05,0,0.482
2025-06-08 08:00:00,25.62,77.0,Sunday,1,1,3,7.23,0.0,0.78,0.14,0,0.531
2025-06-08 09:00:00,25.35,76.52,Sunday,1,0,2,7.15,0.0,0.64,0.01,0,0.272
2025-06-08 10:00:00,26.33,74.71,Sunday,1,0,1,5.01,0.0,0.89,0.02,0,0.289
2025-06-08 11:00:00,29.29,73.72,Sunday,1,0,3,7.23,0.81,0.82,0.09,0,1.346
2025-06-08 12:00:00,28.02,69.77,Sunday,1,0,1,4.01,1.0,0.72,0.0,0,1.435
2025-06-08 13:00:00,31.27,70.18,Sunday,1,0,3,5.02,0.42,1.0,0.18,0,1.351
2025-06-08 14:00:00,31.19,75.1,Sunday,1,0,3,5.3,0.74,0.65,0.08,0,1.951
2025-06-08 15:00:00,28.36,73.23,Sunday,1,0,2,10.63,0.63,0.99,0.08,0,1.52
2025-06-08 16:00:00,33.8,61.72,Sunday,1,0,1,6.14,0.81,0.79,0.07,0,1.92
2025-06-08 17:00:00,34.7,66.9,Sunday,1,0,1,9.58,0.74,0.79,0.06,0,1.047
2025-06-08 18:00:00,31.93,66.41,Sunday,1,0,1,8.2,0.52,0.34,0.78,0,1.657
2025-06-08 19:00:00,34.78,70.54,Sunday,1,0,3,11.81,0.75,1.0,0.87,0,2.624
2025-06-08 20:00:00,32.58,72.77,Sunday,1,0,2,11.07,0.67,0.96,0.62,0,0.679
2025-06-08 21:00:00,34.2,61.43,Sunday,1,0,1,15.19,0.68,0.8,0.47,0,1.316
2025-06-08 22:00:00,31.45,75.99,Sunday,1,0,2,15.69,0.93,1.0,0.45,0,1.755
2025-06-08 23:00:00,30.02,67.92,Sunday,1,0,1,15.24,1.0,0.85,0.71,0,1.46
2025-06-09 00:00:00,31.93,79.55,Monday,0,0,1,12.91,0.17,0.43,0.18,0,0.976
2025-06-09 01:00:00,31.68,71.75,Monday,0,0,1,14.75,0.97,0.51,0.09,0,2.207
2025-06-09 02:00:00,30.41,66.9,Monday,0,0,3,13.87,0.81,0.73,0.1,0,1.77
2025-06-09 03:00:00,28.22,69.4,Monday,0,0,1,14.78,0.46,0.33,0.16,0,0.673
2025-06-09 04:00:00,28.9,76.23,Monday,0,0,2,11.15,0.56,1.0,0.06,0,0.439
2025-06-09 05:00:00,29.49,72.0,Monday,0,0,1,13.03,0.87,0.7,0.15,0,1.212
2025-06-09 06:00:00,28.45,74.42,Monday,0,0,2,11.45,0.66,0.78,0.04,0,0.985
2025-06-09 07:00:00,28.55,82.86,Monday,0,0,2,6.64,0.64,0.5,0.14,0,0.9
2025-06-09 08:00:00,26.92,72.78,Monday,0,0,1,7.17,0.0,0.91,0.03,0,0.25
2025-06-09 09:00:00,30.34,73.5,Monday,0,0,0,0.0,0.0,0.0,0.0,0,0.112
2025-06-09 10:00:00,26.41,83.83,Monday,0,0,2,7.18,0.0,0.67,0.09,0,0.354
2025-06-09 11:00:00,29.88,74.96,Monday,0,0,1,4.14,0.52,1.0,0.01,1,1.913
2025-06-09 12:00:00,31.75,63.89,Monday,0,0,0,0.0,0.0,0.0,0.0,0,0.21
2025-06-09 13:00:00,31.21,74.94,Monday,0,0,0,0.0,0.0,0.0,0.0,0,0.16
2025-06-09 14:00:00,30.76,67.0,Monday,0,0,0,0.0,0.0,0.0,0.0,0,0.214
2025-06-09 15:00:00,30.95,79.68,Monday,0,0,0,0.0,0.0,0.0,0.0,0,0.201
2025-06-09 16:00:00,34.49,65.35,Monday,0,0,0,0.0,0.0,0.0,0.0,0,0.402
2025-06-09 17:00:00,30.68,87.73,Monday,0,0,2,10.06,0.84,0.67,0.06,0,1.081
2025-06-09 18:00:00,31.98,79.06,Monday,0,0,1,11.17,0.43,0.85,0.37,0,1.233
2025-06-09 19:00:00,33.31,66.54,Monday,0,0,3,7.92,1.0,0.74,0.52,0,1.217
2025-06-09 20:00:00,36.35,67.88,Monday,0,0,3,12.8,0.81,0.75,0.7,0,2.608
2025-06-09 21:00:00,34.71,73.03,Monday,0,0,4,14.95,0.86,1.0,0.74,0,2.447
2025-06-09 22:00:00,31.98,75.64,Monday,0,0,1,15.14,0.61,1.0,0.4,0,2.007
2025-06-09 23:00:00,32.69,73.29,Monday,0,0,2,15.81,0.8,0.55,0.52,0,1.749
2025-06-10 00:00:00,31.52,78.39,Tuesday,0,0,2,16.0,0.34,0.82,0.16,0,0.941
2025-06-10 01:00:00,30.62,72.32,Tuesday,0,0,3,14.76,0.41,0.56,0.11,0,0.746
2025-06-10 02:00:00,32.89,69.07,Tuesday,0,0,0,0.0,0.0,0.0,0.0,0,0.218
2025-06-10 03:00:00,27.88,73.68,Tuesday,0,0,0,0.0,0.0,0.0,0.0,0,0.264
2025-06-10 04:00:00,32.52,75.52,Tuesday,0,0,3,11.55,0.9,0.66,0.12,0,0.299
2025-06-10 05:00:00,30.49,74.88,Tuesday,0,0,2,10.8,0.09,0.95,0.14,0,0.872
2025-06-10 06:00:00,30.49,74.52,Tuesday,0,0,2,11.27,0.4,1.0,0.1,0,0.82
2025-06-10 07:00:00,27.39,79.82,Tuesday,0,0,2,7.58,0.63,0.72,0.17,0,1.312
2025-06-10 08:00:00,27.85,65.18,Tuesday,0,0,1,9.35,0.96,0.87,0.19,0,1.21
2025-06-10 09:00:00,25.65,78.97,Tuesday,0,0,2,4.82,0.0,1.0,0.04,0,0.479
2025-06-10 10:00:00,27.58,76.77,Tuesday,0,0,0,0.0,0.0,0.0,0.0,0,0.406
2025-06-10 11:00:00,29.89,81.94,Tuesday,0,0,2,6.0,0.36,0.49,0.15,0,0.89
2025-06-10 12:00:00,31.96,64.1,Tuesday,0,0,2,5.39,0.83,0.44,0.1,0,2.445
2025-06-10 13:00:00,28.35,82.77,Tuesday,0,0,0,0.0,0.0,0.0,0.0,0,0.213
2025-06-10 14:00:00,30.47,73.46,Tuesday,0,0,0,0.0,0.0,0.0,0.0,0,0.25
2025-06-10 15:00:00,31.63,74.48,Tuesday,0,0,0,0.0,0.0,0.0,0.0,0,0.261
2025-06-10 16:00:00,30.11,81.78,Tuesday,0,0,0,0.0,0.0,0.0,0.0,0,0.259
2025-06-10 17:00:00,34.31,72.43,Tuesday,0,0,3,8.72,0.82,0.58,0.09,0,1.563
2025-06-10 18:00:00,32.42,73.32,Tuesday,0,0,1,9.82,1.0,0.56,0.33,0,2.203
2025-06-10 19:00:00,33.67,71.41,Tuesday,0,0,4,12.58,0.71,0.92,0.68,0,2.562
2025-06-10 20:00:00,33.31,68.1,Tuesday,0,0,2,13.08,0.43,0.76,0.73,0,1.315
2025-06-10 21:00:00,32.6,71.02,Tuesday,0,0,0,0.0,0.0,0.0,0.0,0,0.194
2025-06-10 22:00:00,33.71,66.58,Tuesday,0,0,2,14.03,0.42,1.0,0.72,0,1.019
2025-06-10 23:00:00,32.86,70.71,Tuesday,0,0,1,15.44,0.09,0.89,0.96,0,0.457
2025-06-11 00:00:00,31.95,60.06,Wednesday,0,0,1,16.0,0.45,0.65,0.02,0,1.352
2025-06-11 01:00:00,30.59,75.11,Wednesday,0,0,2,12.81,0.81,0.64,0.2,0,1.666
2025-06-11 02:00:00,31.7,71.36,Wednesday,0,0,2,11.57,0.65,0.93,0.13,0,1.026
2025-06-11 03:00:00,33.32,68.83,Wednesday,0,0,1,14.49,0.99,0.74,0.14,0,1.76
2025-06-11 04:00:00,29.88,74.71,Wednesday,0,0,3,11.23,0.69,0.76,0.08,0,2.051
2025-06-11 05:00:00,30.8,65.62,Wednesday,0,0,3,9.22,0.87,0.79,0.1,0,2.056
2025-06-11 06:00:00,26.02,86.73,Wednesday,0,0,2,10.8,0.0,0.55,0.1,0,0.334
2025-06-11 07:00:00,28.51,74.33,Wednesday,0,0,2,7.2,0.54,0.66,0.07,0,1.311
2025-06-11 08:00:00,26.15,76.24,Wednesday,0,0,1,9.81,0.0,0.7,0.14,0,0.442
2025-06-11 09:00:00,25.57,72.66,Wednesday,0,0,0,0.0,0.0,0.0,0.0,0,0.222
2025-06-11 10:00:00,27.19,76.14,Wednesday,0,0,0,0.0,0.0,0.0,0.0,0,0.319
2025-06-11 11:00:00,31.15,79.4,Wednesday,0,0,0,0.0,0.0,0.0,0.0,0,0.363
2025-06-11 12:00:00,31.33,77.48,Wednesday,0,0,0,0.0,0.0,0.0,0.0,0,0.169
2025-06-11 13:00:00,30.78,77.07,Wednesday,0,0,0,0.0,0.0,0.0,0.0,0,0.356
2025-06-11 14:00:00,28.37,77.7,Wednesday,0,0,0,0.0,0.0,0.0,0.0,0,0.258
2025-06-11 15:00:00,31.55,70.31,Wednesday,0,0,0,0.0,0.0,0.0,0.0,0,0.282
2025-06-11 16:00:00,33.17,63.4,Wednesday,0,0,0,0.0,0.0,0.0,0.0,0,0.362
2025-06-11 17:00:00,33.56,69.29,Wednesday,0,0,4,7.32,0.92,0.63,0.05,0,2.111
2025-06-11 18:00:00,30.4,71.96,Wednesday,0,0,4,7.85,0.52,0.67,0.96,0,1.373
2025-06-11 19:00:00,32.42,76.57,Wednesday,0,0,3,11.16,0.44,1.0,0.49,0,1.316
2025-06-11 20:00:00,34.01,71.44,Wednesday,0,1,4,15.84,0.9,0.7,0.75,0,2.504
2025-06-11 21:00:00,34.99,77.07,Wednesday,0,0,1,15.17,0.73,0.74,0.82,0,1.945
2025-06-11 22:00:00,29.77,79.7,Wednesday,0,0,2,13.13,0.56,0.63,0.98,0,0.766
2025-06-11 23:00:00,32.95,68.56,Wednesday,0,0,4,13.6,0.73,0.94,0.93,0,2.03
2025-06-12 00:00:00,32.88,61.93,Thursday,0,0,2,13.81,0.76,0.13,0.0,0,2.226
2025-06-12 01:00:00,33.43,77.34,Thursday,0,0,3,13.46,0.64,0.55,0.12,0,1.852
2025-06-12 02:00:00,32.37,78.16,Thursday,0,0,4,15.15,0.69,0.51,0.07,0,1.7
2025-06-12 03:00:00,31.4,65.41,Thursday,0,0,3,13.03,0.11,1.0,0.17,0,0.318
2025-06-12 04:00:00,28.18,82.68,Thursday,0,0,2,10.83,0.62,0.81,0.18,0,1.563
2025-06-12 05:00:00,25.57,79.4,Thursday,0,0,1,9.29,0.0,0.7,0.1,0,0.6
2025-06-12 06:00:00,27.82,76.27,Thursday,0,0,1,13.45,0.45,0.7,0.19,0,1.382
2025-06-12 07:00:00,30.03,81.55,Thursday,0,0,2,9.81,0.48,0.4,0.17,0,0.756
2025-06-12 08:00:00,30.63,79.65,Thursday,0,0,4,6.22,0.53,1.0,0.02,0,1.187
2025-06-12 09:00:00,29.51,77.2,Thursday,0,0,4,8.28,0.58,0.66,0.07,0,1.061
2025-06-12 10:00:00,29.3,76.5,Thursday,0,0,0,0.0,0.0,0.0,0.0,0,0.251
2025-06-12 11:00:00,29.69,76.86,Thursday,0,0,0,0.0,0.0,0.0,0.0,0,0.233
2025-06-12 12:00:00,28.62,72.74,Thursday,0,0,2,4.63,0.78,0.74,0.16,0,1.325
2025-06-12 13:00:00,30.11,73.12,Thursday,0,0,0,0.0,0.0,0.0,0.0,0,0.103
2025-06-12 14:00:00,34.13,65.27,Thursday,0,0,1,4.26,0.83,0.69,0.08,0,1.445
2025-06-12 15:00:00,30.2,71.65,Thursday,0,0,2,6.66,0.88,1.0,0.02,1,3.357
2025-06-12 16:00:00,35.53,66.69,Thursday,0,0,0,0.0,0.0,0.0,0.0,0,0.272
2025-06-12 17:00:00,32.67,67.92,Thursday,0,0,4,8.14,0.58,0.84,0.02,0,1.149
2025-06-12 18:00:00,36.11,68.69,Thursday,0,0,2,12.0,0.71,0.77,0.61,0,2.417
2025-06-12 19:00:00,31.49,70.54,Thursday,0,0,2,12.83,0.54,1.0,0.48,0,1.111
2025-06-12 20:00:00,35.18,71.35,Thursday,0,0,1,11.46,0.36,0.55,0.46,0,1.515
2025-06-12 21:00:00,32.7,62.96,Thursday,0,0,3,11.25,0.52,0.72,0.31,0,1.551
2025-06-12 22:00:00,31.17,71.88,Thursday,0,0,1,11.06,1.0,0.8,0.88,0,1.651
2025-06-12 23:00:00,33.64,70.88,Thursday,0,0,1,15.76,0.46,0.5,0.91,0,0.935
2025-06-13 00:00:00,34.44,67.95,Friday,0,0,1,15.42,0.45,0.78,0.1,0,1.204
2025-06-13 01:00:00,30.38,72.3,Friday,0,0,2,15.41,0.51,0.76,0.15,0,1.088
2025-06-13 02:00:00,28.43,66.99,Friday,0,0,3,16.0,0.79,0.78,0.02,0,1.591
2025-06-13 03:00:00,30.18,75.12,Friday,0,0,4,13.76,0.74,0.78,0.14,0,1.299
2025-06-13 04:00:00,29.47,77.22,Friday,0,0,0,0.0,0.0,0.0,0.0,0,0.264
2025-06-13 05:00:00,29.99,75.98,Friday,0,0,3,9.2,1.0,0.34,0.12,0,1.419
2025-06-13 06:00:00,30.24,78.48,Friday,0,0,2,12.44,0.86,0.8,0.19,0,1.379
2025-06-13 07:00:00,28.12,76.2,Friday,0,0,2,8.46,0.87,0.53,0.19,0,1.441
2025-06-13 08:00:00,31.46,74.58,Friday,0,0,3,6.27,1.0,0.73,0.15,0,1.2
2025-06-13 09:00:00,28.63,75.51,Friday,0,0,0,0.0,0.0,0.0,0.0,0,0.186
2025-06-13 10:00:00,27.9,78.83,Friday,0,0,0,0.0,0.0,0.0,0.0,0,0.352
2025-06-13 11:00:00,26.1,69.12,Friday,0,0,0,0.0,0.0,0.0,0.0,0,0.166
2025-06-13 12:00:00,29.15,69.8,Friday,0,0,0,0.0,0.0,0.0,0.0,0,0.195
2025-06-13 13:00:00,29.74,81.67,Friday,0,0,1,6.93,0.34,1.0,0.2,0,1.227
2025-06-13 14:00:00,32.85,58.63,Friday,0,0,0,0.0,0.0,0.0,0.0,0,0.231
2025-06-13 15:00:00,32.73,70.34,Friday,0,0,0,0.0,0.0,0.0,0.0,0,0.208
2025-06-13 16:00:00,30.5,78.91,Friday,0,0,0,0.0,0.0,0.0,0.0,0,0.245
2025-06-13 17:00:00,33.56,69.83,Friday,0,0,2,9.63,0.8,1.0,0.05,0,2.334
2025-06-13 18:00:00,34.93,67.04,Friday,0,0,2,11.98,0.61,0.31,0.88,0,1.483
2025-06-13 19:00:00,36.77,68.05,Friday,0,0,4,8.67,0.92,0.38,0.62,0,0.938
2025-06-13 20:00:00,35.72,66.59,Friday,0,0,3,13.04,0.8,1.0,0.66,1,2.82
2025-06-13 21:00:00,35.39,68.8,Friday,0,0,1,11.78,0.74,0.33,0.98,0,1.185
2025-06-13 22:00:00,33.83,66.64,Friday,0,0,3,13.63,0.65,0.98,0.92,0,1.958
2025-06-13 23:00:00,33.94,75.49,Friday,0,0,2,14.83,0.87,1.0,0.54,0,1.884
2025-06-14 00:00:00,34.87,76.23,Saturday,1,0,3,13.49,0.84,0.95,0.12,0,2.537
2025-06-14 01:00:00,29.5,73.28,Saturday,1,0,3,13.96,0.58,0.5,0.17,0,1.415
2025-06-14 02:00:00,30.49,66.12,Saturday,1,0,1,12.23,0.85,0.53,0.08,0,1.404
2025-06-14 03:00:00,28.96,71.82,Saturday,1,0,3,12.65,0.49,0.74,0.06,0,1.665
2025-06-14 04:00:00,30.31,72.3,Saturday,1,0,3,13.27,0.71,1.0,0.14,0,2.698
2025-06-14 05:00:00,31.22,74.93,Saturday,1,0,2,12.59,0.75,1.0,0.07,0,1.294
2025-06-14 06:00:00,27.45,70.75,Saturday,1,0,1,8.85,0.57,0.82,0.19,0,1.553
2025-06-14 07:00:00,23.92,75.12,Saturday,1,0,1,10.7,0.0,0.35,0.15,0,0.465
2025-06-14 08:00:00,27.38,78.41,Saturday,1,0,1,8.37,0.8,0.79,0.09,0,1.552
2025-06-14 09:00:00,29.87,78.31,Saturday,1,0,1,8.61,0.38,0.7,0.03,0,0.627
2025-06-14 10:00:00,29.49,70.85,Saturday,1,0,0,0.0,0.0,0.0,0.0,0,0.288
2025-06-14 11:00:00,29.77,67.04,Saturday,1,0,0,0.0,0.0,0.0,0.0,0,0.371
2025-06-14 12:00:00,29.12,90.71,Saturday,1,0,1,5.92,0.44,0.81,0.19,0,0.958
2025-06-14 13:00:00,28.05,79.18,Saturday,1,0,0,0.0,0.0,0.0,0.0,0,0.244
2025-06-14 14:00:00,32.05,70.32,Saturday,1,0,4,9.29,0.63,0.12,0.05,0,2.214
2025-06-14 15:00:00,30.4,77.49,Saturday,1,0,4,5.51,0.95,0.81,0.05,0,2.407
2025-06-14 16:00:00,36.56,66.98,Saturday,1,0,2,8.32,0.47,1.0,0.12,0,1.45
2025-06-14 17:00:00,34.27,73.99,Saturday,1,0,3,10.1,0.65,0.54,0.02,0,1.021
2025-06-14 18:00:00,32.68,71.89,Saturday,1,0,4,10.15,1.0,0.63,0.65,0,2.141
2025-06-14 19:00:00,32.92,71.33,Saturday,1,0,4,13.37,0.61,0.97,0.96,1,3.091
2025-06-14 20:00:00,33.96,69.37,Saturday,1,0,3,15.49,0.81,1.0,0.83,0,0.728
2025-06-14 21:00:00,33.59,63.03,Saturday,1,0,3,11.87,0.8,0.78,0.31,0,0.88
2025-06-14 22:00:00,35.73,78.03,Saturday,1,0,2,14.5,0.14,0.57,0.79,0,0.644
2025-06-14 23:00:00,33.58,65.57,Saturday,1,0,1,16.0,0.76,1.0,0.68,0,2.214
2025-06-15 00:00:00,31.31,65.52,Sunday,1,0,2,12.55,0.34,0.44,0.15,0,1.012
2025-06-15 01:00:00,35.3,67.66,Sunday,1,0,1,16.0,0.81,0.62,0.19,0,1.988
2025-06-15 02:00:00,31.21,67.6,Sunday,1,0,4,16.0,0.68,0.9,0.19,0,1.608
2025-06-15 03:00:00,31.73,71.68,Sunday,1,0,2,15.46,0.37,0.36,0.03,0,1.001
2025-06-15 04:00:00,28.53,78.26,Sunday,1,0,4,13.16,0.35,0.85,0.05,0,1.452
2025-06-15 05:00:00,29.66,78.79,Sunday,1,0,3,13.6,0.63,1.0,0.18,0,3.059
2025-06-15 06:00:00,29.09,78.4,Sunday,1,0,2,10.54,1.0,1.0,0.05,0,1.989
2025-06-15 07:00:00,24.82,76.63,Sunday,1,0,0,0.0,0.0,0.0,0.0,0,0.323
2025-06-15 08:00:00,31.75,72.17,Sunday,1,0,1,6.72,0.74,0.64,0.01,0,1.253
2025-06-15 09:00:00,30.55,75.05,Sunday,1,0,3,6.08,0.78,0.93,0.18,0,2.249
2025-06-15 10:00:00,27.81,66.68,Sunday,1,0,3,5.57,0.8,0.6,0.01,0,1.475
2025-06-15 11:00:00,27.02,79.04,Sunday,1,0,4,5.03,0.52,0.67,0.11,0,1.23
2025-06-15 12:00:00,30.25,65.99,Sunday,1,0,1,4.49,0.48,0.83,0.04,0,0.94
2025-06-15 13:00:00,30.5,83.25,Sunday,1,0,1,5.5,0.86,0.84,0.01,0,1.199
2025-06-15 14:00:00,31.76,69.89,Sunday,1,0,1,7.93,0.5,0.27,0.06,0,0.865
2025-06-15 15:00:00,32.25,70.55,Sunday,1,0,2,6.79,1.0,0.46,0.13,0,1.29
2025-06-15 16:00:00,33.54,66.47,Sunday,1,0,3,8.44,0.31,0.29,0.02,1,0.869
2025-06-15 17:00:00,35.85,65.08,Sunday,1,0,1,5.42,0.42,0.33,0.17,0,1.612
2025-06-15 18:00:00,34.74,80.6,Sunday,1,0,2,10.19,1.0,0.47,0.8,0,2.506
2025-06-15 19:00:00,32.13,76.28,Sunday,1,0,2,12.92,0.58,0.69,0.82,0,1.914
2025-06-15 20:00:00,36.58,59.84,Sunday,1,0,2,14.37,0.62,0.72,0.72,0,1.84
2025-06-15 21:00:00,36.97,74.74,Sunday,1,0,2,15.25,0.81,0.21,0.92,0,1.144
2025-06-15 22:00:00,39.4,71.01,Sunday,1,1,2,14.79,0.94,0.52,0.53,0,2.291
2025-06-15 23:00:00,31.22,70.99,Sunday,1,0,2,15.45,0.8,0.37,0.77,0,1.195
2025-06-16 00:00:00,33.06,72.28,Monday,0,0,3,13.99,0.72,0.7,0.14,0,1.215
2025-06-16 01:00:00,28.15,75.09,Monday,0,0,2,16.0,0.85,0.59,0.18,0,1.581
2025-06-16 02:00:00,32.12,81.46,Monday,0,0,2,13.33,0.75,1.0,0.09,0,1.729
2025-06-16 03:00:00,29.36,70.09,Monday,0,0,4,14.56,0.92,0.72,0.14,0,1.873
2025-06-16 04:00:00,33.09,71.45,Monday,0,0,0,0.0,0.0,0.0,0.0,0,0.265
2025-06-16 05:00:00,27.61,73.51,Monday,0,0,2,11.32,0.78,0.68,0.14,0,1.319
2025-06-16 06:00:00,25.49,70.4,Monday,0,0,3,11.5,0.0,0.59,0.18,0,0.467
2025-06-16 07:00:00,27.38,86.82,Monday,0,0,3,9.55,0.91,1.0,0.16,0,2.269
2025-06-16 08:00:00,24.57,72.48,Monday,0,0,0,0.0,0.0,0.0,0.0,0,0.403
2025-06-16 09:00:00,29.58,74.98,Monday,0,0,0,0.0,0.0,0.0,0.0,0,0.409
2025-06-16 10:00:00,24.81,69.47,Monday,0,0,2,8.07,0.0,0.95,0.01,0,0.457
2025-06-16 11:00:00,29.05,72.36,Monday,0,0,3,5.67,0.5,0.58,0.15,0,1.297
2025-06-16 12:00:00,25.88,79.31,Monday,0,0,2,6.12,0.0,0.3,0.06,0,0.457
2025-06-16 13:00:00,29.77,69.58,Monday,0,0,0,0.0,0.0,0.0,0.0,0,0.188
2025-06-16 14:00:00,34.08,72.76,Monday,0,0,0,0.0,0.0,0.0,0.0,0,0.362
2025-06-16 15:00:00,32.55,69.86,Monday,0,0,0,0.0,0.0,0.0,0.0,0,0.39
2025-06-16 16:00:00,31.07,78.34,Monday,0,0,2,6.61,0.65,0.81,0.02,0,1.551
2025-06-16 17:00:00,33.19,77.44,Monday,0,0,0,0.0,0.0,0.0,0.0,0,0.207
2025-06-16 18:00:00,33.75,67.19,Monday,0,0,1,5.1,0.74,1.0,0.52,0,0.841
2025-06-16 19:00:00,34.87,69.5,Monday,0,0,1,10.69,0.41,0.92,0.88,0,1.777
2025-06-16 20:00:00,31.66,72.92,Monday,0,0,2,12.48,0.39,0.82,0.97,0,1.327
2025-06-16 21:00:00,35.09,72.02,Monday,0,0,2,12.1,0.78,0.8,0.88,0,1.288
2025-06-16 22:00:00,28.85,74.6,Monday,0,0,2,14.88,0.8,0.45,0.58,0,1.581
2025-06-16 23:00:00,32.11,72.55,Monday,0,0,1,14.2,0.78,0.51,0.41,0,1.475
2025-06-17 00:00:00,31.75,70.71,Tuesday,0,0,2,14.99,0.57,0.32,0.09,0,1.158
2025-06-17 01:00:00,33.04,71.34,Tuesday,0,0,1,14.0,0.92,0.77,0.13,0,2.889
2025-06-17 02:00:00,31.16,78.94,Tuesday,0,0,1,15.79,0.37,0.86,0.07,0,0.887
2025-06-17 03:00:00,27.82,78.69,Tuesday,0,0,1,14.35,0.58,0.78,0.06,0,2.156
2025-06-17 04:00:00,27.85,78.94,Tuesday,0,0,2,12.95,0.84,0.82,0.14,0,1.492
2025-06-17 05:00:00,29.36,77.69,Tuesday,0,0,0,0.0,0.0,0.0,0.0,0,0.191
2025-06-17 06:00:00,28.38,74.19,Tuesday,0,0,0,0.0,0.0,0.0,0.0,0,0.341
2025-06-17 07:00:00,27.18,77.63,Tuesday,0,0,2,8.47,1.0,0.77,0.04,0,2.865
2025-06-17 08:00:00,27.26,70.54,Tuesday,0,0,1,6.45,0.62,0.81,0.14,0,1.136
2025-06-17 09:00:00,29.48,80.31,Tuesday,0,0,2,4.7,0.67,0.63,0.19,0,1.44
2025-06-17 10:00:00,27.59,61.75,Tuesday,0,0,0,0.0,0.0,0.0,0.0,0,0.081
2025-06-17 11:00:00,28.84,74.1,Tuesday,0,0,0,0.0,0.0,0.0,0.0,0,0.281
2025-06-17 12:00:00,33.53,76.03,Tuesday,0,0,0,0.0,0.0,0.0,0.0,0,0.085
2025-06-17 13:00:00,27.78,68.67,Tuesday,0,0,0,0.0,0.0,0.0,0.0,0,0.14
2025-06-17 14:00:00,27.79,77.49,Tuesday,0,0,0,0.0,0.0,0.0,0.0,0,0.309
2025-06-17 15:00:00,33.31,67.12,Tuesday,0,0,0,0.0,0.0,0.0,0.0,0,0.248
2025-06-17 16:00:00,31.4,70.39,Tuesday,0,0,0,0.0,0.0,0.0,0.0,0,0.261
2025-06-17 17:00:00,32.67,75.82,Tuesday,0,0,2,9.92,0.73,0.74,0.12,0,1.448
2025-06-17 18:00:00,32.32,72.41,Tuesday,0,0,2,11.79,0.56,0.78,0.49,0,1.324
2025-06-17 19:00:00,33.55,60.13,Tuesday,0,0,2,8.44,0.7,1.0,0.93,0,1.818
2025-06-17 20:00:00,37.0,62.32,Tuesday,0,0,2,15.14,0.47,1.0,0.36,0,1.801
2025-06-17 21:00:00,35.47,73.46,Tuesday,0,0,1,15.96,0.63,0.83,0.46,0,1.65
2025-06-17 22:00:00,35.27,71.0,Tuesday,0,0,0,0.0,0.0,0.0,0.0,0,0.236
2025-06-17 23:00:00,30.7,81.61,Tuesday,0,0,4,11.57,0.39,0.53,0.92,0,0.801
2025-06-18 00:00:00,30.55,81.42,Wednesday,0,0,1,14.8,0.51,0.74,0.01,0,0.572
2025-06-18 01:00:00,26.79,74.68,Wednesday,0,1,4,16.0,0.0,1.0,0.0,0,0.594
2025-06-18 02:00:00,29.67,86.32,Wednesday,0,0,1,14.76,0.34,0.93,0.17,0,0.885
2025-06-18 03:00:00,32.07,71.76,Wednesday,0,0,1,13.57,0.65,0.71,0.06,0,1.597
2025-06-18 04:00:00,30.55,68.19,Wednesday,0,0,3,13.36,0.89,0.78,0.07,0,2.301
2025-06-18 05:00:00,28.6,71.59,Wednesday,0,0,1,10.08,0.56,0.79,0.09,0,1.595
2025-06-18 06:00:00,28.49,63.58,Wednesday,0,1,2,11.92,0.64,1.0,0.01,0,0.944
2025-06-18 07:00:00,26.99,84.25,Wednesday,0,0,1,8.55,0.0,0.95,0.19,0,0.44
2025-06-18 08:00:00,28.49,82.83,Wednesday,0,0,2,5.05,0.86,0.73,0.02,0,1.67
2025-06-18 09:00:00,29.6,68.78,Wednesday,0,1,2,5.27,0.85,0.33,0.19,0,1.379
2025-06-18 10:00:00,25.62,76.31,Wednesday,0,0,0,0.0,0.0,0.0,0.0,0,0.079
2025-06-18 11:00:00,29.54,74.39,Wednesday,0,0,0,0.0,0.0,0.0,0.0,0,0.313
2025-06-18 12:00:00,31.3,67.53,Wednesday,0,0,0,0.0,0.0,0.0,0.0,0,0.171
2025-06-18 13:00:00,29.6,65.08,Wednesday,0,0,0,0.0,0.0,0.0,0.0,0,0.321
2025-06-18 14:00:00,32.39,70.3,Wednesday,0,0,0,0.0,0.0,0.0,0.0,0,0.228
2025-06-18 15:00:00,36.97,65.62,Wednesday,0,0,0,0.0,0.0,0.0,0.0,0,0.171
2025-06-18 16:00:00,32.44,69.37,Wednesday,0,0,0,0.0,0.0,0.0,0.0,0,0.286
2025-06-18 17:00:00,33.95,71.06,Wednesday,0,0,2,8.51,0.66,0.62,0.13,0,1.485
2025-06-18 18:00:00,32.39,78.49,Wednesday,0,0,2,10.63,0.35,0.92,0.44,0,1.005
2025-06-18 19:00:00,34.35,68.07,Wednesday,0,0,2,11.44,0.8,1.0,0.84,0,2.241
2025-06-18 20:00:00,34.95,69.9,Wednesday,0,0,3,11.88,0.92,0.71,0.86,0,2.492
2025-06-18 21:00:00,34.37,73.2,Wednesday,0,0,1,14.9,0.01,0.96,0.99,0,0.684
2025-06-18 22:00:00,31.89,74.57,Wednesday,0,0,4,14.45,0.28,1.0,0.63,0,0.9
2025-06-18 23:00:00,33.62,67.17,Wednesday,0,0,1,14.94,0.54,0.99,0.33,0,1.136
2025-06-19 00:00:00,35.26,69.25,Thursday,0,0,2,11.27,0.46,0.94,0.01,0,1.677
2025-06-19 01:00:00,32.71,73.8,Thursday,0,0,0,0.0,0.0,0.0,0.0,0,0.234
2025-06-19 02:00:00,32.86,65.29,Thursday,0,0,2,14.07,0.75,1.0,0.15,0,1.836
2025-06-19 03:00:00,29.92,79.89,Thursday,0,0,2,14.67,0.96,0.42,0.01,0,0.664
2025-06-19 04:00:00,30.97,79.78,Thursday,0,0,1,14.97,0.6,0.43,0.02,0,1.106
2025-06-19 05:00:00,29.51,70.33,Thursday,0,0,4,12.53,0.23,1.0,0.12,0,0.753
2025-06-19 06:00:00,26.81,77.34,Thursday,0,0,2,10.08,0.0,0.84,0.09,0,0.43
2025-06-19 07:00:00,28.8,77.79,Thursday,0,0,2,8.28,0.37,0.44,0.07,0,0.393
2025-06-19 08:00:00,26.34,74.07,Thursday,0,0,2,11.29,0.0,0.39,0.07,0,0.366
2025-06-19 09:00:00,27.09,78.53,Thursday,0,0,0,0.0,0.0,0.0,0.0,0,0.438
2025-06-19 10:00:00,28.87,75.34,Thursday,0,0,2,5.98,0.95,1.0,0.02,0,1.859
2025-06-19 11:00:00,29.54,66.58,Thursday,0,0,0,0.0,0.0,0.0,0.0,0,0.172
2025-06-19 12:00:00,27.48,78.06,Thursday,0,0,0,0.0,0.0,0.0,0.0,0,0.27
2025-06-19 13:00:00,32.24,65.98,Thursday,0,0,0,0.0,0.0,0.0,0.0,0,0.181
2025-06-19 14:00:00,32.15,76.26,Thursday,0,0,1,7.95,0.78,0.81,0.19,0,1.746
2025-06-19 15:00:00,30.63,69.58,Thursday,0,0,0,0.0,0.0,0.0,0.0,0,0.136
2025-06-19 16:00:00,29.86,72.82,Thursday,0,0,1,7.21,0.32,1.0,0.05,0,0.739
2025-06-19 17:00:00,32.98,77.68,Thursday,0,0,2,8.55,0.42,0.9,0.2,0,1.389
2025-06-19 18:00:00,32.92,73.35,Thursday,0,0,2,12.15,0.75,0.9,0.39,0,2.172
2025-06-19 19:00:00,34.23,64.3,Thursday,0,0,0,0.0,0.0,0.0,0.0,0,0.308
2025-06-19 20:00:00,33.47,65.3,Thursday,0,0,2,12.89,0.58,0.53,0.71,0,0.75
2025-06-19 21:00:00,30.41,70.14,Thursday,0,0,2,14.3,0.92,0.5,0.7,0,1.452
2025-06-19 22:00:00,33.02,72.75,Thursday,0,0,4,12.25,0.53,0.78,0.41,0,1.887
2025-06-19 23:00:00,32.7,72.87,Thursday,0,0,2,12.61,0.26,0.75,0.59,0,0.672
2025-06-20 00:00:00,33.76,65.9,Friday,0,0,1,13.93,0.58,0.87,0.13,0,1.876
2025-06-20 01:00:00,30.64,67.08,Friday,0,0,1,15.2,0.82,0.64,0.04,0,1.499
2025-06-20 02:00:00,34.15,71.18,Friday,0,0,1,14.5,0.33,1.0,0.06,0,1.295
2025-06-20 03:00:00,26.91,75.37,Friday,0,0,1,13.36,0.0,0.42,0.11,0,0.39
2025-06-20 04:00:00,31.98,82.5,Friday,0,0,3,13.48,0.84,0.85,0.04,0,1.111
2025-06-20 05:00:00,28.6,74.94,Friday,0,0,0,0.0,0.0,0.0,0.0,0,0.229
2025-06-20 06:00:00,30.07,82.51,Friday,0,0,1,9.74,0.79,0.69,0.08,0,2.211
2025-06-20 07:00:00,28.37,69.12,Friday,0,0,2,8.54,0.68,0.52,0.03,0,1.142
2025-06-20 08:00:00,30.18,65.48,Friday,0,0,2,6.26,0.73,0.66,0.01,0,0.898
2025-06-20 09:00:00,27.53,70.12,Friday,0,0,0,0.0,0.0,0.0,0.0,0,0.392
2025-06-20 10:00:00,26.55,82.55,Friday,0,0,0,0.0,0.0,0.0,0.0,0,0.252
2025-06-20 11:00:00,31.56,80.88,Friday,0,0,4,7.03,0.97,0.99,0.02,0,1.819
2025-06-20 12:00:00,29.42,70.11,Friday,0,0,0,0.0,0.0,0.0,0.0,0,0.289
2025-06-20 13:00:00,30.75,70.53,Friday,0,0,0,0.0,0.0,0.0,0.0,0,0.302
2025-06-20 14:00:00,33.35,64.64,Friday,0,0,0,0.0,0.0,0.0,0.0,0,0.268
2025-06-20 15:00:00,30.04,64.4,Friday,0,0,0,0.0,0.0,0.0,0.0,0,0.212
2025-06-20 16:00:00,33.7,73.77,Friday,0,0,3,6.83,0.93,0.74,0.07,0,0.382
2025-06-20 17:00:00,32.18,72.65,Friday,0,0,3,9.29,0.28,0.48,0.02,0,0.851
2025-06-20 18:00:00,33.48,70.42,Friday,0,0,1,10.11,0.79,0.36,0.91,1,2.207
2025-06-20 19:00:00,34.15,62.76,Friday,0,0,4,10.95,1.0,0.45,0.96,0,2.028
2025-06-20 20:00:00,31.42,80.42,Friday,0,0,4,12.68,0.51,0.46,0.82,0,1.565
2025-06-20 21:00:00,32.62,68.63,Friday,0,0,1,12.11,1.0,0.82,0.64,0,2.509
2025-06-20 22:00:00,36.15,70.63,Friday,0,0,2,13.33,0.94,0.4,0.57,0,2.163
2025-06-20 23:00:00,34.84,61.87,Friday,0,0,2,16.0,0.56,0.7,0.49,0,2.042
2025-06-21 00:00:00,32.51,70.29,Saturday,1,1,2,16.0,0.85,0.76,0.16,0,3.176
2025-06-21 01:00:00,32.34,72.85,Saturday,1,0,3,15.61,0.44,0.67,0.17,0,1.297
2025-06-21 02:00:00,30.59,74.6,Saturday,1,0,0,0.0,0.0,0.0,0.0,0,0.243
2025-06-21 03:00:00,32.79,71.76,Saturday,1,0,1,13.91,0.53,1.0,0.16,0,0.791
2025-06-21 04:00:00,29.26,76.64,Saturday,1,0,0,0.0,0.0,0.0,0.0,0,0.279
2025-06-21 05:00:00,29.42,68.37,Saturday,1,0,1,12.11,0.54,0.93,0.01,0,0.56
2025-06-21 06:00:00,30.59,73.96,Saturday,1,0,1,11.55,0.66,0.66,0.03,0,1.837
2025-06-21 07:00:00,26.83,76.92,Saturday,1,0,2,11.01,0.0,0.95,0.03,0,0.493
2025-06-21 08:00:00,30.93,73.82,Saturday,1,0,3,6.17,0.87,0.83,0.18,0,1.363
2025-06-21 09:00:00,25.47,77.94,Saturday,1,0,2,10.71,0.0,0.8,0.19,0,0.628
2025-06-21 10:00:00,31.46,65.82,Saturday,1,0,2,5.88,0.47,0.65,0.08,1,1.162
2025-06-21 11:00:00,28.33,68.41,Saturday,1,0,1,5.38,0.07,0.81,0.13,0,0.37
2025-06-21 12:00:00,29.19,63.16,Saturday,1,1,2,4.38,0.56,1.0,0.06,0,1.491
2025-06-21 13:00:00,26.95,80.34,Saturday,1,0,3,4.56,0.0,0.9,0.09,0,0.36
2025-06-21 14:00:00,30.31,77.36,Saturday,1,0,2,6.59,0.65,1.0,0.12,0,1.432
2025-06-21 15:00:00,30.03,77.69,Saturday,1,0,2,7.42,0.67,0.28,0.17,0,1.199
2025-06-21 16:00:00,31.53,73.66,Saturday,1,0,1,8.35,0.74,0.77,0.09,1,2.938
2025-06-21 17:00:00,33.0,60.14,Saturday,1,0,2,8.02,0.52,0.96,0.14,0,1.336
2025-06-21 18:00:00,35.45,63.47,Saturday,1,0,3,5.95,0.34,0.85,0.85,0,1.675
2025-06-21 19:00:00,34.4,70.4,Saturday,1,0,2,8.6,0.83,0.88,0.86,0,2.41
2025-06-21 20:00:00,34.68,69.97,Saturday,1,0,1,12.52,0.43,0.65,0.84,0,0.976
2025-06-21 21:00:00,32.05,70.54,Saturday,1,0,3,14.04,0.35,1.0,0.4,0,0.722
2025-06-21 22:00:00,32.14,73.42,Saturday,1,0,1,13.7,0.78,0.35,0.99,0,0.571
2025-06-21 23:00:00,36.48,67.72,Saturday,1,0,2,13.79,0.37,0.71,0.84,0,1.226
2025-06-22 00:00:00,31.3,72.93,Sunday,1,0,2,15.45,0.45,0.78,0.13,0,0.118
2025-06-22 01:00:00,34.88,65.91,Sunday,1,0,4,14.67,1.0,0.61,0.13,0,1.583
2025-06-22 02:00:00,30.69,77.79,Sunday,1,0,3,13.62,1.0,0.76,0.18,0,0.453
2025-06-22 03:00:00,30.35,71.03,Sunday,1,0,2,11.11,0.95,0.26,0.11,0,1.458
2025-06-22 04:00:00,31.55,65.45,Sunday,1,0,3,11.23,0.84,0.43,0.02,0,2.039
2025-06-22 05:00:00,31.29,68.48,Sunday,1,0,2,12.69,0.94,1.0,0.19,0,1.341
2025-06-22 06:00:00,28.33,73.26,Sunday,1,0,1,8.56,1.0,0.81,0.07,0,1.378
2025-06-22 07:00:00,27.53,80.7,Sunday,1,0,3,9.7,0.92,0.66,0.01,0,1.368
2025-06-22 08:00:00,28.02,75.07,Sunday,1,0,0,0.0,0.0,0.0,0.0,0,0.251
2025-06-22 09:00:00,28.83,73.62,Sunday,1,0,2,5.28,0.87,1.0,0.07,0,0.733
2025-06-22 10:00:00,30.13,67.14,Sunday,1,1,3,5.0,0.53,1.0,0.18,0,1.247
2025-06-22 11:00:00,29.01,78.32,Sunday,1,0,1,6.65,0.69,0.28,0.1,0,1.301
2025-06-22 12:00:00,30.74,69.58,Sunday,1,0,2,6.85,0.7,1.0,0.01,0,0.899
2025-06-22 13:00:00,33.3,70.03,Sunday,1,0,2,4.2,0.62,0.46,0.05,0,0.902
2025-06-22 14:00:00,31.81,79.27,Sunday,1,0,1,3.24,0.57,0.83,0.04,1,2.563
2025-06-22 15:00:00,32.46,73.83,Sunday,1,0,1,8.35,0.97,0.9,0.15,0,2.28
2025-06-22 16:00:00,29.89,65.46,Sunday,1,0,2,8.38,0.41,1.0,0.01,0,1.139
2025-06-22 17:00:00,28.51,65.99,Sunday,1,0,1,9.31,0.69,0.87,0.07,0,0.891
2025-06-22 18:00:00,34.42,69.2,Sunday,1,0,2,11.37,0.33,0.82,0.79,0,0.917
2025-06-22 19:00:00,33.85,63.97,Sunday,1,0,2,9.52,0.15,0.54,0.31,0,0.447
2025-06-22 20:00:00,33.2,73.87,Sunday,1,0,2,13.09,0.95,0.33,0.43,0,0.811
2025-06-22 21:00:00,34.46,69.7,Sunday,1,0,3,13.11,0.97,0.53,0.57,0,1.772
2025-06-22 22:00:00,33.61,71.07,Sunday,1,0,1,15.23,0.53,1.0,0.46,0,1.003
2025-06-22 23:00:00,35.28,65.22,Sunday,1,0,3,16.0,0.66,0.76,0.67,0,1.029
2025-06-23 00:00:00,32.78,79.71,Monday,0,0,3,16.0,0.58,1.0,0.19,0,0.929
2025-06-23 01:00:00,30.56,87.21,Monday,0,0,2,15.73,0.58,0.57,0.01,0,1.447
2025-06-23 02:00:00,32.91,69.49,Monday,0,0,4,14.71,0.53,0.95,0.07,0,1.149
2025-06-23 03:00:00,29.96,75.3,Monday,0,0,3,13.96,0.77,0.79,0.06,0,0.757
2025-06-23 04:00:00,30.57,73.47,Monday,0,0,4,13.05,0.55,1.0,0.03,0,2.203
2025-06-23 05:00:00,28.14,73.87,Monday,0,0,2,10.36,0.75,0.69,0.05,0,0.668
2025-06-23 06:00:00,27.36,71.72,Monday,0,0,2,9.44,1.0,0.72,0.01,0,1.778
2025-06-23 07:00:00,28.38,69.54,Monday,0,0,2,9.31,0.75,1.0,0.13,0,0.952
2025-06-23 08:00:00,28.15,69.49,Monday,0,0,1,8.48,0.68,0.23,0.12,0,1.416
2025-06-23 09:00:00,29.09,76.35,Monday,0,0,0,0.0,0.0,0.0,0.0,0,0.248
2025-06-23 10:00:00,28.04,72.66,Monday,0,0,0,0.0,0.0,0.0,0.0,0,0.297
2025-06-23 11:00:00,25.7,64.48,Monday,0,0,0,0.0,0.0,0.0,0.0,0,0.217
2025-06-23 12:00:00,28.84,76.76,Monday,0,0,0,0.0,0.0,0.0,0.0,0,0.189
2025-06-23 13:00:00,31.78,71.71,Monday,0,0,0,0.0,0.0,0.0,0.0,0,0.237
2025-06-23 14:00:00,30.59,79.7,Monday,0,0,1,5.0,0.17,0.87,0.06,0,0.593
2025-06-23 15:00:00,31.46,74.05,Monday,0,0,3,6.04,0.62,0.68,0.15,0,1.183
2025-06-23 16:00:00,34.4,62.15,Monday,0,0,0,0.0,0.0,0.0,0.0,0,0.217
2025-06-23 17:00:00,31.96,60.58,Monday,0,0,2,5.99,0.98,0.77,0.14,0,1.392
2025-06-23 18:00:00,30.94,69.05,Monday,0,0,0,0.0,0.0,0.0,0.0,0,0.29
2025-06-23 19:00:00,33.73,67.02,Monday,0,1,3,11.48,0.88,0.5,0.4,0,2.941
2025-06-23 20:00:00,33.25,75.29,Monday,0,0,3,13.43,0.88,0.37,0.33,0,2.677
2025-06-23 21:00:00,32.28,71.4,Monday,0,0,2,14.76,0.86,0.29,0.73,0,1.9
2025-06-23 22:00:00,33.41,76.1,Monday,0,0,3,14.92,0.37,0.37,0.8,0,1.279
2025-06-23 23:00:00,34.13,63.16,Monday,0,0,2,15.0,0.78,0.75,0.63,0,2.156
2025-06-24 00:00:00,32.61,75.98,Tuesday,0,0,1,16.0,0.3,0.4,0.03,0,0.774
2025-06-24 01:00:00,32.45,74.9,Tuesday,0,0,2,16.0,1.0,0.66,0.04,0,2.793
2025-06-24 02:00:00,34.39,59.46,Tuesday,0,0,0,0.0,0.0,0.0,0.0,0,0.276
2025-06-24 03:00:00,29.73,80.36,Tuesday,0,0,2,14.69,0.49,0.22,0.11,0,0.487
2025-06-24 04:00:00,30.12,73.85,Tuesday,0,0,3,11.56,0.74,1.0,0.11,0,1.816
2025-06-24 05:00:00,28.09,77.18,Tuesday,0,0,1,11.62,0.4,1.0,0.17,0,0.721
2025-06-24 06:00:00,27.0,71.87,Tuesday,0,0,3,11.6,0.26,1.0,0.0,0,0.762
2025-06-24 07:00:00,27.17,82.42,Tuesday,0,0,1,8.3,0.87,1.0,0.05,0,1.699
2025-06-24 08:00:00,27.26,70.03,Tuesday,0,0,2,6.07,0.4,1.0,0.18,0,0.916
2025-06-24 09:00:00,28.87,78.67,Tuesday,0,0,0,0.0,0.0,0.0,0.0,0,0.178
2025-06-24 10:00:00,32.75,75.12,Tuesday,0,0,3,4.24,0.7,0.95,0.04,0,2.142
2025-06-24 11:00:00,27.71,70.69,Tuesday,0,0,0,0.0,0.0,0.0,0.0,0,0.127
2025-06-24 12:00:00,28.87,84.43,Tuesday,0,1,3,6.81,0.39,0.92,0.16,0,0.379
2025-06-24 13:00:00,30.23,74.45,Tuesday,0,0,1,5.97,0.67,0.78,0.12,0,1.196
2025-06-24 14:00:00,31.84,75.12,Tuesday,0,0,0,0.0,0.0,0.0,0.0,0,0.191
2025-06-24 15:00:00,32.37,63.73,Tuesday,0,0,0,0.0,0.0,0.0,0.0,0,0.469
2025-06-24 16:00:00,34.94,79.65,Tuesday,0,0,2,6.13,1.0,1.0,0.1,0,2.553
2025-06-24 17:00:00,28.88,68.39,Tuesday,0,1,3,7.63,0.16,0.79,0.19,0,0.716
2025-06-24 18:00:00,29.43,79.14,Tuesday,0,0,1,11.73,0.45,1.0,0.3,0,1.11
2025-06-24 19:00:00,33.13,65.71,Tuesday,0,0,2,11.13,0.71,0.61,0.33,0,0.525
2025-06-24 20:00:00,36.1,64.92,Tuesday,0,0,2,15.7,0.9,0.53,0.86,0,1.139
2025-06-24 21:00:00,31.2,76.36,Tuesday,0,0,2,13.48,0.74,0.73,0.44,0,1.388
2025-06-24 22:00:00,28.31,80.16,Tuesday,0,0,2,13.47,0.93,0.95,0.66,0,1.809
2025-06-24 23:00:00,34.27,63.3,Tuesday,0,0,2,16.0,0.28,1.0,0.56,0,0.953
2025-06-25 00:00:00,33.06,76.2,Wednesday,0,0,0,0.0,0.0,0.0,0.0,0,0.264
2025-06-25 01:00:00,29.94,78.78,Wednesday,0,0,2,15.11,1.0,0.91,0.04,0,2.302
2025-06-25 02:00:00,29.35,69.4,Wednesday,0,0,2,12.51,0.43,0.71,0.19,0,0.806
2025-06-25 03:00:00,28.6,82.75,Wednesday,0,0,1,10.26,0.0,1.0,0.13,0,0.477
2025-06-25 04:00:00,29.82,66.38,Wednesday,0,0,0,0.0,0.0,0.0,0.0,0,0.179
2025-06-25 05:00:00,27.88,72.29,Wednesday,0,0,2,12.55,0.76,0.55,0.0,0,1.865
2025-06-25 06:00:00,29.42,76.42,Wednesday,0,0,2,10.32,0.63,0.85,0.1,0,0.415
2025-06-25 07:00:00,23.09,75.45,Wednesday,0,0,3,8.85,0.0,0.5,0.08,0,0.478
2025-06-25 08:00:00,26.58,77.9,Wednesday,0,0,3,3.6,0.0,0.95,0.16,0,0.546
2025-06-25 09:00:00,26.2,78.13,Wednesday,0,0,0,0.0,0.0,0.0,0.0,0,0.097
2025-06-25 10:00:00,28.06,74.31,Wednesday,0,0,0,0.0,0.0,0.0,0.0,0,0.125
2025-06-25 11:00:00,28.03,79.43,Wednesday,0,0,0,0.0,0.0,0.0,0.0,0,0.313
2025-06-25 12:00:00,31.06,71.4,Wednesday,0,0,0,0.0,0.0,0.0,0.0,0,0.174
2025-06-25 13:00:00,27.0,77.36,Wednesday,0,0,3,6.41,0.05,0.8,0.08,0,0.361
2025-06-25 14:00:00,31.21,78.15,Wednesday,0,0,0,0.0,0.0,0.0,0.0,0,0.162
2025-06-25 15:00:00,32.91,74.84,Wednesday,0,0,0,0.0,0.0,0.0,0.0,0,0.237
2025-06-25 16:00:00,35.97,72.06,Wednesday,0,0,2,8.29,0.37,0.56,0.14,0,1.102
2025-06-25 17:00:00,32.38,65.61,Wednesday,0,0,0,0.0,0.0,0.0,0.0,0,0.287
2025-06-25 18:00:00,34.31,72.25,Wednesday,0,0,0,0.0,0.0,0.0,0.0,0,0.22
2025-06-25 19:00:00,30.77,68.41,Wednesday,0,0,1,9.26,0.65,1.0,0.52,0,0.712
2025-06-25 20:00:00,29.82,67.26,Wednesday,0,0,0,0.0,0.0,0.0,0.0,0,0.283
2025-06-25 21:00:00,35.54,68.15,Wednesday,0,0,1,13.18,0.6,1.0,0.66,0,0.436
2025-06-25 22:00:00,33.71,65.64,Wednesday,0,0,1,14.1,0.46,0.89,0.62,0,1.036
2025-06-25 23:00:00,35.37,72.62,Wednesday,0,0,3,10.23,0.65,0.88,0.45,0,1.984
2025-06-26 00:00:00,30.15,77.44,Thursday,0,0,2,14.11,0.13,0.96,0.16,0,0.437
2025-06-26 01:00:00,32.84,61.43,Thursday,0,0,1,14.51,0.35,0.69,0.12,0,0.903
2025-06-26 02:00:00,34.49,65.32,Thursday,0,0,2,16.0,0.48,0.44,0.15,0,1.215
2025-06-26 03:00:00,31.1,65.21,Thursday,0,0,4,13.48,0.31,0.75,0.16,0,1.168
2025-06-26 04:00:00,30.12,71.08,Thursday,0,0,2,11.52,0.6,0.93,0.18,0,0.737
2025-06-26 05:00:00,29.02,76.66,Thursday,0,0,4,12.54,0.32,0.54,0.03,0,0.91
2025-06-26 06:00:00,25.7,76.16,Thursday,0,0,2,9.24,0.0,0.4,0.18,0,0.373
2025-06-26 07:00:00,30.67,69.95,Thursday,0,0,0,0.0,0.0,0.0,0.0,0,0.267
2025-06-26 08:00:00,27.02,82.68,Thursday,0,0,1,7.89,1.0,1.0,0.18,0,0.781
2025-06-26 09:00:00,29.13,62.75,Thursday,0,0,2,5.12,0.15,0.87,0.19,0,0.704
2025-06-26 10:00:00,25.71,83.54,Thursday,0,0,0,0.0,0.0,0.0,0.0,0,0.179
2025-06-26 11:00:00,26.88,73.59,Thursday,0,0,0,0.0,0.0,0.0,0.0,0,0.278
2025-06-26 12:00:00,32.21,71.12,Thursday,0,0,0,0.0,0.0,0.0,0.0,0,0.258
2025-06-26 13:00:00,29.72,71.11,Thursday,0,0,0,0.0,0.0,0.0,0.0,0,0.254
2025-06-26 14:00:00,33.74,77.85,Thursday,0,0,0,0.0,0.0,0.0,0.0,0,0.271
2025-06-26 15:00:00,31.76,65.76,Thursday,0,0,0,0.0,0.0,0.0,0.0,0,0.39
2025-06-26 16:00:00,29.31,74.18,Thursday,0,0,0,0.0,0.0,0.0,0.0,0,0.314
2025-06-26 17:00:00,34.85,71.77,Thursday,0,0,0,0.0,0.0,0.0,0.0,0,0.22
2025-06-26 18:00:00,32.66,63.05,Thursday,0,0,2,12.32,0.82,0.4,0.42,0,2.556
2025-06-26 19:00:00,35.28,64.15,Thursday,0,0,2,12.29,0.61,0.61,0.87,0,1.338
2025-06-26 20:00:00,34.17,69.01,Thursday,0,0,3,11.82,0.9,0.64,0.33,0,2.179
2025-06-26 21:00:00,31.24,67.95,Thursday,0,0,0,0.0,0.0,0.0,0.0,0,0.337
2025-06-26 22:00:00,34.02,65.81,Thursday,0,0,0,0.0,0.0,0.0,0.0,0,0.271
2025-06-26 23:00:00,37.2,65.27,Thursday,0,0,2,15.62,0.5,0.5,0.44,0,1.083
2025-06-27 00:00:00,33.51,73.59,Friday,0,0,2,16.0,1.0,0.88,0.19,0,1.876
2025-06-27 01:00:00,31.8,70.17,Friday,0,0,2,16.0,0.59,0.6,0.17,0,1.769
2025-06-27 02:00:00,33.06,76.14,Friday,0,0,1,12.98,0.49,0.89,0.01,0,1.292
2025-06-27 03:00:00,30.73,67.86,Friday,0,0,4,11.67,0.61,0.54,0.17,0,1.83
2025-06-27 04:00:00,30.0,67.24,Friday,0,0,2,12.84,0.92,0.63,0.15,0,1.526
2025-06-27 05:00:00,27.04,85.8,Friday,0,0,0,0.0,0.0,0.0,0.0,0,0.188
2025-06-27 06:00:00,28.95,71.16,Friday,0,0,0,0.0,0.0,0.0,0.0,0,0.181
2025-06-27 07:00:00,30.09,66.86,Friday,0,0,1,9.16,0.8,0.71,0.1,0,1.266
2025-06-27 08:00:00,26.62,67.83,Friday,0,0,0,0.0,0.0,0.0,0.0,0,0.215
2025-06-27 09:00:00,30.79,78.16,Friday,0,0,2,8.06,0.61,0.42,0.11,0,1.144
2025-06-27 10:00:00,28.36,73.27,Friday,0,0,0,0.0,0.0,0.0,0.0,0,0.164
2025-06-27 11:00:00,27.4,74.57,Friday,0,0,0,0.0,0.0,0.0,0.0,0,0.223
2025-06-27 12:00:00,31.42,71.43,Friday,0,0,3,6.3,0.55,0.65,0.14,0,1.039
2025-06-27 13:00:00,29.83,78.72,Friday,0,0,0,0.0,0.0,0.0,0.0,0,0.292
2025-06-27 14:00:00,32.49,70.36,Friday,0,0,3,6.38,0.64,0.45,0.13,0,1.139
2025-06-27 15:00:00,31.38,83.98,Friday,0,0,2,8.01,0.29,0.96,0.17,0,0.66
2025-06-27 16:00:00,32.52,71.9,Friday,0,0,0,0.0,0.0,0.0,0.0,0,0.21
2025-06-27 17:00:00,34.13,75.09,Friday,0,0,2,10.88,0.59,1.0,0.1,0,1.869
2025-06-27 18:00:00,34.25,73.71,Friday,0,0,2,7.43,1.0,0.92,0.35,1,2.377
2025-06-27 19:00:00,30.43,72.93,Friday,0,0,1,11.2,0.61,0.86,0.8,0,1.267
2025-06-27 20:00:00,32.11,68.67,Friday,0,0,3,12.35,0.72,0.81,0.78,0,0.683
2025-06-27 21:00:00,35.69,70.03,Friday,0,0,3,13.21,1.0,0.84,0.51,0,1.074
2025-06-27 22:00:00,33.48,72.91,Friday,0,0,3,15.08,0.26,0.6,0.38,0,0.908
2025-06-27 23:00:00,32.3,68.56,Friday,0,0,1,15.15,0.27,0.74,0.9,0,1.373
2025-06-28 00:00:00,30.18,74.17,Saturday,1,0,1,16.0,0.46,0.79,0.04,0,1.716
2025-06-28 01:00:00,29.96,79.72,Saturday,1,0,1,13.05,0.57,0.91,0.2,0,1.604
2025-06-28 02:00:00,27.48,86.11,Saturday,1,0,0,0.0,0.0,0.0,0.0,0,0.161
2025-06-28 03:00:00,30.17,77.62,Saturday,1,0,3,12.95,0.52,0.8,0.03,0,1.306
2025-06-28 04:00:00,28.55,84.12,Saturday,1,0,3,12.93,0.34,1.0,0.07,0,0.571
2025-06-28 05:00:00,27.26,72.82,Saturday,1,0,0,0.0,0.0,0.0,0.0,0,0.223
2025-06-28 06:00:00,28.4,78.45,Saturday,1,0,2,10.12,0.54,0.72,0.02,0,0.67
2025-06-28 07:00:00,28.88,81.2,Saturday,1,0,2,7.9,0.95,0.28,0.13,0,1.548
2025-06-28 08:00:00,31.89,67.32,Saturday,1,0,3,7.81,0.4,0.77,0.02,0,1.447
2025-06-28 09:00:00,25.5,75.12,Saturday,1,0,3,7.33,0.0,0.38,0.08,0,0.731
2025-06-28 10:00:00,30.61,81.64,Saturday,1,0,2,2.07,0.23,0.61,0.13,0,0.758
2025-06-28 11:00:00,30.75,67.95,Saturday,1,0,0,0.0,0.0,0.0,0.0,0,0.345
2025-06-28 12:00:00,28.22,68.39,Saturday,1,0,0,0.0,0.0,0.0,0.0,0,0.109
2025-06-28 13:00:00,30.71,80.5,Saturday,1,0,0,0.0,0.0,0.0,0.0,0,0.17
2025-06-28 14:00:00,30.3,79.21,Saturday,1,0,0,0.0,0.0,0.0,0.0,0,0.418
2025-06-28 15:00:00,32.23,73.65,Saturday,1,0,2,8.71,0.11,0.74,0.18,0,0.835
2025-06-28 16:00:00,35.34,68.47,Saturday,1,0,2,8.34,0.45,0.79,0.02,0,1.499
2025-06-28 17:00:00,34.34,67.41,Saturday,1,0,3,8.83,1.0,0.28,0.02,0,2.163
2025-06-28 18:00:00,34.64,70.74,Saturday,1,0,2,10.55,0.4,0.71,0.95,1,2.669
2025-06-28 19:00:00,33.25,78.48,Saturday,1,0,0,0.0,0.0,0.0,0.0,0,0.24
2025-06-28 20:00:00,31.45,73.39,Saturday,1,0,4,15.13,0.65,0.65,0.56,0,1.37
2025-06-28 21:00:00,33.65,81.05,Saturday,1,0,4,13.99,0.54,1.0,0.69,0,2.907
2025-06-28 22:00:00,35.89,63.71,Saturday,1,0,2,13.4,1.0,0.98,0.8,0,1.626
2025-06-28 23:00:00,30.5,72.95,Saturday,1,0,2,16.0,0.57,0.39,0.57,0,1.469
2025-06-29 00:00:00,30.72,70.98,Sunday,1,0,2,13.72,0.69,0.61,0.09,0,1.193
2025-06-29 01:00:00,32.13,66.16,Sunday,1,0,2,15.42,0.67,0.71,0.07,0,2.079
2025-06-29 02:00:00,29.35,73.32,Sunday,1,0,4,15.35,1.0,0.88,0.08,0,1.633
2025-06-29 03:00:00,28.92,76.56,Sunday,1,0,1,13.37,0.28,0.96,0.07,0,0.781
2025-06-29 04:00:00,28.86,77.15,Sunday,1,1,3,11.14,1.0,1.0,0.1,0,1.677
2025-06-29 05:00:00,26.54,87.46,Sunday,1,0,4,10.61,0.0,0.51,0.08,0,0.596
2025-06-29 06:00:00,26.77,78.73,Sunday,1,0,1,9.53,0.0,0.8,0.06,0,0.297
2025-06-29 07:00:00,29.49,79.71,Sunday,1,0,3,7.13,0.8,0.31,0.06,0,0.706
2025-06-29 08:00:00,25.77,77.64,Sunday,1,0,1,6.92,0.0,0.85,0.04,1,0.89
2025-06-29 09:00:00,25.35,86.08,Sunday,1,0,4,4.29,0.0,0.87,0.04,0,0.434
2025-06-29 10:00:00,27.39,87.84,Sunday,1,0,0,0.0,0.0,0.0,0.0,0,0.161
2025-06-29 11:00:00,30.32,75.87,Sunday,1,0,4,5.67,0.42,0.91,0.19,0,0.895
2025-06-29 12:00:00,29.27,69.19,Sunday,1,0,0,0.0,0.0,0.0,0.0,0,0.207
2025-06-29 13:00:00,29.51,71.2,Sunday,1,0,0,0.0,0.0,0.0,0.0,0,0.279
2025-06-29 14:00:00,31.2,73.83,Sunday,1,0,2,5.29,0.69,0.51,0.18,0,1.617
2025-06-29 15:00:00,28.76,76.9,Sunday,1,0,2,5.22,0.43,0.84,0.0,0,1.317
2025-06-29 16:00:00,33.51,73.83,Sunday,1,0,3,8.26,0.94,1.0,0.12,0,1.852
2025-06-29 17:00:00,33.94,72.26,Sunday,1,0,1,6.67,0.64,0.54,0.17,0,0.571
2025-06-29 18:00:00,32.99,70.85,Sunday,1,0,0,0.0,0.0,0.0,0.0,0,0.327
2025-06-29 19:00:00,35.83,65.07,Sunday,1,0,0,0.0,0.0,0.0,0.0,0,0.237
2025-06-29 20:00:00,32.09,73.62,Sunday,1,0,3,15.14,0.61,1.0,0.86,0,1.502
2025-06-29 21:00:00,36.05,77.33,Sunday,1,0,2,14.33,0.36,0.64,0.53,0,1.349
2025-06-29 22:00:00,34.0,75.0,Sunday,1,0,2,14.33,0.74,0.99,0.43,0,1.547
2025-06-29 23:00:00,32.64,73.8,Sunday,1,0,2,13.17,0.84,0.71,0.79,0,2.41
2025-06-30 00:00:00,32.59,76.32,Monday,0,0,1,12.95,0.55,0.61,0.03,0,1.123
2025-06-30 01:00:00,31.71,70.11,Monday,0,0,2,15.57,0.71,0.42,0.2,0,2.11
2025-06-30 02:00:00,33.32,67.97,Monday,0,0,2,16.0,0.96,0.67,0.18,0,1.255
2025-06-30 03:00:00,28.41,71.19,Monday,0,0,2,14.15,0.61,0.96,0.11,0,0.371
2025-06-30 04:00:00,28.25,74.45,Monday,0,0,3,12.76,0.62,0.53,0.11,0,0.84
2025-06-30 05:00:00,30.87,70.61,Monday,0,0,0,0.0,0.0,0.0,0.0,0,0.418
2025-06-30 06:00:00,27.45,81.83,Monday,0,0,2,10.15,0.54,0.54,0.04,0,1.031
2025-06-30 07:00:00,29.85,71.26,Monday,0,0,4,9.01,0.56,0.65,0.05,0,1.15
2025-06-30 08:00:00,31.18,68.42,Monday,0,0,3,6.47,0.46,0.37,0.15,0,1.146
2025-06-30 09:00:00,27.5,85.46,Monday,0,0,1,5.0,0.76,1.0,0.13,0,1.194
2025-06-30 10:00:00,29.75,71.47,Monday,0,0,0,0.0,0.0,0.0,0.0,0,0.197
2025-06-30 11:00:00,26.93,77.03,Monday,0,0,0,0.0,0.0,0.0,0.0,0,0.284
2025-06-30 12:00:00,30.98,74.87,Monday,0,0,0,0.0,0.0,0.0,0.0,0,0.308
2025-06-30 13:00:00,30.71,67.18,Monday,0,0,0,0.0,0.0,0.0,0.0,0,0.25
2025-06-30 14:00:00,31.98,77.9,Monday,0,0,0,0.0,0.0,0.0,0.0,0,0.246
2025-06-30 15:00:00,30.74,76.02,Monday,0,0,2,7.56,0.82,1.0,0.08,0,1.739
2025-06-30 16:00:00,29.63,81.62,Monday,0,0,0,0.0,0.0,0.0,0.0,0,0.288
2025-06-30 17:00:00,34.15,66.37,Monday,0,0,3,11.39,0.67,0.46,0.08,0,0.939
2025-06-30 18:00:00,30.01,73.99,Monday,0,0,2,9.68,0.67,0.75,0.75,0,1.925
2025-06-30 19:00:00,33.45,70.59,Monday,0,0,2,12.53,0.41,1.0,0.52,0,0.957
2025-06-30 20:00:00,35.82,69.58,Monday,0,0,2,12.87,0.78,0.48,0.69,0,2.248
2025-06-30 21:00:00,34.37,62.3,Monday,0,0,2,13.36,0.71,0.69,0.8,0,1.763
2025-06-30 22:00:00,37.23,67.55,Monday,0,0,2,14.42,0.4,0.68,0.32,0,1.507
2025-06-30 23:00:00,35.09,61.79,Monday,0,0,2,14.94,0.61,0.88,0.94,0,2.372
2025-07-01 00:00:00,29.2,76.01,Tuesday,0,0,3,16.0,0.62,0.95,0.04,0,1.617
2025-07-01 01:00:00,29.7,63.12,Tuesday,0,0,2,12.72,0.84,1.0,0.18,0,1.342
2025-07-01 02:00:00,28.79,65.33,Tuesday,0,0,4,15.03,0.94,0.77,0.19,0,1.616
2025-07-01 03:00:00,25.25,81.87,Tuesday,0,0,2,15.84,0.0,0.49,0.01,0,0.561
2025-07-01 04:00:00,25.68,74.65,Tuesday,0,0,1,14.65,0.0,0.66,0.18,0,0.429
2025-07-01 05:00:00,25.75,72.39,Tuesday,0,0,0,0.0,0.0,0.0,0.0,0,0.254
2025-07-01 06:00:00,22.61,86.5,Tuesday,0,0,2,8.86,0.0,0.58,0.1,0,0.406
2025-07-01 07:00:00,26.06,78.68,Tuesday,0,0,2,9.87,0.0,0.93,0.1,0,0.403
2025-07-01 08:00:00,25.43,81.98,Tuesday,0,0,0,0.0,0.0,0.0,0.0,0,0.371
2025-07-01 09:00:00,22.97,79.0,Tuesday,0,0,0,0.0,0.0,0.0,0.0,0,0.181
2025-07-01 10:00:00,27.01,89.59,Tuesday,0,0,0,0.0,0.0,0.0,0.0,0,0.367
2025-07-01 11:00:00,28.04,72.24,Tuesday,0,0,2,4.86,0.68,0.92,0.01,0,0.969
2025-07-01 12:00:00,27.79,84.22,Tuesday,0,0,2,4.08,0.98,0.55,0.2,0,0.675
2025-07-01 13:00:00,27.52,75.43,Tuesday,0,0,2,4.7,0.37,0.53,0.16,0,0.989
2025-07-01 14:00:00,29.94,65.28,Tuesday,0,0,2,5.86,0.55,1.0,0.08,0,1.624
2025-07-01 15:00:00,30.88,75.12,Tuesday,0,0,0,0.0,0.0,0.0,0.0,0,0.263
2025-07-01 16:00:00,30.93,74.24,Tuesday,0,0,0,0.0,0.0,0.0,0.0,0,0.32
2025-07-01 17:00:00,29.51,68.68,Tuesday,0,0,4,7.37,0.51,0.74,0.01,0,1.192
2025-07-01 18:00:00,31.97,67.11,Tuesday,0,0,2,10.49,0.54,1.0,0.39,0,0.838
2025-07-01 19:00:00,33.93,69.84,Tuesday,0,0,3,9.1,0.48,0.53,0.77,0,1.74
2025-07-01 20:00:00,30.8,74.53,Tuesday,0,0,2,9.17,0.46,0.52,0.62,0,0.435
2025-07-01 21:00:00,35.55,56.15,Tuesday,0,0,2,15.59,0.78,0.81,0.91,0,1.728
2025-07-01 22:00:00,30.53,78.29,Tuesday,0,0,0,0.0,0.0,0.0,0.0,0,0.352
2025-07-01 23:00:00,31.06,70.08,Tuesday,0,0,1,14.54,0.97,0.58,0.76,0,1.121
2025-07-02 00:00:00,29.17,67.59,Wednesday,0,0,2,16.0,0.38,0.64,0.0,0,1.453
2025-07-02 01:00:00,30.05,78.16,Wednesday,0,0,2,12.67,0.61,0.09,0.07,0,0.958
2025-07-02 02:00:00,25.74,77.22,Wednesday,0,0,1,12.17,0.0,0.77,0.02,0,0.671
2025-07-02 03:00:00,27.12,82.18,Wednesday,0,0,2,12.59,0.74,0.9,0.04,0,1.293
2025-07-02 04:00:00,25.41,79.82,Wednesday,0,0,2,13.94,0.0,1.0,0.01,0,0.636
2025-07-02 05:00:00,27.0,76.19,Wednesday,0,0,1,11.26,0.0,0.9,0.18,0,0.695
2025-07-02 06:00:00,28.07,74.47,Wednesday,0,0,3,9.99,0.67,0.49,0.14,0,2.245
2025-07-02 07:00:00,27.14,78.49,Wednesday,0,0,2,8.26,1.0,0.64,0.09,0,1.812
2025-07-02 08:00:00,21.61,78.99,Wednesday,0,0,2,8.34,0.0,1.0,0.19,0,0.627
2025-07-02 09:00:00,29.65,69.55,Wednesday,0,0,0,0.0,0.0,0.0,0.0,0,0.129
2025-07-02 10:00:00,26.81,79.42,Wednesday,0,0,0,0.0,0.0,0.0,0.0,0,0.261
2025-07-02 11:00:00,25.36,76.96,Wednesday,0,0,0,0.0,0.0,0.0,0.0,0,0.272
2025-07-02 12:00:00,27.66,75.77,Wednesday,0,0,0,0.0,0.0,0.0,0.0,0,0.339
2025-07-02 13:00:00,28.42,80.37,Wednesday,0,0,2,6.67,0.22,0.73,0.07,0,0.919
2025-07-02 14:00:00,27.68,75.02,Wednesday,0,0,0,0.0,0.0,0.0,0.0,0,0.286
2025-07-02 15:00:00,30.01,73.57,Wednesday,0,0,0,0.0,0.0,0.0,0.0,0,0.273
2025-07-02 16:00:00,29.28,71.15,Wednesday,0,0,0,0.0,0.0,0.0,0.0,0,0.163
2025-07-02 17:00:00,30.27,75.41,Wednesday,0,0,2,8.2,0.09,0.75,0.19,0,0.701
2025-07-02 18:00:00,30.24,75.03,Wednesday,0,1,2,10.54,0.84,0.45,0.95,0,1.226
2025-07-02 19:00:00,29.2,78.73,Wednesday,0,0,1,11.0,0.45,0.75,0.97,0,1.178
2025-07-02 20:00:00,32.14,68.68,Wednesday,0,0,3,11.66,0.56,1.0,0.39,0,0.56
2025-07-02 21:00:00,32.83,68.67,Wednesday,0,0,1,16.0,0.68,0.75,0.93,0,1.237
2025-07-02 22:00:00,32.4,75.3,Wednesday,0,0,1,16.0,0.78,0.67,0.7,0,1.501
2025-07-02 23:00:00,32.47,72.53,Wednesday,0,0,1,11.8,0.72,1.0,0.83,0,0.896
2025-07-03 00:00:00,30.96,68.1,Thursday,0,0,3,14.58,0.7,0.85,0.2,0,0.972
2025-07-03 01:00:00,28.69,81.21,Thursday,0,0,2,15.78,0.77,0.4,0.12,0,1.826
2025-07-03 02:00:00,30.39,64.66,Thursday,0,0,0,0.0,0.0,0.0,0.0,0,0.305
2025-07-03 03:00:00,25.66,81.33,Thursday,0,0,3,12.91,0.0,0.82,0.09,0,0.757
2025-07-03 04:00:00,25.76,70.99,Thursday,0,0,1,12.18,0.0,0.81,0.18,0,0.804
2025-07-03 05:00:00,25.02,87.41,Thursday,0,0,2,11.44,0.0,0.88,0.09,0,0.578
2025-07-03 06:00:00,28.22,67.38,Thursday,0,0,1,10.99,0.48,0.71,0.03,0,1.171
2025-07-03 07:00:00,27.68,81.35,Thursday,0,0,4,6.4,1.0,0.7,0.12,0,1.919
2025-07-03 08:00:00,26.75,76.01,Thursday,0,0,3,4.48,0.0,0.75,0.17,0,0.689
2025-07-03 09:00:00,27.91,73.55,Thursday,0,0,3,8.35,0.89,0.95,0.01,0,0.861
2025-07-03 10:00:00,24.7,79.2,Thursday,0,0,0,0.0,0.0,0.0,0.0,0,0.224
2025-07-03 11:00:00,27.38,79.02,Thursday,0,0,0,0.0,0.0,0.0,0.0,0,0.309
2025-07-03 12:00:00,27.15,71.54,Thursday,0,0,2,3.7,0.77,0.81,0.05,0,1.734
2025-07-03 13:00:00,29.62,69.76,Thursday,0,0,2,4.89,0.79,0.62,0.08,0,1.556
2025-07-03 14:00:00,28.67,77.95,Thursday,0,0,2,6.22,0.69,0.87,0.07,0,1.206
2025-07-03 15:00:00,28.96,65.9,Thursday,0,0,3,3.27,0.5,0.84,0.05,0,1.338
2025-07-03 16:00:00,31.35,69.36,Thursday,0,0,0,0.0,0.0,0.0,0.0,0,0.331
2025-07-03 17:00:00,32.57,86.39,Thursday,0,0,2,8.11,0.76,0.76,0.17,0,1.028
2025-07-03 18:00:00,30.27,68.42,Thursday,0,0,2,8.74,0.97,1.0,0.88,0,2.763
2025-07-03 19:00:00,31.66,77.74,Thursday,0,0,3,9.54,0.62,1.0,0.73,1,1.832
2025-07-03 20:00:00,29.97,70.6,Thursday,0,1,2,13.04,0.69,0.92,0.68,0,1.528
2025-07-03 21:00:00,27.28,78.5,Thursday,0,0,1,13.97,0.32,1.0,0.49,0,0.518
2025-07-03 22:00:00,31.84,75.12,Thursday,0,0,2,12.63,0.54,0.71,0.44,0,0.265
2025-07-03 23:00:00,32.09,77.26,Thursday,0,0,4,12.77,0.34,0.89,0.68,0,1.348
2025-07-04 00:00:00,30.85,71.74,Friday,0,0,4,16.0,0.36,0.79,0.15,0,1.56
2025-07-04 01:00:00,26.14,86.92,Friday,0,0,1,13.85,0.0,0.92,0.13,0,0.129
2025-07-04 02:00:00,28.25,72.13,Friday,0,0,1,11.75,0.64,1.0,0.11,0,1.121
2025-07-04 03:00:00,24.11,79.97,Friday,0,0,2,13.31,0.0,1.0,0.09,0,0.63
2025-07-04 04:00:00,29.84,74.87,Friday,0,0,2,11.9,0.84,0.66,0.11,0,1.662
2025-07-04 05:00:00,24.8,72.57,Friday,0,0,3,14.22,0.0,1.0,0.03,0,0.537
2025-07-04 06:00:00,28.54,73.39,Friday,0,0,2,9.22,0.17,0.81,0.05,0,0.671
2025-07-04 07:00:00,27.68,76.39,Friday,0,0,2,8.24,0.41,0.91,0.0,0,0.631
2025-07-04 08:00:00,24.26,76.51,Friday,0,0,2,7.83,0.0,0.69,0.14,0,0.615
2025-07-04 09:00:00,23.94,91.16,Friday,0,0,0,0.0,0.0,0.0,0.0,0,0.342
2025-07-04 10:00:00,26.91,72.09,Friday,0,0,0,0.0,0.0,0.0,0.0,0,0.239
2025-07-04 11:00:00,25.24,83.69,Friday,0,0,0,0.0,0.0,0.0,0.0,0,0.119
2025-07-04 12:00:00,27.56,79.98,Friday,0,0,3,4.64,0.84,0.62,0.17,0,2.301
2025-07-04 13:00:00,27.23,75.92,Friday,0,0,1,5.78,1.0,0.99,0.14,0,1.642
2025-07-04 14:00:00,25.67,73.07,Friday,0,0,2,7.38,0.0,0.14,0.07,0,0.463
2025-07-04 15:00:00,25.64,73.58,Friday,0,0,0,0.0,0.0,0.0,0.0,0,0.299
2025-07-04 16:00:00,30.78,70.2,Friday,0,0,0,0.0,0.0,0.0,0.0,0,0.339
2025-07-04 17:00:00,29.99,64.58,Friday,0,0,4,11.02,0.73,0.83,0.09,0,1.464
2025-07-04 18:00:00,30.48,68.05,Friday,0,0,3,9.17,0.93,0.99,0.77,0,2.618
2025-07-04 19:00:00,33.03,63.36,Friday,0,0,4,11.21,0.53,0.75,0.44,0,1.748
2025-07-04 20:00:00,33.99,76.64,Friday,0,0,2,15.07,0.55,1.0,0.8,1,1.61
2025-07-04 21:00:00,31.28,75.44,Friday,0,0,1,13.64,0.52,0.56,0.89,0,1.316
2025-07-04 22:00:00,30.86,76.65,Friday,0,0,0,0.0,0.0,0.0,0.0,0,0.124
2025-07-04 23:00:00,31.9,74.74,Friday,0,0,3,14.57,0.68,0.93,0.83,0,0.822
2025-07-05 00:00:00,27.93,76.19,Saturday,1,0,2,13.89,0.69,1.0,0.08,0,1.438
2025-07-05 01:00:00,30.05,80.75,Saturday,1,0,2,15.51,0.64,0.78,0.06,0,1.799
2025-07-05 02:00:00,29.87,70.56,Saturday,1,0,4,12.94,1.0,1.0,0.16,0,1.324
2025-07-05 03:00:00,29.32,74.64,Saturday,1,0,1,14.7,0.75,0.88,0.08,0,2.213
2025-07-05 04:00:00,23.89,82.73,Saturday,1,0,2,12.52,0.0,0.85,0.2,0,0.54
2025-07-05 05:00:00,25.38,71.05,Saturday,1,0,1,11.65,0.0,0.64,0.12,0,0.717
2025-07-05 06:00:00,24.7,93.76,Saturday,1,0,1,12.59,0.0,0.42,0.0,0,0.281
2025-07-05 07:00:00,26.16,77.1,Saturday,1,0,2,6.53,0.0,0.68,0.16,0,0.775
2025-07-05 08:00:00,26.74,77.14,Saturday,1,0,3,7.54,0.0,1.0,0.14,0,0.531
2025-07-05 09:00:00,28.67,80.98,Saturday,1,0,3,7.42,0.58,0.8,0.05,0,1.189
2025-07-05 10:00:00,25.39,82.23,Saturday,1,0,4,4.75,0.0,0.65,0.05,0,0.564
2025-07-05 11:00:00,25.86,77.42,Saturday,1,0,1,6.6,0.0,0.52,0.1,1,0.369
2025-07-05 12:00:00,29.45,74.65,Saturday,1,0,0,0.0,0.0,0.0,0.0,0,0.258
2025-07-05 13:00:00,28.63,67.21,Saturday,1,0,0,0.0,0.0,0.0,0.0,0,0.225
2025-07-05 14:00:00,31.16,69.68,Saturday,1,0,1,5.48,0.71,0.84,0.03,0,1.712
2025-07-05 15:00:00,30.17,75.93,Saturday,1,0,2,6.71,0.52,0.63,0.03,0,1.018
2025-07-05 16:00:00,28.29,77.26,Saturday,1,0,1,7.61,0.55,0.68,0.14,0,0.146
2025-07-05 17:00:00,28.6,80.87,Saturday,1,0,2,8.66,0.9,0.91,0.06,0,0.268
2025-07-05 18:00:00,28.68,74.08,Saturday,1,0,0,0.0,0.0,0.0,0.0,0,0.263
2025-07-05 19:00:00,32.97,63.89,Saturday,1,0,2,10.3,0.43,0.75,0.6,0,0.714
2025-07-05 20:00:00,34.02,75.17,Saturday,1,0,4,12.97,1.0,0.37,0.6,0,2.74
2025-07-05 21:00:00,35.1,76.09,Saturday,1,0,3,13.61,0.35,0.72,0.83,0,0.762
2025-07-05 22:00:00,32.99,75.3,Saturday,1,0,3,13.29,0.87,0.87,0.39,0,2.149
2025-07-05 23:00:00,33.09,69.9,Saturday,1,0,3,15.34,0.6,0.95,0.96,0,1.449
2025-07-06 00:00:00,29.33,79.32,Sunday,1,0,2,14.31,0.35,1.0,0.03,0,1.496
2025-07-06 01:00:00,27.57,92.83,Sunday,1,0,3,16.0,0.56,0.91,0.07,0,1.198
2025-07-06 02:00:00,30.41,73.71,Sunday,1,0,3,16.0,0.59,0.65,0.09,0,1.509
2025-07-06 03:00:00,28.85,67.97,Sunday,1,0,0,0.0,0.0,0.0,0.0,0,0.165
2025-07-06 04:00:00,27.57,72.76,Sunday,1,0,3,14.5,0.76,1.0,0.1,0,1.678
2025-07-06 05:00:00,27.45,78.92,Sunday,1,0,2,12.52,0.73,0.62,0.07,0,1.701
2025-07-06 06:00:00,26.86,68.3,Sunday,1,0,1,9.69,0.0,0.39,0.18,0,0.379
2025-07-06 07:00:00,28.29,75.89,Sunday,1,0,2,5.86,0.77,1.0,0.01,0,1.844
2025-07-06 08:00:00,28.21,77.01,Sunday,1,0,3,5.96,0.7,0.73,0.13,1,1.193
2025-07-06 09:00:00,26.96,83.91,Sunday,1,1,3,5.45,0.0,0.87,0.14,0,0.345
2025-07-06 10:00:00,27.8,82.03,Sunday,1,0,0,0.0,0.0,0.0,0.0,0,0.294
2025-07-06 11:00:00,27.68,79.91,Sunday,1,0,0,0.0,0.0,0.0,0.0,0,0.254
2025-07-06 12:00:00,26.55,65.79,Sunday,1,0,0,0.0,0.0,0.0,0.0,0,0.33
2025-07-06 13:00:00,29.46,78.59,Sunday,1,0,4,2.4,0.79,0.6,0.12,0,1.852
2025-07-06 14:00:00,26.37,80.3,Sunday,1,0,3,9.15,0.0,1.0,0.11,0,0.453
2025-07-06 15:00:00,31.55,73.38,Sunday,1,0,3,7.26,0.23,0.39,0.18,0,0.503
2025-07-06 16:00:00,28.23,66.45,Sunday,1,0,1,8.86,0.65,0.64,0.17,0,1.217
2025-07-06 17:00:00,31.51,68.26,Sunday,1,0,2,7.9,1.0,0.53,0.0,0,1.339
2025-07-06 18:00:00,29.95,67.71,Sunday,1,0,2,9.79,0.54,0.88,0.66,0,1.108
2025-07-06 19:00:00,32.77,60.93,Sunday,1,0,2,10.78,0.81,0.65,0.64,0,1.141
2025-07-06 20:00:00,31.82,71.85,Sunday,1,0,1,12.6,0.67,0.63,0.88,0,1.846
2025-07-06 21:00:00,28.9,70.5,Sunday,1,0,2,16.0,0.79,0.91,0.39,0,1.727
2025-07-06 22:00:00,32.23,84.62,Sunday,1,0,2,12.52,0.92,1.0,0.85,0,2.213
2025-07-06 23:00:00,29.96,72.69,Sunday,1,0,2,14.77,0.89,0.54,0.32,0,2.187
2025-07-07 00:00:00,31.96,78.2,Monday,0,0,1,15.54,0.88,0.36,0.03,0,0.488
2025-07-07 01:00:00,29.66,65.96,Monday,0,0,0,0.0,0.0,0.0,0.0,0,0.302
2025-07-07 02:00:00,29.59,71.22,Monday,0,0,3,15.82,0.61,0.96,0.04,0,1.228
2025-07-07 03:00:00,26.38,77.25,Monday,0,0,2,10.93,0.0,0.7,0.0,0,0.673
2025-07-07 04:00:00,26.32,72.28,Monday,0,0,3,15.33,0.0,0.91,0.12,0,0.716
2025-07-07 05:00:00,25.93,75.05,Monday,0,0,3,9.24,0.0,0.61,0.06,0,0.516
2025-07-07 06:00:00,27.82,74.37,Monday,0,0,3,8.3,0.21,1.0,0.19,0,1.071
2025-07-07 07:00:00,29.0,73.23,Monday,0,0,1,8.03,0.95,0.9,0.13,0,0.676
2025-07-07 08:00:00,24.43,87.79,Monday,0,0,2,6.53,0.0,0.63,0.15,0,0.274
2025-07-07 09:00:00,27.92,77.27,Monday,0,0,0,0.0,0.0,0.0,0.0,0,0.424
2025-07-07 10:00:00,22.37,82.76,Monday,0,0,4,6.13,0.0,0.82,0.05,0,0.556
2025-07-07 11:00:00,24.61,81.05,Monday,0,0,0,0.0,0.0,0.0,0.0,0,0.32
2025-07-07 12:00:00,25.65,80.48,Monday,0,0,0,0.0,0.0,0.0,0.0,0,0.442
2025-07-07 13:00:00,25.67,76.99,Monday,0,0,0,0.0,0.0,0.0,0.0,0,0.268
2025-07-07 14:00:00,26.03,75.47,Monday,0,0,0,0.0,0.0,0.0,0.0,0,0.13
2025-07-07 15:00:00,30.4,73.98,Monday,0,0,0,0.0,0.0,0.0,0.0,0,0.289
2025-07-07 16:00:00,29.99,79.29,Monday,0,0,0,0.0,0.0,0.0,0.0,0,0.153
2025-07-07 17:00:00,31.68,77.62,Monday,0,0,2,9.28,0.6,1.0,0.09,0,1.315
2025-07-07 18:00:00,32.72,69.85,Monday,0,0,2,12.94,0.34,0.0,0.33,0,1.53
2025-07-07 19:00:00,32.25,75.31,Monday,0,0,1,9.55,0.98,0.8,0.61,0,2.405
2025-07-07 20:00:00,33.06,69.77,Monday,0,0,1,11.92,0.92,0.16,0.51,0,2.277
2025-07-07 21:00:00,31.65,72.19,Monday,0,0,2,11.83,0.67,0.74,0.5,0,1.231
2025-07-07 22:00:00,29.34,71.73,Monday,0,0,2,16.0,0.93,1.0,0.81,0,1.177
2025-07-07 23:00:00,32.9,69.98,Monday,0,0,2,16.0,0.63,0.72,0.4,0,1.204
2025-07-08 00:00:00,29.32,80.82,Tuesday,0,0,3,16.0,0.83,0.52,0.18,0,2.39
2025-07-08 01:00:00,27.97,75.79,Tuesday,0,0,1,15.65,0.87,0.96,0.18,0,2.384
2025-07-08 02:00:00,28.56,75.48,Tuesday,0,0,2,14.9,0.38,0.78,0.13,0,0.774
2025-07-08 03:00:00,26.46,69.45,Tuesday,0,0,3,12.85,0.0,0.8,0.07,0,0.451
2025-07-08 04:00:00,26.63,74.99,Tuesday,0,0,2,13.65,0.0,1.0,0.17,0,0.118
2025-07-08 05:00:00,27.37,74.66,Tuesday,0,0,2,9.37,0.39,0.37,0.2,0,1.442
2025-07-08 06:00:00,26.91,72.14,Tuesday,0,0,2,8.07,0.0,0.59,0.12,0,0.29
2025-07-08 07:00:00,24.36,78.68,Tuesday,0,0,2,8.08,0.0,0.84,0.13,0,0.616
2025-07-08 08:00:00,25.0,75.86,Tuesday,0,0,1,10.33,0.0,1.0,0.17,0,0.487
2025-07-08 09:00:00,27.91,75.78,Tuesday,0,0,1,5.69,0.28,0.51,0.13,0,0.466
2025-07-08 10:00:00,27.17,76.65,Tuesday,0,0,0,0.0,0.0,0.0,0.0,0,0.263
2025-07-08 11:00:00,30.49,68.28,Tuesday,0,0,0,0.0,0.0,0.0,0.0,0,0.345
2025-07-08 12:00:00,29.5,71.96,Tuesday,0,1,2,6.35,0.36,0.71,0.12,0,1.291
2025-07-08 13:00:00,30.16,73.74,Tuesday,0,0,4,7.05,0.65,0.92,0.09,0,1.097
2025-07-08 14:00:00,26.38,82.68,Tuesday,0,0,0,0.0,0.0,0.0,0.0,0,0.163
2025-07-08 15:00:00,31.03,73.86,Tuesday,0,0,0,0.0,0.0,0.0,0.0,0,0.249
2025-07-08 16:00:00,30.28,69.94,Tuesday,0,1,3,7.84,1.0,0.45,0.03,1,3.33
2025-07-08 17:00:00,30.01,75.49,Tuesday,0,0,1,9.19,0.57,0.79,0.01,0,0.775
2025-07-08 18:00:00,31.78,80.44,Tuesday,0,0,0,0.0,0.0,0.0,0.0,0,0.151
2025-07-08 19:00:00,33.48,74.96,Tuesday,0,0,4,12.52,0.3,0.96,0.34,0,1.54
2025-07-08 20:00:00,32.78,73.74,Tuesday,0,0,1,12.54,0.31,1.0,0.99,0,1.115
2025-07-08 21:00:00,30.19,76.95,Tuesday,0,0,2,15.26,0.49,0.99,0.92,0,0.951
2025-07-08 22:00:00,32.81,78.17,Tuesday,0,0,1,15.78,0.87,0.57,0.49,0,1.777
2025-07-08 23:00:00,29.85,79.01,Tuesday,0,0,2,16.0,1.0,0.91,0.41,0,2.258
2025-07-09 00:00:00,30.77,75.64,Wednesday,0,0,1,14.21,1.0,0.74,0.12,0,2.45
2025-07-09 01:00:00,29.11,79.65,Wednesday,0,0,0,0.0,0.0,0.0,0.0,0,0.321
2025-07-09 02:00:00,28.48,69.46,Wednesday,0,0,0,0.0,0.0,0.0,0.0,0,0.373
2025-07-09 03:00:00,29.48,66.46,Wednesday,0,0,1,12.76,0.4,0.6,0.0,0,0.515
2025-07-09 04:00:00,25.5,78.33,Wednesday,0,0,3,12.7,0.0,0.46,0.03,0,0.62
2025-07-09 05:00:00,30.26,73.61,Wednesday,0,0,1,13.64,0.47,0.43,0.2,0,1.423
2025-07-09 06:00:00,23.0,77.08,Wednesday,0,0,1,10.59,0.0,0.91,0.19,0,0.42
2025-07-09 07:00:00,24.9,82.22,Wednesday,0,0,2,8.57,0.0,0.66,0.06,0,0.534
2025-07-09 08:00:00,26.54,67.3,Wednesday,0,0,3,9.69,0.0,0.8,0.06,0,0.451
2025-07-09 09:00:00,27.03,73.5,Wednesday,0,0,0,0.0,0.0,0.0,0.0,0,0.274
2025-07-09 10:00:00,26.1,74.59,Wednesday,0,0,0,0.0,0.0,0.0,0.0,0,0.254
2025-07-09 11:00:00,26.65,68.33,Wednesday,0,0,0,0.0,0.0,0.0,0.0,0,0.186
2025-07-09 12:00:00,28.12,82.67,Wednesday,0,0,0,0.0,0.0,0.0,0.0,0,0.341
2025-07-09 13:00:00,27.68,68.79,Wednesday,0,0,2,5.95,0.39,1.0,0.17,0,0.871
2025-07-09 14:00:00,31.38,69.31,Wednesday,0,0,1,5.77,0.28,0.8,0.0,0,0.729
2025-07-09 15:00:00,31.16,76.99,Wednesday,0,0,2,8.06,0.74,0.67,0.0,1,2.257
2025-07-09 16:00:00,31.95,74.98,Wednesday,0,0,3,7.75,0.59,0.7,0.16,0,1.182
2025-07-09 17:00:00,29.26,68.63,Wednesday,0,0,1,8.37,0.37,0.66,0.13,0,0.773
2025-07-09 18:00:00,31.33,75.71,Wednesday,0,1,3,11.25,0.34,0.87,0.76,0,0.784
2025-07-09 19:00:00,31.23,73.84,Wednesday,0,0,2,10.72,0.34,0.36,0.61,0,1.357
2025-07-09 20:00:00,30.07,85.11,Wednesday,0,0,0,0.0,0.0,0.0,0.0,0,0.114
2025-07-09 21:00:00,32.42,73.34,Wednesday,0,1,2,12.34,0.93,0.78,0.69,0,2.725
2025-07-09 22:00:00,30.51,72.34,Wednesday,0,0,3,12.75,0.48,0.31,0.77,0,0.793
2025-07-09 23:00:00,32.18,67.26,Wednesday,0,0,3,13.53,0.79,0.27,0.56,0,1.239
2025-07-10 00:00:00,28.45,71.17,Thursday,0,0,2,14.96,1.0,0.98,0.06,0,1.573
2025-07-10 01:00:00,32.75,66.9,Thursday,0,0,1,13.86,0.69,0.79,0.13,0,1.912
2025-07-10 02:00:00,27.26,82.82,Thursday,0,0,4,13.4,0.46,0.8,0.14,0,1.072
2025-07-10 03:00:00,28.49,74.94,Thursday,0,0,2,13.31,0.63,0.47,0.04,0,1.023
2025-07-10 04:00:00,28.8,77.4,Thursday,0,0,2,12.39,0.64,1.0,0.12,0,0.872
2025-07-10 05:00:00,25.73,84.92,Thursday,0,0,4,8.97,0.0,1.0,0.15,0,0.761
2025-07-10 06:00:00,27.81,63.68,Thursday,0,0,0,0.0,0.0,0.0,0.0,0,0.187
2025-07-10 07:00:00,23.77,85.5,Thursday,0,0,2,9.31,0.0,0.72,0.19,0,0.519
2025-07-10 08:00:00,28.49,75.14,Thursday,0,0,2,7.71,0.21,0.65,0.04,0,0.593
2025-07-10 09:00:00,26.0,79.27,Thursday,0,0,1,4.41,0.0,0.74,0.12,0,0.412
2025-07-10 10:00:00,25.2,73.67,Thursday,0,0,0,0.0,0.0,0.0,0.0,0,0.176
2025-07-10 11:00:00,26.22,73.13,Thursday,0,0,0,0.0,0.0,0.0,0.0,0,0.377
2025-07-10 12:00:00,28.83,76.99,Thursday,0,0,0,0.0,0.0,0.0,0.0,0,0.415
2025-07-10 13:00:00,27.05,88.08,Thursday,0,0,0,0.0,0.0,0.0,0.0,0,0.309
2025-07-10 14:00:00,27.53,80.74,Thursday,0,0,0,0.0,0.0,0.0,0.0,0,0.104
2025-07-10 15:00:00,29.25,80.5,Thursday,0,0,1,5.87,1.0,0.65,0.17,0,2.109
2025-07-10 16:00:00,28.26,74.11,Thursday,0,0,0,0.0,0.0,0.0,0.0,0,0.253
2025-07-10 17:00:00,34.27,66.65,Thursday,0,0,2,6.52,1.0,0.76,0.11,0,1.8
2025-07-10 18:00:00,30.46,69.19,Thursday,0,0,3,11.84,0.4,0.79,0.89,0,0.05
2025-07-10 19:00:00,33.27,68.11,Thursday,0,0,0,0.0,0.0,0.0,0.0,0,0.116
2025-07-10 20:00:00,32.25,61.21,Thursday,0,0,3,13.73,0.35,0.97,0.36,0,1.096
2025-07-10 21:00:00,30.0,69.87,Thursday,0,0,2,10.33,0.5,0.93,0.53,0,0.988
2025-07-10 22:00:00,31.46,69.38,Thursday,0,0,1,15.5,0.72,0.37,0.42,0,1.601
2025-07-10 23:00:00,32.41,70.46,Thursday,0,0,1,14.07,0.83,0.79,0.6,0,2.207
2025-07-11 00:00:00,30.04,74.12,Friday,0,0,3,15.88,0.78,0.6,0.1,0,1.548
2025-07-11 01:00:00,31.8,73.69,Friday,0,0,0,0.0,0.0,0.0,0.0,0,0.195
2025-07-11 02:00:00,30.72,72.78,Friday,0,0,2,14.3,0.64,1.0,0.07,0,1.698
2025-07-11 03:00:00,29.75,70.81,Friday,0,0,2,12.49,0.78,0.96,0.03,0,1.765
2025-07-11 04:00:00,26.55,66.79,Friday,0,0,3,13.1,0.0,1.0,0.09,0,0.611
2025-07-11 05:00:00,24.81,75.29,Friday,0,0,0,0.0,0.0,0.0,0.0,0,0.117
2025-07-11 06:00:00,25.17,72.98,Friday,0,0,2,11.58,0.0,1.0,0.16,0,0.327
2025-07-11 07:00:00,26.33,79.13,Friday,0,0,1,7.62,0.0,0.55,0.06,0,0.4
2025-07-11 08:00:00,26.86,80.87,Friday,0,0,0,0.0,0.0,0.0,0.0,0,0.295
2025-07-11 09:00:00,22.07,85.33,Friday,0,0,0,0.0,0.0,0.0,0.0,0,0.079
2025-07-11 10:00:00,26.26,80.65,Friday,0,0,3,5.91,0.0,0.82,0.05,0,0.492
2025-07-11 11:00:00,27.04,75.5,Friday,0,0,1,3.62,0.74,0.52,0.16,0,1.246
2025-07-11 12:00:00,26.88,73.7,Friday,0,0,0,0.0,0.0,0.0,0.0,0,0.26
2025-07-11 13:00:00,30.42,69.38,Friday,0,0,0,0.0,0.0,0.0,0.0,0,0.268
2025-07-11 14:00:00,29.64,66.29,Friday,0,0,0,0.0,0.0,0.0,0.0,0,0.209
2025-07-11 15:00:00,32.01,76.65,Friday,0,0,0,0.0,0.0,0.0,0.0,0,0.241
2025-07-11 16:00:00,29.99,72.64,Friday,0,0,0,0.0,0.0,0.0,0.0,0,0.087
2025-07-11 17:00:00,32.69,64.85,Friday,0,0,3,9.16,0.62,0.93,0.09,0,1.087
2025-07-11 18:00:00,34.42,65.39,Friday,0,0,4,9.87,0.31,0.81,0.84,0,1.655
2025-07-11 19:00:00,34.14,65.44,Friday,0,0,0,0.0,0.0,0.0,0.0,0,0.153
2025-07-11 20:00:00,29.91,73.8,Friday,0,0,2,11.26,0.92,1.0,0.74,0,2.502
2025-07-11 21:00:00,31.32,77.65,Friday,0,0,4,15.93,0.8,1.0,0.52,0,0.939
2025-07-11 22:00:00,30.85,70.99,Friday,0,0,1,14.51,0.59,0.19,0.37,0,0.808
2025-07-11 23:00:00,31.88,60.55,Friday,0,0,2,16.0,0.64,0.93,0.8,0,1.575
2025-07-12 00:00:00,31.61,71.1,Saturday,1,0,1,16.0,0.69,0.87,0.2,0,1.041
2025-07-12 01:00:00,28.14,74.39,Saturday,1,0,2,15.57,0.92,0.82,0.0,0,1.531
2025-07-12 02:00:00,29.0,73.28,Saturday,1,0,3,13.11,0.91,0.87,0.19,0,1.063
2025-07-12 03:00:00,24.46,75.34,Saturday,1,0,3,15.36,0.0,0.67,0.13,0,0.557
2025-07-12 04:00:00,29.97,74.61,Saturday,1,0,2,15.04,0.43,0.15,0.16,0,1.251
2025-07-12 05:00:00,25.83,77.58,Saturday,1,0,3,8.37,0.0,0.6,0.07,0,0.33
2025-07-12 06:00:00,26.38,76.63,Saturday,1,0,0,0.0,0.0,0.0,0.0,0,0.255
2025-07-12 07:00:00,25.42,79.68,Saturday,1,0,4,9.14,0.0,0.34,0.03,0,0.494
2025-07-12 08:00:00,27.94,73.21,Saturday,1,0,1,7.1,0.58,1.0,0.11,0,1.455
2025-07-12 09:00:00,20.87,79.28,Saturday,1,0,1,4.6,0.0,0.61,0.05,0,0.119
2025-07-12 10:00:00,26.25,83.78,Saturday,1,0,4,4.35,0.0,0.82,0.18,0,0.572
2025-07-12 11:00:00,26.56,79.39,Saturday,1,0,3,2.4,0.0,0.75,0.01,0,0.243
2025-07-12 12:00:00,26.56,80.73,Saturday,1,0,3,6.43,0.0,1.0,0.02,0,0.448
2025-07-12 13:00:00,31.21,78.54,Saturday,1,0,1,7.23,0.51,0.77,0.04,0,0.977
2025-07-12 14:00:00,27.28,78.58,Saturday,1,0,3,7.71,0.62,0.6,0.02,0,0.804
2025-07-12 15:00:00,31.04,77.2,Saturday,1,0,2,6.42,0.61,1.0,0.17,0,0.991
2025-07-12 16:00:00,31.02,64.69,Saturday,1,0,0,0.0,0.0,0.0,0.0,0,0.215
2025-07-12 17:00:00,33.27,71.58,Saturday,1,0,4,10.31,0.49,0.85,0.13,0,1.258
2025-07-12 18:00:00,30.27,72.34,Saturday,1,0,1,9.65,0.64,0.87,0.63,0,1.722
2025-07-12 19:00:00,30.45,81.48,Saturday,1,0,2,9.87,1.0,0.44,0.43,0,1.679
2025-07-12 20:00:00,33.85,74.67,Saturday,1,0,3,11.64,0.86,0.98,0.94,0,2.507
2025-07-12 21:00:00,32.54,68.06,Saturday,1,0,2,13.8,0.68,1.0,0.95,0,1.681
2025-07-12 22:00:00,28.69,76.54,Saturday,1,0,0,0.0,0.0,0.0,0.0,0,0.315
2025-07-12 23:00:00,30.03,74.31,Saturday,1,0,1,15.54,0.31,0.76,0.73,0,0.518
2025-07-13 00:00:00,31.07,74.81,Sunday,1,0,2,12.97,0.81,1.0,0.02,0,1.713
2025-07-13 01:00:00,31.16,67.36,Sunday,1,0,2,14.47,0.83,0.34,0.09,0,1.588
2025-07-13 02:00:00,27.65,77.41,Sunday,1,0,1,14.94,0.16,0.91,0.18,0,0.796
2025-07-13 03:00:00,22.85,78.79,Sunday,1,0,2,13.73,0.0,0.44,0.16,0,0.623
2025-07-13 04:00:00,28.32,76.43,Sunday,1,0,1,11.4,0.51,0.67,0.07,0,1.273
2025-07-13 05:00:00,24.56,74.78,Sunday,1,0,1,12.4,0.0,0.7,0.17,0,0.606
2025-07-13 06:00:00,22.65,77.19,Sunday,1,0,1,10.39,0.0,0.46,0.09,0,0.473
2025-07-13 07:00:00,20.88,87.58,Sunday,1,0,3,5.57,0.0,0.52,0.04,0,0.385
2025-07-13 08:00:00,27.34,70.63,Sunday,1,0,1,8.18,0.63,0.73,0.17,0,1.128
2025-07-13 09:00:00,26.21,72.02,Sunday,1,0,3,5.83,0.0,1.0,0.1,0,0.321
2025-07-13 10:00:00,25.87,76.96,Sunday,1,0,3,4.88,0.0,0.87,0.09,1,1.275
2025-07-13 11:00:00,29.26,70.31,Sunday,1,0,0,0.0,0.0,0.0,0.0,0,0.343
2025-07-13 12:00:00,28.52,70.4,Sunday,1,0,0,0.0,0.0,0.0,0.0,0,0.36
2025-07-13 13:00:00,31.01,73.12,Sunday,1,0,0,0.0,0.0,0.0,0.0,0,0.23
2025-07-13 14:00:00,26.37,69.24,Sunday,1,0,2,6.49,0.0,0.59,0.04,0,0.431
2025-07-13 15:00:00,29.59,68.83,Sunday,1,0,1,6.69,0.52,0.64,0.05,0,1.789
2025-07-13 16:00:00,27.47,86.05,Sunday,1,0,2,8.92,0.87,0.87,0.08,0,2.019
2025-07-13 17:00:00,30.58,75.27,Sunday,1,0,1,9.58,0.48,0.36,0.11,0,0.613
2025-07-13 18:00:00,31.03,68.84,Sunday,1,0,2,6.99,0.85,0.59,0.88,0,2.115
2025-07-13 19:00:00,32.9,72.98,Sunday,1,0,2,9.92,0.39,0.46,0.68,0,1.227
2025-07-13 20:00:00,31.96,74.57,Sunday,1,0,2,14.28,0.58,0.55,0.49,0,1.224
2025-07-13 21:00:00,32.9,75.87,Sunday,1,0,0,0.0,0.0,0.0,0.0,0,0.265
2025-07-13 22:00:00,32.74,70.4,Sunday,1,0,4,10.23,0.41,0.76,0.84,0,0.934
2025-07-13 23:00:00,34.88,73.99,Sunday,1,0,2,16.0,0.5,0.92,0.65,0,1.12
2025-07-14 00:00:00,29.81,63.48,Monday,0,0,2,15.44,0.74,0.19,0.1,0,1.16
2025-07-14 01:00:00,27.96,70.06,Monday,0,0,3,13.81,0.2,0.68,0.16,0,0.493
2025-07-14 02:00:00,29.32,74.93,Monday,0,0,2,13.06,0.67,0.72,0.02,0,1.176
2025-07-14 03:00:00,26.66,78.16,Monday,0,0,2,14.48,0.0,0.34,0.08,0,0.359
2025-07-14 04:00:00,30.04,68.9,Monday,0,0,3,13.22,0.87,0.58,0.01,0,2.077
2025-07-14 05:00:00,26.25,78.18,Monday,0,0,0,0.0,0.0,0.0,0.0,0,0.419
2025-07-14 06:00:00,25.26,74.65,Monday,0,0,2,9.72,0.0,0.83,0.19,0,0.449
2025-07-14 07:00:00,25.13,76.5,Monday,0,0,1,6.79,0.0,0.84,0.03,0,0.299
2025-07-14 08:00:00,27.17,81.17,Monday,0,0,2,7.45,0.99,0.26,0.05,0,1.756
2025-07-14 09:00:00,25.69,81.92,Monday,0,0,2,8.06,0.0,0.59,0.14,0,0.393
2025-07-14 10:00:00,25.12,72.9,Monday,0,0,0,0.0,0.0,0.0,0.0,0,0.438
2025-07-14 11:00:00,29.75,68.44,Monday,0,0,0,0.0,0.0,0.0,0.0,0,0.102
2025-07-14 12:00:00,25.84,75.19,Monday,0,0,0,0.0,0.0,0.0,0.0,0,0.07
2025-07-14 13:00:00,28.16,75.02,Monday,0,0,0,0.0,0.0,0.0,0.0,0,0.176
2025-07-14 14:00:00,30.05,70.16,Monday,0,0,0,0.0,0.0,0.0,0.0,0,0.268
2025-07-14 15:00:00,26.72,81.66,Monday,0,0,0,0.0,0.0,0.0,0.0,0,0.337
2025-07-14 16:00:00,31.24,74.12,Monday,0,0,0,0.0,0.0,0.0,0.0,0,0.136
2025-07-14 17:00:00,29.1,76.34,Monday,0,0,3,7.69,1.0,0.87,0.17,0,1.747
2025-07-14 18:00:00,32.96,64.51,Monday,0,0,2,10.54,1.0,0.84,0.78,0,1.848
2025-07-14 19:00:00,30.04,79.3,Monday,0,0,2,11.25,0.46,0.89,0.52,0,1.385
2025-07-14 20:00:00,33.12,56.59,Monday,0,0,3,12.43,0.7,0.84,0.84,0,2.741
2025-07-14 21:00:00,33.76,74.28,Monday,0,0,2,12.52,0.59,0.67,0.46,0,0.426
2025-07-14 22:00:00,33.03,75.45,Monday,0,0,2,15.83,0.67,0.75,0.4,0,2.541
2025-07-14 23:00:00,31.45,70.03,Monday,0,0,1,13.41,0.55,0.59,0.75,0,1.793
2025-07-15 00:00:00,29.96,79.9,Tuesday,0,0,2,15.42,0.82,0.56,0.02,0,1.44
2025-07-15 01:00:00,28.62,74.43,Tuesday,0,0,4,13.56,0.37,0.42,0.17,0,1.173
2025-07-15 02:00:00,31.52,72.44,Tuesday,0,0,1,14.23,0.55,0.95,0.11,0,1.399
2025-07-15 03:00:00,26.84,78.04,Tuesday,0,0,2,14.5,0.0,1.0,0.07,0,0.603
2025-07-15 04:00:00,25.51,93.47,Tuesday,0,0,2,12.07,0.0,0.6,0.13,0,0.615
2025-07-15 05:00:00,27.95,82.06,Tuesday,0,0,3,6.68,0.73,0.73,0.16,0,1.878
2025-07-15 06:00:00,24.85,81.64,Tuesday,0,0,1,7.98,0.0,1.0,0.07,0,0.3
2025-07-15 07:00:00,24.27,74.09,Tuesday,0,0,3,5.47,0.0,1.0,0.18,0,0.608
2025-07-15 08:00:00,23.28,80.27,Tuesday,0,0,1,7.6,0.0,0.97,0.11,0,0.416
2025-07-15 09:00:00,25.11,73.84,Tuesday,0,0,0,0.0,0.0,0.0,0.0,0,0.285
2025-07-15 10:00:00,26.13,81.09,Tuesday,0,0,0,0.0,0.0,0.0,0.0,0,0.241
2025-07-15 11:00:00,27.19,76.73,Tuesday,0,0,1,4.23,0.66,0.62,0.15,0,1.041
2025-07-15 12:00:00,29.09,68.7,Tuesday,0,0,0,0.0,0.0,0.0,0.0,0,0.219
2025-07-15 13:00:00,29.05,74.76,Tuesday,0,0,0,0.0,0.0,0.0,0.0,0,0.269
2025-07-15 14:00:00,28.53,70.57,Tuesday,0,0,0,0.0,0.0,0.0,0.0,0,0.217
2025-07-15 15:00:00,29.3,74.89,Tuesday,0,0,1,6.58,1.0,1.0,0.09,0,1.04
2025-07-15 16:00:00,31.29,68.04,Tuesday,0,0,0,0.0,0.0,0.0,0.0,0,0.263
2025-07-15 17:00:00,33.29,70.68,Tuesday,0,0,1,8.08,0.49,0.95,0.01,0,1.198
2025-07-15 18:00:00,31.7,75.72,Tuesday,0,0,1,9.8,0.54,1.0,0.74,0,2.18
2025-07-15 19:00:00,30.93,72.4,Tuesday,0,0,1,9.22,0.34,0.91,0.59,0,0.676
2025-07-15 20:00:00,30.09,71.47,Tuesday,0,0,1,13.51,0.73,0.82,0.62,0,1.986
2025-07-15 21:00:00,29.17,75.26,Tuesday,0,0,3,14.98,0.61,0.76,0.49,0,1.101
2025-07-15 22:00:00,32.67,74.58,Tuesday,0,0,1,14.51,0.73,0.67,0.38,0,1.45
2025-07-15 23:00:00,32.04,66.13,Tuesday,0,0,2,16.0,0.22,0.75,0.51,0,1.239
2025-07-16 00:00:00,31.42,73.53,Wednesday,0,0,0,0.0,0.0,0.0,0.0,0,0.329
2025-07-16 01:00:00,29.42,80.61,Wednesday,0,0,1,12.01,0.4,0.73,0.03,0,1.302
2025-07-16 02:00:00,31.41,75.1,Wednesday,0,0,4,14.41,0.77,0.46,0.06,0,1.69
2025-07-16 03:00:00,27.23,76.28,Wednesday,0,0,2,11.52,0.5,0.55,0.04,0,0.82
2025-07-16 04:00:00,29.1,77.51,Wednesday,0,0,4,14.84,0.77,1.0,0.1,0,1.517
2025-07-16 05:00:00,26.69,78.75,Wednesday,0,0,4,11.66,0.0,1.0,0.02,0,0.535
2025-07-16 06:00:00,25.18,81.6,Wednesday,0,0,0,0.0,0.0,0.0,0.0,0,0.366
2025-07-16 07:00:00,27.05,66.04,Wednesday,0,0,3,8.32,0.66,0.97,0.03,0,1.873
2025-07-16 08:00:00,26.61,68.78,Wednesday,0,0,2,9.5,0.0,0.6,0.19,0,0.504
2025-07-16 09:00:00,26.62,81.56,Wednesday,0,0,0,0.0,0.0,0.0,0.0,0,0.131
2025-07-16 10:00:00,26.42,69.19,Wednesday,0,0,0,0.0,0.0,0.0,0.0,0,0.56
2025-07-16 11:00:00,26.69,78.49,Wednesday,0,0,0,0.0,0.0,0.0,0.0,0,0.331
2025-07-16 12:00:00,31.68,70.23,Wednesday,0,0,0,0.0,0.0,0.0,0.0,0,0.313
2025-07-16 13:00:00,30.23,68.31,Wednesday,0,0,0,0.0,0.0,0.0,0.0,0,0.258
2025-07-16 14:00:00,30.18,75.09,Wednesday,0,0,0,0.0,0.0,0.0,0.0,0,0.247
2025-07-16 15:00:00,29.85,74.64,Wednesday,0,0,1,3.08,0.35,0.66,0.06,0,0.899
2025-07-16 16:00:00,32.19,82.08,Wednesday,0,0,0,0.0,0.0,0.0,0.0,0,0.207
2025-07-16 17:00:00,31.93,68.64,Wednesday,0,0,2,7.71,0.31,0.84,0.04,0,0.691
2025-07-16 18:00:00,31.52,79.33,Wednesday,0,0,1,11.18,0.83,1.0,0.46,0,1.459
2025-07-16 19:00:00,31.23,74.16,Wednesday,0,0,3,8.64,0.49,0.83,0.55,0,1.363
2025-07-16 20:00:00,31.73,68.64,Wednesday,0,0,3,13.74,0.71,0.69,0.99,0,2.277
2025-07-16 21:00:00,26.07,81.04,Wednesday,0,0,1,13.82,0.0,0.92,0.76,0,0.688
2025-07-16 22:00:00,31.85,74.66,Wednesday,0,0,2,14.86,0.44,0.77,0.55,0,1.315
2025-07-16 23:00:00,30.12,73.57,Wednesday,0,0,2,15.76,0.67,0.76,0.44,0,2.07
2025-07-17 00:00:00,33.24,71.91,Thursday,0,0,2,14.96,0.55,0.73,0.09,0,0.328
2025-07-17 01:00:00,29.69,70.8,Thursday,0,0,4,14.33,0.79,0.8,0.1,0,1.644
2025-07-17 02:00:00,26.74,72.31,Thursday,0,0,1,16.0,0.0,0.65,0.14,0,0.512
2025-07-17 03:00:00,28.01,79.09,Thursday,0,0,2,14.43,0.77,0.34,0.06,0,1.453
2025-07-17 04:00:00,25.49,76.44,Thursday,0,0,3,13.53,0.0,1.0,0.15,0,0.685
2025-07-17 05:00:00,27.61,75.25,Thursday,0,0,2,11.17,0.62,0.88,0.08,0,1.343
2025-07-17 06:00:00,26.8,77.78,Thursday,0,0,0,0.0,0.0,0.0,0.0,0,0.255
2025-07-17 07:00:00,27.7,76.89,Thursday,0,0,3,8.69,1.0,0.84,0.17,0,1.585
2025-07-17 08:00:00,24.45,71.35,Thursday,0,0,3,4.88,0.0,0.47,0.06,0,0.511
2025-07-17 09:00:00,26.04,83.5,Thursday,0,0,1,4.39,0.0,0.85,0.17,0,0.469
2025-07-17 10:00:00,23.82,79.67,Thursday,0,0,0,0.0,0.0,0.0,0.0,0,0.296
2025-07-17 11:00:00,28.02,74.27,Thursday,0,0,0,0.0,0.0,0.0,0.0,0,0.331
2025-07-17 12:00:00,28.31,77.17,Thursday,0,0,2,4.83,0.94,0.89,0.13,0,1.898
2025-07-17 13:00:00,28.99,75.59,Thursday,0,0,0,0.0,0.0,0.0,0.0,0,0.188
2025-07-17 14:00:00,28.88,78.34,Thursday,0,0,3,5.56,0.86,1.0,0.06,0,2.004
2025-07-17 15:00:00,30.4,75.83,Thursday,0,0,0,0.0,0.0,0.0,0.0,0,0.227
2025-07-17 16:00:00,33.26,74.15,Thursday,0,0,2,4.71,0.15,0.82,0.03,0,0.736
2025-07-17 17:00:00,30.48,79.82,Thursday,0,0,1,9.19,0.99,0.57,0.17,0,0.286
2025-07-17 18:00:00,31.72,76.37,Thursday,0,0,2,9.33,0.61,0.81,0.67,0,1.471
2025-07-17 19:00:00,29.82,72.86,Thursday,0,0,1,7.81,0.55,1.0,0.53,0,0.504
2025-07-17 20:00:00,30.31,67.6,Thursday,0,0,3,11.81,0.94,0.94,0.95,0,2.511
2025-07-17 21:00:00,31.95,80.08,Thursday,0,0,0,0.0,0.0,0.0,0.0,0,0.207
2025-07-17 22:00:00,33.46,69.2,Thursday,0,0,1,13.72,0.84,1.0,0.76,0,1.617
2025-07-17 23:00:00,30.54,70.65,Thursday,0,0,0,0.0,0.0,0.0,0.0,0,0.136
2025-07-18 00:00:00,29.95,64.86,Friday,0,0,2,15.23,0.71,0.53,0.04,0,0.847
2025-07-18 01:00:00,28.92,76.16,Friday,0,0,1,14.11,1.0,0.29,0.04,0,1.653
2025-07-18 02:00:00,27.91,76.12,Friday,0,1,3,13.93,0.53,0.48,0.14,0,0.667
2025-07-18 03:00:00,28.63,67.16,Friday,0,0,2,11.55,0.5,0.78,0.05,0,1.131
2025-07-18 04:00:00,24.68,80.55,Friday,0,0,2,11.72,0.0,0.24,0.2,0,0.691
2025-07-18 05:00:00,29.06,71.85,Friday,0,0,3,14.12,0.35,0.79,0.04,0,1.522
2025-07-18 06:00:00,25.08,91.38,Friday,0,0,2,10.27,0.0,0.87,0.18,0,0.668
2025-07-18 07:00:00,27.28,73.1,Friday,0,0,4,9.11,0.85,0.36,0.07,0,1.334
2025-07-18 08:00:00,23.59,77.09,Friday,0,0,0,0.0,0.0,0.0,0.0,0,0.276
2025-07-18 09:00:00,27.18,71.66,Friday,0,0,0,0.0,0.0,0.0,0.0,0,0.251
2025-07-18 10:00:00,27.49,82.15,Friday,0,0,3,5.33,0.0,0.34,0.12,0,0.59
2025-07-18 11:00:00,27.45,73.93,Friday,0,0,2,6.48,0.44,0.33,0.17,0,0.679
2025-07-18 12:00:00,25.59,73.85,Friday,0,0,1,6.8,0.0,0.74,0.18,0,0.604
2025-07-18 13:00:00,28.55,78.34,Friday,0,0,0,0.0,0.0,0.0,0.0,0,0.266
2025-07-18 14:00:00,26.75,69.53,Friday,0,0,0,0.0,0.0,0.0,0.0,0,0.067
2025-07-18 15:00:00,29.2,77.35,Friday,0,0,0,0.0,0.0,0.0,0.0,0,0.2
2025-07-18 16:00:00,32.23,80.4,Friday,0,0,0,0.0,0.0,0.0,0.0,0,0.329
2025-07-18 17:00:00,32.43,74.14,Friday,0,0,3,9.41,0.61,0.6,0.08,0,1.74
2025-07-18 18:00:00,31.5,75.34,Friday,0,0,1,9.87,0.83,0.67,0.58,1,3.093
2025-07-18 19:00:00,30.02,77.83,Friday,0,0,0,0.0,0.0,0.0,0.0,0,0.279
2025-07-18 20:00:00,33.04,79.31,Friday,0,0,0,0.0,0.0,0.0,0.0,0,0.066
2025-07-18 21:00:00,31.81,77.92,Friday,0,0,2,12.38,1.0,0.79,0.67,0,0.511
2025-07-18 22:00:00,27.3,78.13,Friday,0,0,3,14.34,0.92,0.8,0.97,0,1.277
2025-07-18 23:00:00,32.41,75.85,Friday,0,0,3,14.56,0.65,1.0,0.86,0,1.408
2025-07-19 00:00:00,30.33,68.77,Saturday,1,0,4,13.52,1.0,0.78,0.02,0,1.267
2025-07-19 01:00:00,31.82,75.75,Saturday,1,0,1,14.49,0.63,0.51,0.05,0,1.007
2025-07-19 02:00:00,26.91,71.26,Saturday,1,0,2,16.0,0.0,0.8,0.02,0,0.676
2025-07-19 03:00:00,22.38,78.52,Saturday,1,0,3,15.18,0.0,0.93,0.01,0,0.781
2025-07-19 04:00:00,27.88,60.0,Saturday,1,0,1,13.87,0.73,0.78,0.0,0,0.681
2025-07-19 05:00:00,27.28,77.96,Saturday,1,0,1,12.46,0.35,1.0,0.07,0,0.608
2025-07-19 06:00:00,23.24,76.37,Saturday,1,0,2,10.31,0.0,0.42,0.17,0,0.333
2025-07-19 07:00:00,24.22,84.26,Saturday,1,0,2,7.8,0.0,0.71,0.05,0,0.372
2025-07-19 08:00:00,30.84,74.7,Saturday,1,0,4,8.35,0.89,0.75,0.06,0,0.436
2025-07-19 09:00:00,25.43,83.23,Saturday,1,0,2,3.99,0.0,0.94,0.17,0,0.806
2025-07-19 10:00:00,27.59,70.25,Saturday,1,0,3,4.66,0.77,0.97,0.03,1,2.349
2025-07-19 11:00:00,25.58,82.67,Saturday,1,0,3,6.83,0.0,0.76,0.05,0,0.52
2025-07-19 12:00:00,23.61,89.78,Saturday,1,0,1,4.26,0.0,0.66,0.14,0,0.138
2025-07-19 13:00:00,27.79,79.31,Saturday,1,0,3,6.13,0.69,0.8,0.15,0,1.491
2025-07-19 14:00:00,28.4,78.89,Saturday,1,0,0,0.0,0.0,0.0,0.0,0,0.192
2025-07-19 15:00:00,28.93,75.31,Saturday,1,0,1,7.29,0.29,0.63,0.0,1,1.435
2025-07-19 16:00:00,30.17,70.72,Saturday,1,0,3,5.19,0.56,0.89,0.08,0,1.325
2025-07-19 17:00:00,31.47,75.98,Saturday,1,0,2,10.61,0.76,0.84,0.14,0,1.484
2025-07-19 18:00:00,31.2,64.89,Saturday,1,0,2,8.33,0.8,0.58,0.97,0,1.906
2025-07-19 19:00:00,29.5,71.86,Saturday,1,0,0,0.0,0.0,0.0,0.0,0,0.216
2025-07-19 20:00:00,32.75,62.17,Saturday,1,0,1,14.33,0.64,0.55,0.54,1,2.114
2025-07-19 21:00:00,28.27,71.54,Saturday,1,0,2,13.53,0.75,0.57,0.79,0,0.375
2025-07-19 22:00:00,27.78,78.7,Saturday,1,0,2,13.87,0.33,0.79,0.37,0,1.336
2025-07-19 23:00:00,32.33,73.93,Saturday,1,0,0,0.0,0.0,0.0,0.0,0,0.215
2025-07-20 00:00:00,31.29,72.59,Sunday,1,0,4,16.0,0.65,1.0,0.05,0,2.597
2025-07-20 01:00:00,29.55,74.76,Sunday,1,0,2,14.16,0.42,0.52,0.19,0,1.148
2025-07-20 02:00:00,26.36,67.34,Sunday,1,0,1,14.13,0.0,0.83,0.12,0,0.111
2025-07-20 03:00:00,26.83,74.49,Sunday,1,0,1,15.15,0.0,0.82,0.02,0,0.678
2025-07-20 04:00:00,26.9,72.88,Sunday,1,0,3,11.05,0.0,0.8,0.07,0,0.445
2025-07-20 05:00:00,23.88,75.71,Sunday,1,0,2,13.46,0.0,0.51,0.14,0,0.327
2025-07-20 06:00:00,24.95,81.04,Sunday,1,0,4,9.33,0.0,0.56,0.17,0,0.468
2025-07-20 07:00:00,27.15,71.76,Sunday,1,0,0,0.0,0.0,0.0,0.0,0,0.376
2025-07-20 08:00:00,28.45,71.88,Sunday,1,0,1,9.13,0.82,0.65,0.03,1,3.195
2025-07-20 09:00:00,25.22,67.36,Sunday,1,0,0,0.0,0.0,0.0,0.0,0,0.258
2025-07-20 10:00:00,27.64,74.15,Sunday,1,0,2,3.0,0.95,0.5,0.07,0,1.723
2025-07-20 11:00:00,23.31,74.08,Sunday,1,0,3,5.01,0.0,0.63,0.01,1,1.023
2025-07-20 12:00:00,28.56,75.19,Sunday,1,0,1,3.34,0.7,0.42,0.08,0,0.963
2025-07-20 13:00:00,26.65,71.76,Sunday,1,0,2,6.37,0.0,0.82,0.16,0,0.356
2025-07-20 14:00:00,29.43,74.54,Sunday,1,0,3,8.25,0.94,0.66,0.09,0,1.547
2025-07-20 15:00:00,29.21,73.49,Sunday,1,0,3,7.27,0.55,0.82,0.17,0,1.198
2025-07-20 16:00:00,32.75,79.38,Sunday,1,0,3,6.36,0.3,0.66,0.13,1,1.922
2025-07-20 17:00:00,29.42,76.5,Sunday,1,0,3,10.04,0.18,0.81,0.04,0,0.249
2025-07-20 18:00:00,32.6,61.96,Sunday,1,0,1,9.92,0.34,1.0,0.61,1,1.955
2025-07-20 19:00:00,31.27,66.03,Sunday,1,0,1,11.18,0.85,0.62,0.4,0,1.795
2025-07-20 20:00:00,31.59,72.34,Sunday,1,0,1,11.77,0.56,0.87,1.0,0,1.908
2025-07-20 21:00:00,31.44,67.55,Sunday,1,0,1,13.69,0.46,0.59,0.34,0,1.035
2025-07-20 22:00:00,29.95,58.7,Sunday,1,0,4,14.22,0.54,0.72,0.61,0,1.221
2025-07-20 23:00:00,30.97,79.37,Sunday,1,0,1,11.22,0.86,0.87,0.38,0,1.741
2025-07-21 00:00:00,30.26,76.86,Monday,0,0,3,15.04,0.81,0.82,0.0,0,1.247
2025-07-21 01:00:00,30.09,76.03,Monday,0,0,3,14.62,0.69,0.92,0.02,0,1.215
2025-07-21 02:00:00,29.03,71.34,Monday,0,0,2,14.85,0.5,0.99,0.15,0,0.961
2025-07-21 03:00:00,29.54,76.06,Monday,0,0,0,0.0,0.0,0.0,0.0,0,0.272
2025-07-21 04:00:00,29.04,70.84,Monday,0,0,2,13.27,0.62,0.98,0.12,0,0.888
2025-07-21 05:00:00,24.86,79.15,Monday,0,0,2,11.34,0.0,0.8,0.12,0,0.343
2025-07-21 06:00:00,27.84,70.84,Monday,0,0,4,10.74,0.62,0.57,0.2,0,0.904
2025-07-21 07:00:00,23.84,86.62,Monday,0,0,1,6.26,0.0,0.95,0.14,0,0.33
2025-07-21 08:00:00,26.93,68.41,Monday,0,0,1,5.65,0.0,0.65,0.14,0,0.215
2025-07-21 09:00:00,27.09,82.28,Monday,0,0,0,0.0,0.0,0.0,0.0,0,0.33
2025-07-21 10:00:00,22.84,80.14,Monday,0,0,2,5.89,0.0,0.44,0.18,0,0.363
2025-07-21 11:00:00,26.92,73.82,Monday,0,0,2,4.65,0.0,0.66,0.06,1,0.955
2025-07-21 12:00:00,26.53,77.46,Monday,0,0,4,4.78,0.0,0.58,0.06,1,0.68
2025-07-21 13:00:00,26.73,80.11,Monday,0,1,2,3.08,0.0,0.85,0.09,0,0.576
2025-07-21 14:00:00,31.31,79.16,Monday,0,1,4,3.86,0.64,0.61,0.14,0,1.223
2025-07-21 15:00:00,28.48,76.44,Monday,0,0,0,0.0,0.0,0.0,0.0,0,0.282
2025-07-21 16:00:00,28.93,70.01,Monday,0,0,0,0.0,0.0,0.0,0.0,0,0.2
2025-07-21 17:00:00,31.13,72.76,Monday,0,0,3,7.73,0.58,1.0,0.05,0,1.2
2025-07-21 18:00:00,32.71,80.15,Monday,0,0,3,9.1,0.52,0.87,0.64,0,1.946
2025-07-21 19:00:00,31.52,78.87,Monday,0,0,2,11.19,0.8,0.82,0.62,0,1.323
2025-07-21 20:00:00,33.98,74.47,Monday,0,0,3,13.64,0.41,0.76,0.49,0,0.987
2025-07-21 21:00:00,32.73,75.02,Monday,0,0,4,12.5,1.0,0.56,0.97,0,2.34
2025-07-21 22:00:00,27.55,79.2,Monday,0,0,2,15.06,0.53,0.53,0.89,0,1.13
2025-07-21 23:00:00,30.04,79.25,Monday,0,0,1,16.0,0.63,0.82,0.53,0,1.679
2025-07-22 00:00:00,29.37,71.79,Tuesday,0,0,2,16.0,0.51,0.4,0.06,0,1.541
2025-07-22 01:00:00,30.52,66.26,Tuesday,0,0,4,15.56,0.84,0.74,0.09,0,2.475
2025-07-22 02:00:00,24.15,79.11,Tuesday,0,0,2,14.44,0.0,0.78,0.01,0,0.706
2025-07-22 03:00:00,32.69,66.99,Tuesday,0,0,2,11.92,0.41,0.4,0.08,0,1.023
2025-07-22 04:00:00,28.33,69.73,Tuesday,0,0,3,12.91,0.19,0.74,0.19,0,0.692
2025-07-22 05:00:00,27.02,72.58,Tuesday,0,0,1,10.73,0.79,0.75,0.11,0,1.223
2025-07-22 06:00:00,28.41,87.36,Tuesday,0,0,2,12.06,0.81,1.0,0.04,0,2.04
2025-07-22 07:00:00,30.2,74.0,Tuesday,0,0,0,0.0,0.0,0.0,0.0,0,0.265
2025-07-22 08:00:00,27.44,77.61,Tuesday,0,0,3,7.26,0.6,0.97,0.08,0,0.912
2025-07-22 09:00:00,27.69,69.47,Tuesday,0,0,0,0.0,0.0,0.0,0.0,0,0.158
2025-07-22 10:00:00,26.51,67.42,Tuesday,0,0,3,4.95,0.0,0.81,0.07,0,0.503
2025-07-22 11:00:00,26.5,72.55,Tuesday,0,0,0,0.0,0.0,0.0,0.0,0,0.232
2025-07-22 12:00:00,26.52,83.82,Tuesday,0,0,0,0.0,0.0,0.0,0.0,0,0.06
2025-07-22 13:00:00,26.61,78.22,Tuesday,0,0,0,0.0,0.0,0.0,0.0,0,0.229
2025-07-22 14:00:00,27.64,78.62,Tuesday,0,0,0,0.0,0.0,0.0,0.0,0,0.295
2025-07-22 15:00:00,27.22,79.69,Tuesday,0,0,0,0.0,0.0,0.0,0.0,0,0.276
2025-07-22 16:00:00,30.24,70.33,Tuesday,0,0,0,0.0,0.0,0.0,0.0,0,0.374
2025-07-22 17:00:00,27.97,82.27,Tuesday,0,0,2,10.07,0.94,0.77,0.05,0,1.872
2025-07-22 18:00:00,31.82,68.7,Tuesday,0,0,1,9.5,0.64,0.71,0.86,0,1.652
2025-07-22 19:00:00,31.71,78.99,Tuesday,0,0,2,14.35,0.56,0.53,0.5,0,1.312
2025-07-22 20:00:00,32.14,73.78,Tuesday,0,0,3,14.67,0.35,0.56,0.61,0,0.887
2025-07-22 21:00:00,30.83,63.8,Tuesday,0,0,0,0.0,0.0,0.0,0.0,0,0.084
2025-07-22 22:00:00,37.01,63.45,Tuesday,0,0,4,15.9,0.2,0.85,0.88,0,0.387
2025-07-22 23:00:00,33.45,61.47,Tuesday,0,0,0,0.0,0.0,0.0,0.0,0,0.307
2025-07-23 00:00:00,28.14,80.99,Wednesday,0,0,0,0.0,0.0,0.0,0.0,0,0.252
2025-07-23 01:00:00,30.07,73.31,Wednesday,0,0,1,13.47,0.46,0.69,0.16,0,1.045
2025-07-23 02:00:00,27.78,64.35,Wednesday,0,0,3,14.94,0.96,0.54,0.15,0,1.309
2025-07-23 03:00:00,26.27,78.73,Wednesday,0,0,4,12.46,0.0,0.67,0.11,0,0.643
2025-07-23 04:00:00,24.96,75.35,Wednesday,0,0,2,13.79,0.0,0.54,0.1,0,0.538
2025-07-23 05:00:00,27.53,68.3,Wednesday,0,0,2,13.91,0.58,0.0,0.16,0,1.125
2025-07-23 06:00:00,25.05,86.34,Wednesday,0,0,2,10.68,0.0,0.75,0.14,0,0.311
2025-07-23 07:00:00,27.72,76.09,Wednesday,0,0,3,9.18,0.3,0.68,0.16,0,0.594
2025-07-23 08:00:00,27.67,74.13,Wednesday,0,0,3,7.33,0.67,1.0,0.04,0,0.882
2025-07-23 09:00:00,28.45,72.9,Wednesday,0,0,0,0.0,0.0,0.0,0.0,0,0.287
2025-07-23 10:00:00,24.74,70.66,Wednesday,0,0,0,0.0,0.0,0.0,0.0,0,0.341
2025-07-23 11:00:00,27.61,69.13,Wednesday,0,0,0,0.0,0.0,0.0,0.0,0,0.162
2025-07-23 12:00:00,28.51,81.26,Wednesday,0,0,0,0.0,0.0,0.0,0.0,0,0.214
2025-07-23 13:00:00,27.25,73.61,Wednesday,0,0,0,0.0,0.0,0.0,0.0,0,0.29
2025-07-23 14:00:00,27.49,75.87,Wednesday,0,0,0,0.0,0.0,0.0,0.0,0,0.174
2025-07-23 15:00:00,32.55,60.98,Wednesday,0,0,0,0.0,0.0,0.0,0.0,0,0.299
2025-07-23 16:00:00,30.79,66.2,Wednesday,0,0,0,0.0,0.0,0.0,0.0,0,0.346
2025-07-23 17:00:00,32.14,74.62,Wednesday,0,0,0,0.0,0.0,0.0,0.0,0,0.324
2025-07-23 18:00:00,29.99,75.39,Wednesday,0,0,2,9.14,0.76,0.49,0.45,0,1.033
2025-07-23 19:00:00,29.58,82.65,Wednesday,0,1,3,12.0,0.3,0.76,0.57,0,1.437
2025-07-23 20:00:00,30.85,79.45,Wednesday,0,0,0,0.0,0.0,0.0,0.0,0,0.288
2025-07-23 21:00:00,31.55,70.95,Wednesday,0,0,2,12.73,0.48,0.92,0.97,0,0.902
2025-07-23 22:00:00,29.56,76.26,Wednesday,0,0,3,15.52,0.71,0.71,0.32,0,2.581
2025-07-23 23:00:00,30.98,71.03,Wednesday,0,0,2,13.49,0.32,0.29,0.52,0,0.783
2025-07-24 00:00:00,27.34,86.17,Thursday,0,0,2,13.21,0.96,0.67,0.17,0,1.644
2025-07-24 01:00:00,27.64,81.37,Thursday,0,0,0,0.0,0.0,0.0,0.0,0,0.257
2025-07-24 02:00:00,30.08,74.27,Thursday,0,0,4,13.6,0.45,0.6,0.18,0,1.538
2025-07-24 03:00:00,29.19,75.23,Thursday,0,0,3,13.12,0.38,0.51,0.04,0,0.195
2025-07-24 04:00:00,26.67,83.72,Thursday,0,0,3,9.8,0.0,1.0,0.14,0,0.64
2025-07-24 05:00:00,24.92,80.97,Thursday,0,0,4,9.39,0.0,0.67,0.1,0,0.253
2025-07-24 06:00:00,24.43,86.31,Thursday,0,0,3,10.33,0.0,0.93,0.14,0,0.629
2025-07-24 07:00:00,25.31,66.76,Thursday,0,0,4,8.36,0.0,0.67,0.11,0,0.755
2025-07-24 08:00:00,27.04,78.47,Thursday,0,0,3,8.86,0.31,0.69,0.13,0,0.978
2025-07-24 09:00:00,27.65,73.04,Thursday,0,0,0,0.0,0.0,0.0,0.0,0,0.203
2025-07-24 10:00:00,25.38,86.44,Thursday,0,1,4,5.42,0.0,0.58,0.04,0,0.706
2025-07-24 11:00:00,24.68,86.02,Thursday,0,0,0,0.0,0.0,0.0,0.0,0,0.397
2025-07-24 12:00:00,27.86,75.59,Thursday,0,0,0,0.0,0.0,0.0,0.0,0,0.331
2025-07-24 13:00:00,26.62,84.22,Thursday,0,0,0,0.0,0.0,0.0,0.0,0,0.294
2025-07-24 14:00:00,27.94,84.27,Thursday,0,0,0,0.0,0.0,0.0,0.0,0,0.301
2025-07-24 15:00:00,32.04,72.04,Thursday,0,0,0,0.0,0.0,0.0,0.0,0,0.187
2025-07-24 16:00:00,31.87,84.18,Thursday,0,0,2,9.21,0.87,0.68,0.04,0,1.528
2025-07-24 17:00:00,31.28,72.19,Thursday,0,0,0,0.0,0.0,0.0,0.0,0,0.283
2025-07-24 18:00:00,29.19,73.16,Thursday,0,0,3,10.6,1.0,0.9,0.46,0,1.963
2025-07-24 19:00:00,32.15,75.89,Thursday,0,0,2,11.83,0.06,0.78,0.74,0,1.008
2025-07-24 20:00:00,33.79,68.32,Thursday,0,0,0,0.0,0.0,0.0,0.0,0,0.281
2025-07-24 21:00:00,31.1,72.94,Thursday,0,0,2,13.54,0.86,1.0,0.36,0,1.203
2025-07-24 22:00:00,33.91,77.03,Thursday,0,0,1,16.0,0.84,0.95,0.53,0,1.078
2025-07-24 23:00:00,33.32,70.6,Thursday,0,0,1,16.0,0.47,0.84,0.45,0,1.227
2025-07-25 00:00:00,33.37,61.99,Friday,0,0,2,15.94,0.45,0.25,0.1,0,1.276
2025-07-25 01:00:00,30.2,75.15,Friday,0,0,0,0.0,0.0,0.0,0.0,0,0.35
2025-07-25 02:00:00,29.93,70.08,Friday,0,0,0,0.0,0.0,0.0,0.0,0,0.311
2025-07-25 03:00:00,30.65,77.25,Friday,0,0,2,11.57,0.53,1.0,0.02,0,0.763
2025-07-25 04:00:00,28.18,78.62,Friday,0,0,3,10.36,1.0,0.95,0.01,0,2.008
2025-07-25 05:00:00,25.85,84.59,Friday,0,0,2,9.56,0.0,0.51,0.07,0,0.403
2025-07-25 06:00:00,25.47,82.11,Friday,0,0,3,10.4,0.0,0.51,0.01,0,0.677
2025-07-25 07:00:00,26.41,82.18,Friday,0,0,2,8.42,0.0,0.48,0.1,0,0.377
2025-07-25 08:00:00,23.55,75.96,Friday,0,0,2,9.79,0.0,0.77,0.16,0,0.311
2025-07-25 09:00:00,25.72,81.37,Friday,0,0,0,0.0,0.0,0.0,0.0,0,0.161
2025-07-25 10:00:00,28.25,84.92,Friday,0,0,0,0.0,0.0,0.0,0.0,0,0.431
2025-07-25 11:00:00,22.81,76.53,Friday,0,0,0,0.0,0.0,0.0,0.0,0,0.257
2025-07-25 12:00:00,30.14,82.37,Friday,0,0,2,6.35,0.48,0.67,0.18,0,1.964
2025-07-25 13:00:00,30.12,70.64,Friday,0,0,2,5.39,0.86,0.82,0.19,0,2.216
2025-07-25 14:00:00,28.05,71.0,Friday,0,0,2,6.22,0.28,0.63,0.13,0,0.541
2025-07-25 15:00:00,30.63,74.41,Friday,0,0,2,6.73,0.53,0.52,0.0,0,1.1
2025-07-25 16:00:00,30.38,76.74,Friday,0,0,0,0.0,0.0,0.0,0.0,0,0.412
2025-07-25 17:00:00,33.21,75.17,Friday,0,0,2,8.68,0.6,0.98,0.04,0,1.803
2025-07-25 18:00:00,33.24,65.77,Friday,0,0,1,13.17,0.58,0.52,0.77,0,1.745
2025-07-25 19:00:00,29.25,76.34,Friday,0,0,3,12.16,1.0,0.65,0.32,0,2.084
2025-07-25 20:00:00,32.93,67.43,Friday,0,0,1,12.8,0.16,0.66,0.39,0,0.372
2025-07-25 21:00:00,31.4,64.79,Friday,0,0,3,12.43,0.61,0.23,0.92,0,0.77
2025-07-25 22:00:00,31.62,67.39,Friday,0,0,0,0.0,0.0,0.0,0.0,0,0.281
2025-07-25 23:00:00,29.69,70.03,Friday,0,0,0,0.0,0.0,0.0,0.0,0,0.159
2025-07-26 00:00:00,33.52,72.94,Saturday,1,0,1,11.27,0.99,0.99,0.07,0,2.144
2025-07-26 01:00:00,31.53,77.89,Saturday,1,0,3,14.91,0.42,0.66,0.1,0,1.404
2025-07-26 02:00:00,27.54,68.34,Saturday,1,0,2,14.29,0.43,1.0,0.1,0,0.514
2025-07-26 03:00:00,25.7,79.13,Saturday,1,0,1,14.29,0.0,0.32,0.19,0,0.204
2025-07-26 04:00:00,26.68,70.6,Saturday,1,0,3,12.9,0.0,0.96,0.17,0,0.602
2025-07-26 05:00:00,27.54,78.86,Saturday,1,0,3,13.57,0.57,0.57,0.17,0,1.018
2025-07-26 06:00:00,26.71,73.35,Saturday,1,0,2,10.15,0.0,0.99,0.03,0,0.462
2025-07-26 07:00:00,28.23,69.83,Saturday,1,0,2,8.61,0.6,0.76,0.18,0,1.649
2025-07-26 08:00:00,27.3,79.93,Saturday,1,0,2,8.93,0.95,0.45,0.08,0,1.451
2025-07-26 09:00:00,27.72,72.61,Saturday,1,0,1,8.76,1.0,0.81,0.11,0,1.647
2025-07-26 10:00:00,26.87,74.74,Saturday,1,0,2,6.7,0.0,0.75,0.12,0,0.475
2025-07-26 11:00:00,24.25,67.57,Saturday,1,1,3,6.69,0.0,0.81,0.09,0,0.213
2025-07-26 12:00:00,27.02,80.91,Saturday,1,0,2,4.67,0.37,0.55,0.07,0,1.289
2025-07-26 13:00:00,30.01,77.6,Saturday,1,0,2,5.36,0.59,0.46,0.05,0,1.43
2025-07-26 14:00:00,28.78,74.62,Saturday,1,0,2,7.9,0.63,0.9,0.1,0,1.032
2025-07-26 15:00:00,30.56,65.36,Saturday,1,0,2,7.25,0.22,0.73,0.17,0,0.905
2025-07-26 16:00:00,29.8,79.72,Saturday,1,0,2,7.14,0.74,0.89,0.15,1,1.438
2025-07-26 17:00:00,29.14,70.94,Saturday,1,0,2,8.75,0.54,0.89,0.1,0,0.937
2025-07-26 18:00:00,31.25,70.11,Saturday,1,0,0,0.0,0.0,0.0,0.0,0,0.165
2025-07-26 19:00:00,32.33,82.96,Saturday,1,0,3,12.98,0.66,1.0,0.76,0,1.612
2025-07-26 20:00:00,30.7,69.36,Saturday,1,0,1,11.24,0.22,0.8,0.92,0,0.733
2025-07-26 21:00:00,31.35,76.0,Saturday,1,0,2,14.08,0.8,0.5,0.56,0,1.737
2025-07-26 22:00:00,29.78,76.51,Saturday,1,0,2,14.32,0.31,0.56,0.38,0,0.749
2025-07-26 23:00:00,33.01,72.74,Saturday,1,0,3,14.73,0.34,0.68,0.37,0,1.232
2025-07-27 00:00:00,29.85,75.05,Sunday,1,0,0,0.0,0.0,0.0,0.0,0,0.247
2025-07-27 01:00:00,32.27,73.34,Sunday,1,0,1,14.47,0.58,1.0,0.16,0,1.541
2025-07-27 02:00:00,31.63,73.39,Sunday,1,0,3,13.47,0.21,0.71,0.07,0,0.966
2025-07-27 03:00:00,27.95,75.08,Sunday,1,0,1,12.31,0.61,1.0,0.19,0,1.322
2025-07-27 04:00:00,25.56,85.05,Sunday,1,1,3,12.24,0.0,1.0,0.04,0,0.386
2025-07-27 05:00:00,23.0,73.24,Sunday,1,0,4,10.19,0.0,0.86,0.08,0,0.241
2025-07-27 06:00:00,23.63,84.34,Sunday,1,0,1,8.7,0.0,0.91,0.03,0,0.518
2025-07-27 07:00:00,23.51,83.46,Sunday,1,0,1,7.37,0.0,0.64,0.05,0,0.239
2025-07-27 08:00:00,28.36,78.47,Sunday,1,0,1,6.25,0.8,1.0,0.02,0,1.591
2025-07-27 09:00:00,26.19,82.52,Sunday,1,0,2,5.32,0.0,0.59,0.02,1,0.921
2025-07-27 10:00:00,26.98,75.76,Sunday,1,0,4,6.27,0.0,1.0,0.13,0,0.559
2025-07-27 11:00:00,22.76,70.67,Sunday,1,0,2,2.23,0.0,0.49,0.16,0,0.342
2025-07-27 12:00:00,25.22,77.44,Sunday,1,0,2,3.95,0.0,0.91,0.02,0,0.577
2025-07-27 13:00:00,29.7,68.82,Sunday,1,0,2,5.02,0.61,1.0,0.04,0,0.897
2025-07-27 14:00:00,29.39,70.39,Sunday,1,0,2,7.39,0.54,0.98,0.06,0,1.308
2025-07-27 15:00:00,29.39,67.84,Sunday,1,0,2,6.1,0.7,0.63,0.19,0,1.796
2025-07-27 16:00:00,31.39,69.86,Sunday,1,0,2,7.27,0.99,0.68,0.12,0,2.26
2025-07-27 17:00:00,33.94,66.97,Sunday,1,0,2,8.57,0.44,1.0,0.02,0,1.462
2025-07-27 18:00:00,31.08,60.64,Sunday,1,0,3,7.26,0.53,0.62,0.47,0,1.232
2025-07-27 19:00:00,31.9,75.29,Sunday,1,0,1,12.28,0.52,0.63,0.94,0,1.375
2025-07-27 20:00:00,32.22,82.6,Sunday,1,0,1,13.43,0.3,1.0,0.87,0,1.595
2025-07-27 21:00:00,36.08,71.06,Sunday,1,0,4,14.76,0.86,0.73,0.97,0,2.304
2025-07-27 22:00:00,27.7,74.56,Sunday,1,0,3,16.0,0.72,0.74,0.59,0,1.705
2025-07-27 23:00:00,32.23,71.22,Sunday,1,0,3,12.88,0.15,1.0,0.61,0,1.189
2025-07-28 00:00:00,30.17,71.24,Monday,0,0,2,12.77,0.65,0.59,0.0,0,1.085
2025-07-28 01:00:00,30.67,73.34,Monday,0,0,2,15.89,1.0,0.57,0.1,0,1.827
2025-07-28 02:00:00,27.69,75.39,Monday,0,0,2,13.82,0.72,0.79,0.07,0,1.467
2025-07-28 03:00:00,28.01,71.08,Monday,0,0,1,12.06,1.0,0.76,0.19,0,1.778
2025-07-28 04:00:00,28.66,83.12,Monday,0,0,3,12.08,0.51,0.56,0.01,0,1.758
2025-07-28 05:00:00,32.36,63.94,Monday,0,0,2,10.37,0.89,0.95,0.05,0,2.081
2025-07-28 06:00:00,27.73,79.13,Monday,0,1,1,12.59,0.98,0.75,0.05,0,1.948
2025-07-28 07:00:00,24.45,77.99,Monday,0,0,2,12.1,0.0,0.77,0.08,0,0.416
2025-07-28 08:00:00,25.11,87.4,Monday,0,0,1,5.05,0.0,0.75,0.18,0,0.474
2025-07-28 09:00:00,25.16,79.56,Monday,0,0,0,0.0,0.0,0.0,0.0,0,0.274
2025-07-28 10:00:00,23.05,77.96,Monday,0,0,0,0.0,0.0,0.0,0.0,0,0.281
2025-07-28 11:00:00,26.16,75.72,Monday,0,0,0,0.0,0.0,0.0,0.0,0,0.254
2025-07-28 12:00:00,28.7,74.87,Monday,0,0,0,0.0,0.0,0.0,0.0,0,0.199
2025-07-28 13:00:00,25.81,71.56,Monday,0,0,2,4.88,0.0,0.75,0.0,0,0.485
2025-07-28 14:00:00,30.76,68.98,Monday,0,0,4,5.0,0.63,1.0,0.18,0,2.199
2025-07-28 15:00:00,30.53,64.1,Monday,0,0,0,0.0,0.0,0.0,0.0,0,0.244
2025-07-28 16:00:00,29.05,69.74,Monday,0,0,0,0.0,0.0,0.0,0.0,0,0.225
2025-07-28 17:00:00,30.74,73.3,Monday,0,0,0,0.0,0.0,0.0,0.0,0,0.396
2025-07-28 18:00:00,34.35,71.08,Monday,0,0,3,9.46,0.71,0.99,0.55,1,3.413
2025-07-28 19:00:00,33.09,60.82,Monday,0,0,4,10.68,0.45,0.73,0.64,1,1.978
2025-07-28 20:00:00,31.89,71.11,Monday,0,0,2,10.22,0.44,0.4,0.41,0,1.554
2025-07-28 21:00:00,31.35,75.11,Monday,0,0,0,0.0,0.0,0.0,0.0,0,0.09
2025-07-28 22:00:00,31.61,71.23,Monday,0,0,3,15.77,0.75,0.88,0.42,0,1.86
2025-07-28 23:00:00,30.08,70.26,Monday,0,0,3,15.72,0.54,1.0,0.45,0,1.315
2025-07-29 00:00:00,26.59,74.51,Tuesday,0,0,3,16.0,0.0,0.77,0.11,0,1.015
2025-07-29 01:00:00,33.33,67.8,Tuesday,0,0,2,13.02,0.44,0.9,0.1,0,1.24
2025-07-29 02:00:00,29.16,71.08,Tuesday,0,1,3,12.5,0.76,0.86,0.15,0,2.324
2025-07-29 03:00:00,28.82,75.43,Tuesday,0,0,2,15.24,0.76,0.76,0.03,0,1.443
2025-07-29 04:00:00,27.27,87.49,Tuesday,0,0,2,13.74,0.66,0.99,0.01,0,1.253
2025-07-29 05:00:00,25.43,73.89,Tuesday,0,0,3,10.91,0.0,0.38,0.19,0,0.489
2025-07-29 06:00:00,25.94,75.56,Tuesday,0,0,1,11.28,0.0,0.77,0.06,0,0.271
2025-07-29 07:00:00,23.1,79.45,Tuesday,0,0,1,6.9,0.0,0.92,0.16,0,0.374
2025-07-29 08:00:00,29.98,70.09,Tuesday,0,0,2,5.63,0.08,0.64,0.06,1,1.461
2025-07-29 09:00:00,23.76,84.61,Tuesday,0,0,2,4.04,0.0,0.81,0.0,0,0.247
2025-07-29 10:00:00,24.42,66.67,Tuesday,0,0,0,0.0,0.0,0.0,0.0,0,0.236
2025-07-29 11:00:00,25.96,74.48,Tuesday,0,0,0,0.0,0.0,0.0,0.0,0,0.404
2025-07-29 12:00:00,29.7,77.87,Tuesday,0,0,3,4.22,1.0,0.57,0.16,0,2.013
2025-07-29 13:00:00,28.13,73.72,Tuesday,0,0,0,0.0,0.0,0.0,0.0,0,0.286
2025-07-29 14:00:00,26.65,72.41,Tuesday,0,0,0,0.0,0.0,0.0,0.0,0,0.166
2025-07-29 15:00:00,31.91,73.98,Tuesday,0,0,4,6.08,0.71,0.31,0.12,0,1.707
2025-07-29 16:00:00,31.69,76.51,Tuesday,0,0,0,0.0,0.0,0.0,0.0,0,0.161
2025-07-29 17:00:00,31.97,72.78,Tuesday,0,0,2,8.49,0.74,0.93,0.1,0,2.142
2025-07-29 18:00:00,32.76,67.01,Tuesday,0,0,4,9.25,0.31,0.71,0.41,0,1.149
2025-07-29 19:00:00,36.08,70.31,Tuesday,0,0,2,13.42,0.96,0.57,0.8,0,1.799
2025-07-29 20:00:00,35.81,66.26,Tuesday,0,0,2,13.68,0.88,0.86,0.58,0,1.908
2025-07-29 21:00:00,30.54,76.74,Tuesday,0,0,1,13.5,0.53,0.47,0.73,0,1.272
2025-07-29 22:00:00,34.4,76.96,Tuesday,0,0,2,16.0,0.96,0.47,0.67,0,2.591
2025-07-29 23:00:00,31.69,58.95,Tuesday,0,0,2,16.0,0.29,0.7,0.62,0,0.671
2025-07-30 00:00:00,31.27,72.91,Wednesday,0,0,2,13.9,0.23,0.72,0.12,0,0.54
2025-07-30 01:00:00,26.61,67.88,Wednesday,0,0,1,15.54,0.0,0.56,0.11,0,0.304
2025-07-30 02:00:00,28.57,87.0,Wednesday,0,0,1,13.72,0.76,0.68,0.17,0,1.879
2025-07-30 03:00:00,26.64,74.19,Wednesday,0,0,2,12.13,0.0,1.0,0.09,0,0.419
2025-07-30 04:00:00,28.87,78.25,Wednesday,0,0,1,11.06,0.93,0.74,0.09,0,1.764
2025-07-30 05:00:00,28.68,74.51,Wednesday,0,0,3,13.68,0.49,0.46,0.14,0,0.782
2025-07-30 06:00:00,22.54,76.19,Wednesday,0,0,3,7.26,0.0,0.76,0.03,0,0.45
2025-07-30 07:00:00,25.94,72.54,Wednesday,0,0,2,9.47,0.0,0.22,0.03,0,0.342
2025-07-30 08:00:00,27.9,83.32,Wednesday,0,0,1,6.26,1.0,1.0,0.12,0,1.278
2025-07-30 09:00:00,25.64,82.2,Wednesday,0,0,0,0.0,0.0,0.0,0.0,0,0.296
2025-07-30 10:00:00,27.59,85.39,Wednesday,0,0,0,0.0,0.0,0.0,0.0,0,0.276
2025-07-30 11:00:00,27.39,76.13,Wednesday,0,0,0,0.0,0.0,0.0,0.0,0,0.165
2025-07-30 12:00:00,27.99,76.75,Wednesday,0,0,0,0.0,0.0,0.0,0.0,0,0.355
2025-07-30 13:00:00,27.61,74.31,Wednesday,0,0,0,0.0,0.0,0.0,0.0,0,0.218
2025-07-30 14:00:00,26.69,75.05,Wednesday,0,0,0,0.0,0.0,0.0,0.0,0,0.2
2025-07-30 15:00:00,27.63,70.42,Wednesday,0,1,1,7.67,0.8,0.56,0.01,0,0.711
2025-07-30 16:00:00,31.65,72.43,Wednesday,0,0,0,0.0,0.0,0.0,0.0,0,0.256
2025-07-30 17:00:00,31.03,68.62,Wednesday,0,0,2,9.82,0.73,0.5,0.09,1,2.068
2025-07-30 18:00:00,31.23,74.61,Wednesday,0,0,4,9.7,0.83,1.0,0.49,0,2.003
2025-07-30 19:00:00,31.01,73.44,Wednesday,0,0,0,0.0,0.0,0.0,0.0,0,0.256
2025-07-30 20:00:00,31.33,73.74,Wednesday,0,0,0,0.0,0.0,0.0,0.0,0,0.278
2025-07-30 21:00:00,33.66,78.58,Wednesday,0,0,4,11.87,0.58,0.34,0.76,0,1.862
2025-07-30 22:00:00,30.87,72.53,Wednesday,0,0,1,15.22,1.0,0.61,0.79,0,2.978
2025-07-30 23:00:00,28.58,78.56,Wednesday,0,0,3,14.55,0.44,0.62,0.6,0,1.172
2025-07-31 00:00:00,31.72,82.21,Thursday,0,0,1,13.14,0.77,0.6,0.17,0,2.079
2025-07-31 01:00:00,29.28,80.68,Thursday,0,0,3,14.61,0.86,1.0,0.18,0,1.88
2025-07-31 02:00:00,28.93,80.23,Thursday,0,0,2,14.36,0.02,0.3,0.11,0,0.577
2025-07-31 03:00:00,30.99,71.07,Thursday,0,0,4,14.43,1.0,0.85,0.06,0,2.966
2025-07-31 04:00:00,27.34,77.04,Thursday,0,0,1,8.92,0.84,0.94,0.16,0,1.889
2025-07-31 05:00:00,27.28,69.36,Thursday,0,0,2,11.88,0.28,0.57,0.06,0,0.904
2025-07-31 06:00:00,24.16,81.25,Thursday,0,0,2,9.23,0.0,0.88,0.18,0,0.267
2025-07-31 07:00:00,25.58,78.85,Thursday,0,0,4,9.92,0.0,0.86,0.02,0,0.416
2025-07-31 08:00:00,26.97,76.34,Thursday,0,0,2,7.5,0.0,0.68,0.14,0,0.292
2025-07-31 09:00:00,23.18,84.77,Thursday,0,0,0,0.0,0.0,0.0,0.0,0,0.208
2025-07-31 10:00:00,26.64,70.49,Thursday,0,0,0,0.0,0.0,0.0,0.0,0,0.265
2025-07-31 11:00:00,26.94,84.43,Thursday,0,0,2,5.67,0.0,1.0,0.02,0,0.501
2025-07-31 12:00:00,27.45,80.3,Thursday,0,0,0,0.0,0.0,0.0,0.0,0,0.222
2025-07-31 13:00:00,29.97,73.18,Thursday,0,0,1,3.83,0.65,0.67,0.14,0,1.472
2025-07-31 14:00:00,29.48,73.23,Thursday,0,0,0,0.0,0.0,0.0,0.0,0,0.316
2025-07-31 15:00:00,32.31,73.82,Thursday,0,0,0,0.0,0.0,0.0,0.0,0,0.342
2025-07-31 16:00:00,28.59,82.37,Thursday,0,0,0,0.0,0.0,0.0,0.0,0,0.086
2025-07-31 17:00:00,31.24,72.89,Thursday,0,0,2,9.26,0.64,0.47,0.04,0,1.733
2025-07-31 18:00:00,31.63,72.76,Thursday,0,0,3,8.15,0.47,0.82,0.62,1,3.129
2025-07-31 19:00:00,29.85,73.73,Thursday,0,0,2,8.72,0.4,0.98,0.91,1,2.482
2025-07-31 20:00:00,33.6,79.17,Thursday,0,0,1,10.94,0.05,0.86,0.59,0,0.524
2025-07-31 21:00:00,35.96,66.29,Thursday,0,0,1,12.5,0.55,0.57,0.6,0,1.094
2025-07-31 22:00:00,31.44,72.05,Thursday,0,0,3,15.89,0.85,0.68,0.54,0,1.809
2025-07-31 23:00:00,31.91,79.1,Thursday,0,0,2,16.0,0.96,0.82,0.48,0,2.918
2025-08-01 00:00:00,27.51,76.48,Friday,0,0,4,12.11,0.76,0.83,0.02,0,1.777
2025-08-01 01:00:00,25.35,83.37,Friday,0,0,2,14.02,0.0,1.0,0.15,0,0.202
2025-08-01 02:00:00,22.58,75.62,Friday,0,0,2,15.38,0.0,0.91,0.2,0,0.05
2025-08-01 03:00:00,23.81,78.04,Friday,0,0,2,13.38,0.0,0.79,0.18,0,0.596
2025-08-01 04:00:00,21.85,88.25,Friday,0,0,0,0.0,0.0,0.0,0.0,0,0.272
2025-08-01 05:00:00,26.8,72.99,Friday,0,0,0,0.0,0.0,0.0,0.0,0,0.166
2025-08-01 06:00:00,23.05,79.0,Friday,0,0,2,9.6,0.0,0.75,0.2,0,0.353
2025-08-01 07:00:00,22.34,81.68,Friday,0,0,1,8.44,0.0,0.93,0.04,0,0.411
2025-08-01 08:00:00,24.46,73.54,Friday,0,0,2,7.41,0.0,0.57,0.06,0,0.541
2025-08-01 09:00:00,20.94,79.58,Friday,0,0,2,5.2,0.0,0.85,0.12,0,0.566
2025-08-01 10:00:00,21.88,81.37,Friday,0,0,0,0.0,0.0,0.0,0.0,0,0.088
2025-08-01 11:00:00,23.86,79.26,Friday,0,0,4,6.28,0.0,1.0,0.08,0,0.555
2025-08-01 12:00:00,26.21,83.31,Friday,0,0,0,0.0,0.0,0.0,0.0,0,0.32
2025-08-01 13:00:00,25.98,84.82,Friday,0,0,0,0.0,0.0,0.0,0.0,0,0.245
2025-08-01 14:00:00,26.31,72.54,Friday,0,0,2,4.14,0.0,0.54,0.16,0,0.432
2025-08-01 15:00:00,26.78,76.96,Friday,0,0,4,7.22,0.0,1.0,0.16,0,0.706
2025-08-01 16:00:00,28.08,78.6,Friday,0,0,0,0.0,0.0,0.0,0.0,0,0.137
2025-08-01 17:00:00,28.34,82.57,Friday,0,0,4,11.71,0.57,1.0,0.04,0,0.75
2025-08-01 18:00:00,26.6,80.15,Friday,0,0,1,8.06,0.0,0.7,0.99,0,0.485
2025-08-01 19:00:00,28.84,76.0,Friday,0,0,2,10.21,0.59,0.75,0.49,0,1.162
2025-08-01 20:00:00,26.93,79.6,Friday,0,0,2,10.12,0.0,0.41,0.54,0,0.433
2025-08-01 21:00:00,28.9,77.86,Friday,0,0,0,0.0,0.0,0.0,0.0,0,0.234
2025-08-01 22:00:00,27.59,71.03,Friday,0,0,1,11.72,0.27,0.84,0.97,0,0.75
2025-08-01 23:00:00,32.55,72.17,Friday,0,0,1,16.0,0.66,1.0,0.94,0,0.732
2025-08-02 00:00:00,27.29,83.24,Saturday,1,0,2,16.0,0.92,0.66,0.17,0,2.15
2025-08-02 01:00:00,24.11,77.77,Saturday,1,0,2,14.59,0.0,0.87,0.03,0,0.453
2025-08-02 02:00:00,25.62,78.09,Saturday,1,0,2,12.81,0.0,1.0,0.19,0,0.353
2025-08-02 03:00:00,26.02,75.87,Saturday,1,0,1,11.25,0.0,0.83,0.19,0,0.481
2025-08-02 04:00:00,27.37,64.3,Saturday,1,0,3,11.44,0.4,0.67,0.12,0,0.524
2025-08-02 05:00:00,22.68,80.19,Saturday,1,0,2,12.23,0.0,0.63,0.13,0,0.642
2025-08-02 06:00:00,20.41,83.64,Saturday,1,0,3,8.82,0.0,0.66,0.04,0,0.414
2025-08-02 07:00:00,24.43,75.95,Saturday,1,0,2,11.57,0.0,1.0,0.2,0,0.825
2025-08-02 08:00:00,20.37,76.39,Saturday,1,0,3,9.74,0.0,0.59,0.15,0,0.495
2025-08-02 09:00:00,22.18,76.14,Saturday,1,0,1,6.47,0.0,0.25,0.1,0,0.217
2025-08-02 10:00:00,22.8,83.8,Saturday,1,0,0,0.0,0.0,0.0,0.0,0,0.374
2025-08-02 11:00:00,23.61,89.11,Saturday,1,0,3,4.32,0.0,0.76,0.12,0,0.5
2025-08-02 12:00:00,25.6,84.37,Saturday,1,0,4,7.4,0.0,0.67,0.04,0,0.514
2025-08-02 13:00:00,23.85,72.31,Saturday,1,0,0,0.0,0.0,0.0,0.0,0,0.05
2025-08-02 14:00:00,25.37,81.94,Saturday,1,0,1,7.07,0.0,0.68,0.01,0,0.229
2025-08-02 15:00:00,26.61,73.24,Saturday,1,0,4,6.5,0.0,0.42,0.12,0,0.388
2025-08-02 16:00:00,27.63,72.72,Saturday,1,0,1,8.57,0.4,1.0,0.11,0,1.315
2025-08-02 17:00:00,28.16,72.85,Saturday,1,0,2,7.48,0.52,0.81,0.07,0,0.804
2025-08-02 18:00:00,29.24,77.71,Saturday,1,0,4,9.5,1.0,0.78,0.92,0,2.178
2025-08-02 19:00:00,30.28,78.05,Saturday,1,0,3,11.26,1.0,1.0,0.86,0,1.978
2025-08-02 20:00:00,29.57,73.4,Saturday,1,0,2,11.55,0.27,1.0,0.56,0,0.514
2025-08-02 21:00:00,29.57,73.48,Saturday,1,0,0,0.0,0.0,0.0,0.0,0,0.273
2025-08-02 22:00:00,25.61,79.77,Saturday,1,0,2,13.18,0.0,0.83,0.35,0,0.634
2025-08-02 23:00:00,28.07,78.08,Saturday,1,0,1,13.96,0.46,0.95,0.8,0,1.13
2025-08-03 00:00:00,28.22,80.98,Sunday,1,0,3,16.0,0.7,0.92,0.02,0,1.369
2025-08-03 01:00:00,27.95,68.93,Sunday,1,0,2,16.0,0.77,0.98,0.03,0,1.434
2025-08-03 02:00:00,24.61,78.45,Sunday,1,0,2,16.0,0.0,0.98,0.11,0,0.508
2025-08-03 03:00:00,23.9,73.65,Sunday,1,0,4,10.67,0.0,0.65,0.06,0,0.599
2025-08-03 04:00:00,23.33,79.25,Sunday,1,0,1,12.8,0.0,1.0,0.05,0,0.472
2025-08-03 05:00:00,24.7,77.14,Sunday,1,0,3,11.43,0.0,0.72,0.13,0,0.299
2025-08-03 06:00:00,25.12,77.66,Sunday,1,0,2,9.16,0.0,0.82,0.12,0,0.397
2025-08-03 07:00:00,22.23,76.5,Sunday,1,0,2,9.19,0.0,0.9,0.07,0,0.453
2025-08-03 08:00:00,24.49,71.02,Sunday,1,0,3,7.02,0.0,0.57,0.19,0,0.715
2025-08-03 09:00:00,23.18,69.16,Sunday,1,0,3,6.71,0.0,0.86,0.08,0,0.338
2025-08-03 10:00:00,23.04,79.11,Sunday,1,0,3,10.77,0.0,0.91,0.04,1,1.639
2025-08-03 11:00:00,23.36,77.32,Sunday,1,0,3,5.65,0.0,0.28,0.18,0,0.357
2025-08-03 12:00:00,25.7,73.99,Sunday,1,0,2,5.54,0.0,1.0,0.14,0,0.758
2025-08-03 13:00:00,25.67,84.01,Sunday,1,0,2,6.4,0.0,0.55,0.15,0,0.132
2025-08-03 14:00:00,29.95,69.24,Sunday,1,0,2,5.94,0.9,0.82,0.17,0,1.549
2025-08-03 15:00:00,25.1,84.99,Sunday,1,0,2,4.82,0.0,1.0,0.16,0,0.116
2025-08-03 16:00:00,28.29,83.16,Sunday,1,0,2,5.03,0.82,0.91,0.17,0,0.726
2025-08-03 17:00:00,27.03,66.42,Sunday,1,0,2,8.66,0.79,1.0,0.05,0,1.189
2025-08-03 18:00:00,26.89,76.76,Sunday,1,0,3,9.6,0.0,1.0,0.66,0,0.695
2025-08-03 19:00:00,28.74,72.64,Sunday,1,0,2,8.35,0.53,0.63,0.72,0,1.042
2025-08-03 20:00:00,29.11,59.75,Sunday,1,0,4,14.94,0.49,0.49,0.98,0,1.253
2025-08-03 21:00:00,34.01,62.67,Sunday,1,0,2,13.7,0.43,0.85,0.52,0,0.916
2025-08-03 22:00:00,28.13,79.06,Sunday,1,0,2,16.0,0.59,0.93,0.86,0,2.046
2025-08-03 23:00:00,25.95,87.25,Sunday,1,0,3,11.48,0.0,1.0,0.78,0,0.532
2025-08-04 00:00:00,27.85,79.95,Monday,0,0,2,16.0,0.44,0.95,0.03,0,1.868
2025-08-04 01:00:00,22.9,81.51,Monday,0,0,0,0.0,0.0,0.0,0.0,0,0.204
2025-08-04 02:00:00,25.69,77.27,Monday,0,0,2,16.0,0.0,0.97,0.01,0,0.383
2025-08-04 03:00:00,25.11,86.31,Monday,0,0,2,13.86,0.0,0.22,0.17,0,0.606
2025-08-04 04:00:00,25.79,88.03,Monday,0,0,0,0.0,0.0,0.0,0.0,0,0.224
2025-08-04 05:00:00,25.49,74.63,Monday,0,0,3,11.98,0.0,0.53,0.06,0,0.839
2025-08-04 06:00:00,22.35,70.38,Monday,0,0,2,9.36,0.0,0.52,0.16,0,0.494
2025-08-04 07:00:00,22.69,69.59,Monday,0,0,1,7.74,0.0,1.0,0.13,0,0.741
2025-08-04 08:00:00,21.48,87.78,Monday,0,1,3,6.96,0.0,0.76,0.12,0,0.432
2025-08-04 09:00:00,20.93,81.43,Monday,0,0,1,4.26,0.0,0.69,0.16,0,0.396
2025-08-04 10:00:00,23.82,79.98,Monday,0,0,0,0.0,0.0,0.0,0.0,0,0.181
2025-08-04 11:00:00,21.44,72.25,Monday,0,0,1,4.13,0.0,0.86,0.03,0,0.43
2025-08-04 12:00:00,23.61,75.48,Monday,0,0,0,0.0,0.0,0.0,0.0,0,0.257
2025-08-04 13:00:00,23.29,78.06,Monday,0,0,0,0.0,0.0,0.0,0.0,0,0.209
2025-08-04 14:00:00,26.85,77.38,Monday,0,0,0,0.0,0.0,0.0,0.0,0,0.3
2025-08-04 15:00:00,29.88,71.62,Monday,0,0,0,0.0,0.0,0.0,0.0,0,0.313
2025-08-04 16:00:00,25.02,72.8,Monday,0,0,0,0.0,0.0,0.0,0.0,0,0.215
2025-08-04 17:00:00,24.64,74.4,Monday,0,0,4,8.35,0.0,0.67,0.19,0,0.405
2025-08-04 18:00:00,28.23,81.13,Monday,0,0,2,8.59,0.0,0.74,0.75,0,0.46
2025-08-04 19:00:00,28.78,75.82,Monday,0,0,1,11.75,0.66,0.55,0.99,0,1.081
2025-08-04 20:00:00,29.25,77.23,Monday,0,0,1,8.12,0.19,1.0,0.43,0,0.747
2025-08-04 21:00:00,27.95,70.85,Monday,0,0,1,13.37,0.73,0.93,0.76,0,1.93
2025-08-04 22:00:00,28.1,60.45,Monday,0,0,2,15.48,1.0,0.87,0.43,0,2.365
2025-08-04 23:00:00,28.64,72.11,Monday,0,0,2,16.0,0.73,1.0,0.75,0,1.242
2025-08-05 00:00:00,29.23,69.86,Tuesday,0,0,2,14.21,0.54,0.58,0.01,0,1.377
2025-08-05 01:00:00,23.12,81.44,Tuesday,0,0,1,11.47,0.0,1.0,0.04,0,0.365
2025-08-05 02:00:00,25.19,94.25,Tuesday,0,0,3,10.38,0.0,0.19,0.15,0,0.622
2025-08-05 03:00:00,25.47,81.06,Tuesday,0,0,1,14.49,0.0,0.91,0.04,0,0.283
2025-08-05 04:00:00,22.71,93.74,Tuesday,0,0,1,11.97,0.0,1.0,0.19,0,0.681
2025-08-05 05:00:00,26.85,79.18,Tuesday,0,0,0,0.0,0.0,0.0,0.0,0,0.244
2025-08-05 06:00:00,22.12,77.45,Tuesday,0,0,1,7.88,0.0,1.0,0.04,0,0.391
2025-08-05 07:00:00,22.89,81.64,Tuesday,0,0,3,9.22,0.0,0.4,0.04,0,0.275
2025-08-05 08:00:00,23.86,87.93,Tuesday,0,0,4,9.99,0.0,1.0,0.04,0,0.272
2025-08-05 09:00:00,21.9,89.94,Tuesday,0,0,3,6.77,0.0,0.63,0.07,0,0.458
2025-08-05 10:00:00,19.94,79.68,Tuesday,0,0,0,0.0,0.0,0.0,0.0,0,0.293
2025-08-05 11:00:00,22.97,81.1,Tuesday,0,0,0,0.0,0.0,0.0,0.0,0,0.3
2025-08-05 12:00:00,26.21,69.76,Tuesday,0,0,2,7.37,0.0,0.76,0.19,1,1.202
2025-08-05 13:00:00,24.48,82.6,Tuesday,0,1,4,4.83,0.0,0.71,0.12,0,0.563
2025-08-05 14:00:00,24.33,86.37,Tuesday,0,0,0,0.0,0.0,0.0,0.0,0,0.317
2025-08-05 15:00:00,28.3,75.23,Tuesday,0,0,0,0.0,0.0,0.0,0.0,0,0.16
2025-08-05 16:00:00,26.76,73.08,Tuesday,0,0,0,0.0,0.0,0.0,0.0,0,0.348
2025-08-05 17:00:00,27.06,77.95,Tuesday,0,0,1,6.63,0.44,0.75,0.11,0,0.609
2025-08-05 18:00:00,28.73,76.73,Tuesday,0,0,2,10.49,0.46,0.64,0.68,0,0.951
2025-08-05 19:00:00,30.14,73.78,Tuesday,0,0,2,13.49,0.19,0.86,0.96,0,0.872
2025-08-05 20:00:00,33.15,71.56,Tuesday,0,0,2,13.26,0.7,0.84,0.64,0,1.205
2025-08-05 21:00:00,30.25,72.41,Tuesday,0,0,3,14.13,0.83,0.83,0.77,0,1.533
2025-08-05 22:00:00,30.54,77.99,Tuesday,0,0,2,13.52,0.67,0.75,0.64,0,1.954
2025-08-05 23:00:00,27.07,79.82,Tuesday,0,0,3,13.47,0.74,0.58,0.52,0,1.214
2025-08-06 00:00:00,25.51,72.62,Wednesday,0,0,4,12.64,0.0,0.77,0.01,0,0.437
2025-08-06 01:00:00,26.75,71.37,Wednesday,0,0,3,15.97,0.0,0.68,0.13,0,0.359
2025-08-06 02:00:00,26.05,75.78,Wednesday,0,0,2,14.0,0.0,0.23,0.15,0,0.847
2025-08-06 03:00:00,23.14,83.36,Wednesday,0,0,3,11.52,0.0,1.0,0.02,0,0.515
2025-08-06 04:00:00,24.04,79.6,Wednesday,0,0,2,13.96,0.0,0.81,0.15,0,0.585
2025-08-06 05:00:00,24.46,75.27,Wednesday,0,0,3,10.41,0.0,0.74,0.12,0,0.51
2025-08-06 06:00:00,23.91,80.29,Wednesday,0,0,1,8.71,0.0,0.88,0.14,0,0.598
2025-08-06 07:00:00,23.87,77.36,Wednesday,0,0,2,7.96,0.0,0.56,0.14,0,0.336
2025-08-06 08:00:00,23.38,83.86,Wednesday,0,0,3,7.21,0.0,1.0,0.03,0,0.319
2025-08-06 09:00:00,22.05,82.32,Wednesday,0,0,3,7.15,0.0,1.0,0.16,0,0.385
2025-08-06 10:00:00,22.34,78.82,Wednesday,0,0,0,0.0,0.0,0.0,0.0,0,0.14
2025-08-06 11:00:00,21.58,82.24,Wednesday,0,0,1,6.69,0.0,0.59,0.13,0,0.243
2025-08-06 12:00:00,27.57,82.26,Wednesday,0,0,2,5.73,0.7,0.92,0.1,0,0.516
2025-08-06 13:00:00,25.11,75.06,Wednesday,0,0,2,4.4,0.0,0.81,0.17,0,0.409
2025-08-06 14:00:00,25.45,79.6,Wednesday,0,0,0,0.0,0.0,0.0,0.0,0,0.223
2025-08-06 15:00:00,24.96,77.68,Wednesday,0,0,0,0.0,0.0,0.0,0.0,0,0.388
2025-08-06 16:00:00,32.64,73.26,Wednesday,0,1,2,7.6,0.6,0.28,0.11,0,1.126
2025-08-06 17:00:00,26.05,73.78,Wednesday,0,0,3,10.99,0.0,0.52,0.09,0,0.395
2025-08-06 18:00:00,27.68,76.14,Wednesday,0,0,4,9.35,0.84,0.6,0.55,0,2.258
2025-08-06 19:00:00,29.5,79.48,Wednesday,0,0,1,11.58,0.37,0.94,0.99,0,0.532
2025-08-06 20:00:00,29.94,68.87,Wednesday,0,0,1,11.45,0.56,0.21,0.37,0,1.575
2025-08-06 21:00:00,30.48,66.42,Wednesday,0,0,1,14.33,0.63,0.8,0.95,0,1.091
2025-08-06 22:00:00,31.71,65.5,Wednesday,0,0,2,14.74,0.65,0.66,0.58,0,1.025
2025-08-06 23:00:00,28.89,68.64,Wednesday,0,0,3,16.0,0.81,0.91,0.37,0,1.77
2025-08-07 00:00:00,25.46,80.56,Thursday,0,0,1,13.76,0.0,0.95,0.08,0,0.524
2025-08-07 01:00:00,26.17,69.92,Thursday,0,0,2,15.87,0.0,1.0,0.03,0,0.359
2025-08-07 02:00:00,26.41,75.24,Thursday,0,0,1,16.0,0.0,0.46,0.18,0,0.531
2025-08-07 03:00:00,28.8,77.67,Thursday,0,0,4,12.88,1.0,0.54,0.19,0,2.695
2025-08-07 04:00:00,21.84,82.93,Thursday,0,0,3,12.31,0.0,0.76,0.08,0,0.654
2025-08-07 05:00:00,25.9,75.26,Thursday,0,0,4,11.58,0.0,1.0,0.13,0,0.675
2025-08-07 06:00:00,23.58,80.23,Thursday,0,0,1,9.65,0.0,0.86,0.02,0,0.311
2025-08-07 07:00:00,24.47,79.01,Thursday,0,0,2,8.97,0.0,0.78,0.01,0,0.401
2025-08-07 08:00:00,22.67,78.97,Thursday,0,0,1,8.51,0.0,1.0,0.02,0,0.48
2025-08-07 09:00:00,21.44,80.15,Thursday,0,0,2,6.29,0.0,0.65,0.15,0,0.373
2025-08-07 10:00:00,24.61,89.53,Thursday,0,0,0,0.0,0.0,0.0,0.0,0,0.31
2025-08-07 11:00:00,24.92,82.12,Thursday,0,0,0,0.0,0.0,0.0,0.0,0,0.265
2025-08-07 12:00:00,26.11,89.41,Thursday,0,0,0,0.0,0.0,0.0,0.0,0,0.175
2025-08-07 13:00:00,25.06,75.46,Thursday,0,0,2,4.65,0.0,0.36,0.04,0,0.422
2025-08-07 14:00:00,24.78,77.77,Thursday,0,0,0,0.0,0.0,0.0,0.0,0,0.306
2025-08-07 15:00:00,23.83,72.39,Thursday,0,0,0,0.0,0.0,0.0,0.0,0,0.297
2025-08-07 16:00:00,28.83,70.5,Thursday,0,0,0,0.0,0.0,0.0,0.0,0,0.192
2025-08-07 17:00:00,28.74,84.14,Thursday,0,0,0,0.0,0.0,0.0,0.0,0,0.335
2025-08-07 18:00:00,26.72,73.84,Thursday,0,0,4,8.84,0.0,1.0,0.95,0,0.642
2025-08-07 19:00:00,27.79,85.09,Thursday,0,0,2,11.15,1.0,0.95,0.49,0,1.827
2025-08-07 20:00:00,28.02,69.07,Thursday,0,0,2,13.1,0.45,1.0,0.33,0,0.963
2025-08-07 21:00:00,26.09,71.75,Thursday,0,0,0,0.0,0.0,0.0,0.0,0,0.245
2025-08-07 22:00:00,26.98,74.51,Thursday,0,0,2,16.0,0.0,0.61,0.97,0,0.516
2025-08-07 23:00:00,25.94,76.84,Thursday,0,0,4,13.85,0.0,1.0,0.68,0,0.596
2025-08-08 00:00:00,26.62,81.16,Friday,0,0,1,14.77,0.0,0.59,0.08,0,0.262
2025-08-08 01:00:00,25.31,79.98,Friday,0,0,2,16.0,0.0,0.45,0.13,0,0.219
2025-08-08 02:00:00,22.93,77.78,Friday,0,0,1,13.29,0.0,0.54,0.17,0,0.328
2025-08-08 03:00:00,28.72,73.98,Friday,0,0,2,16.0,0.6,0.92,0.07,0,1.201
2025-08-08 04:00:00,26.61,74.95,Friday,0,0,1,12.51,0.0,0.65,0.12,0,0.452
2025-08-08 05:00:00,22.33,75.83,Friday,0,0,1,12.14,0.0,1.0,0.01,0,0.568
2025-08-08 06:00:00,23.75,74.68,Friday,0,0,1,10.03,0.0,1.0,0.19,0,0.509
2025-08-08 07:00:00,23.71,84.3,Friday,0,0,2,10.23,0.0,0.92,0.18,0,0.535
2025-08-08 08:00:00,25.0,68.86,Friday,0,0,1,5.91,0.0,1.0,0.18,0,0.424
2025-08-08 09:00:00,21.49,89.25,Friday,0,0,0,0.0,0.0,0.0,0.0,0,0.073
2025-08-08 10:00:00,25.23,76.08,Friday,0,0,0,0.0,0.0,0.0,0.0,0,0.352
2025-08-08 11:00:00,22.75,76.16,Friday,0,0,2,6.16,0.0,0.89,0.04,1,1.386
2025-08-08 12:00:00,21.95,84.44,Friday,0,0,0,0.0,0.0,0.0,0.0,0,0.271
2025-08-08 13:00:00,26.39,84.18,Friday,0,0,0,0.0,0.0,0.0,0.0,0,0.284
2025-08-08 14:00:00,28.18,80.72,Friday,0,0,3,4.22,0.76,0.71,0.0,0,0.921
2025-08-08 15:00:00,31.29,74.85,Friday,0,0,0,0.0,0.0,0.0,0.0,0,0.361
2025-08-08 16:00:00,25.2,83.26,Friday,0,0,0,0.0,0.0,0.0,0.0,0,0.166
2025-08-08 17:00:00,29.24,65.6,Friday,0,0,2,8.94,0.73,0.6,0.15,0,0.65
2025-08-08 18:00:00,27.72,72.94,Friday,0,0,1,9.42,0.62,1.0,0.54,0,1.425
2025-08-08 19:00:00,30.17,68.79,Friday,0,0,0,0.0,0.0,0.0,0.0,0,0.338
2025-08-08 20:00:00,26.21,83.03,Friday,0,0,2,11.1,0.0,0.45,0.55,1,0.938
2025-08-08 21:00:00,26.48,74.75,Friday,0,0,3,14.21,0.0,0.51,0.63,0,0.516
2025-08-08 22:00:00,27.06,80.37,Friday,0,0,4,12.99,0.72,0.59,0.46,0,1.106
2025-08-08 23:00:00,28.12,77.87,Friday,0,0,2,13.83,0.83,0.57,0.51,0,2.341
2025-08-09 00:00:00,26.2,72.6,Saturday,1,0,2,15.56,0.0,1.0,0.1,0,0.489
2025-08-09 01:00:00,27.82,72.53,Saturday,1,0,1,16.0,0.33,0.59,0.12,0,0.83
2025-08-09 02:00:00,27.71,82.03,Saturday,1,0,3,15.32,0.43,0.72,0.02,0,0.928
2025-08-09 03:00:00,26.16,73.08,Saturday,1,0,2,13.47,0.0,0.43,0.18,0,0.597
2025-08-09 04:00:00,27.27,76.58,Saturday,1,0,2,12.83,0.71,0.63,0.11,0,1.744
2025-08-09 05:00:00,24.49,74.55,Saturday,1,0,4,11.47,0.0,0.9,0.17,0,0.445
2025-08-09 06:00:00,21.07,79.97,Saturday,1,0,3,8.45,0.0,0.92,0.09,0,0.362
2025-08-09 07:00:00,25.41,77.4,Saturday,1,0,1,9.13,0.0,1.0,0.15,0,0.46
2025-08-09 08:00:00,21.77,76.99,Saturday,1,0,1,5.93,0.0,0.5,0.18,1,0.87
2025-08-09 09:00:00,24.6,73.56,Saturday,1,0,3,7.39,0.0,0.58,0.12,0,0.271
2025-08-09 10:00:00,26.09,78.45,Saturday,1,0,2,5.87,0.0,0.95,0.08,0,0.542
2025-08-09 11:00:00,24.56,74.17,Saturday,1,0,3,1.92,0.0,0.74,0.12,0,0.414
2025-08-09 12:00:00,21.67,76.95,Saturday,1,0,0,0.0,0.0,0.0,0.0,0,0.139
2025-08-09 13:00:00,23.43,74.72,Saturday,1,0,3,4.39,0.0,0.9,0.14,0,0.513
2025-08-09 14:00:00,28.24,74.7,Saturday,1,0,3,4.76,0.92,1.0,0.01,0,1.74
2025-08-09 15:00:00,26.33,81.52,Saturday,1,0,3,7.9,0.0,0.58,0.09,0,0.582
2025-08-09 16:00:00,27.5,83.28,Saturday,1,0,2,7.26,0.82,0.72,0.11,0,1.72
2025-08-09 17:00:00,29.35,70.46,Saturday,1,0,2,9.6,0.62,0.72,0.08,0,1.575
2025-08-09 18:00:00,29.71,84.51,Saturday,1,0,1,9.02,0.74,0.51,0.77,0,1.358
2025-08-09 19:00:00,29.26,69.14,Saturday,1,0,4,12.5,0.87,0.82,0.33,0,1.746
2025-08-09 20:00:00,28.48,80.28,Saturday,1,0,1,12.8,0.38,0.62,0.89,0,0.783
2025-08-09 21:00:00,28.19,71.52,Saturday,1,0,0,0.0,0.0,0.0,0.0,0,0.285
2025-08-09 22:00:00,30.0,69.14,Saturday,1,1,4,14.06,0.91,0.91,0.63,0,2.359
2025-08-09 23:00:00,28.98,70.7,Saturday,1,0,3,16.0,1.0,0.82,0.87,0,3.242
2025-08-10 00:00:00,26.9,76.03,Sunday,1,0,3,16.0,0.0,0.53,0.06,0,0.584
2025-08-10 01:00:00,28.58,77.68,Sunday,1,0,3,11.52,0.13,0.8,0.18,0,0.832
2025-08-10 02:00:00,25.63,80.79,Sunday,1,0,2,15.72,0.0,0.78,0.05,0,0.516
2025-08-10 03:00:00,23.55,74.59,Sunday,1,0,4,11.92,0.0,0.61,0.08,0,0.669
2025-08-10 04:00:00,22.99,74.86,Sunday,1,0,0,0.0,0.0,0.0,0.0,0,0.255
2025-08-10 05:00:00,21.98,76.14,Sunday,1,0,3,8.63,0.0,0.79,0.01,0,0.524
2025-08-10 06:00:00,22.77,79.45,Sunday,1,0,2,10.6,0.0,0.4,0.13,0,0.579
2025-08-10 07:00:00,25.18,76.79,Sunday,1,0,2,7.45,0.0,0.48,0.03,0,0.69
2025-08-10 08:00:00,21.41,76.48,Sunday,1,0,1,6.81,0.0,0.43,0.11,0,0.405
2025-08-10 09:00:00,23.3,80.88,Sunday,1,0,1,5.82,0.0,0.45,0.09,0,0.169
2025-08-10 10:00:00,22.08,91.94,Sunday,1,0,0,0.0,0.0,0.0,0.0,0,0.313
2025-08-10 11:00:00,23.27,77.03,Sunday,1,0,1,4.11,0.0,1.0,0.09,0,0.382
2025-08-10 12:00:00,21.64,78.86,Sunday,1,1,1,4.4,0.0,0.9,0.05,1,0.783
2025-08-10 13:00:00,24.68,81.08,Sunday,1,0,1,4.94,0.0,1.0,0.17,0,0.344
2025-08-10 14:00:00,25.51,74.75,Sunday,1,0,1,6.15,0.0,0.6,0.05,0,0.05
2025-08-10 15:00:00,27.61,79.0,Sunday,1,0,3,9.26,0.43,0.25,0.14,0,0.747
2025-08-10 16:00:00,27.76,71.92,Sunday,1,0,4,6.08,0.33,0.6,0.14,0,0.76
2025-08-10 17:00:00,25.82,86.42,Sunday,1,0,4,8.9,0.0,1.0,0.04,0,0.705
2025-08-10 18:00:00,30.41,74.86,Sunday,1,0,3,11.16,0.36,0.65,0.34,0,0.995
2025-08-10 19:00:00,29.13,71.18,Sunday,1,0,3,10.23,0.79,0.74,0.87,0,1.177
2025-08-10 20:00:00,29.22,71.26,Sunday,1,0,3,9.11,0.36,0.7,0.35,0,0.859
2025-08-10 21:00:00,28.74,72.07,Sunday,1,0,3,10.67,0.64,0.92,0.84,0,1.493
2025-08-10 22:00:00,27.52,82.59,Sunday,1,0,2,11.0,0.38,0.96,0.87,0,1.359
2025-08-10 23:00:00,28.37,68.62,Sunday,1,0,1,16.0,0.39,0.36,0.51,0,1.065
2025-08-11 00:00:00,28.21,71.77,Monday,0,0,1,15.92,0.38,0.14,0.13,0,1.277
2025-08-11 01:00:00,23.49,76.55,Monday,0,0,3,15.96,0.0,0.91,0.13,0,0.245
2025-08-11 02:00:00,24.89,78.02,Monday,0,0,3,15.8,0.0,0.7,0.13,0,0.516
2025-08-11 03:00:00,24.62,76.98,Monday,0,0,2,12.67,0.0,0.91,0.11,0,0.515
2025-08-11 04:00:00,24.82,70.71,Monday,0,0,1,15.95,0.0,0.68,0.16,0,0.413
2025-08-11 05:00:00,25.89,75.2,Monday,0,0,2,11.8,0.0,0.88,0.13,0,0.536
2025-08-11 06:00:00,21.87,80.32,Monday,0,0,0,0.0,0.0,0.0,0.0,0,0.152
2025-08-11 07:00:00,22.06,77.5,Monday,0,0,2,10.37,0.0,0.57,0.02,0,0.239
2025-08-11 08:00:00,21.94,84.19,Monday,0,0,0,0.0,0.0,0.0,0.0,0,0.206
2025-08-11 09:00:00,21.52,85.73,Monday,0,0,0,0.0,0.0,0.0,0.0,0,0.224
2025-08-11 10:00:00,22.64,79.74,Monday,0,0,2,7.76,0.0,0.9,0.02,0,0.5
2025-08-11 11:00:00,25.12,79.04,Monday,0,0,4,4.64,0.0,0.71,0.09,0,0.636
2025-08-11 12:00:00,22.46,69.48,Monday,0,0,0,0.0,0.0,0.0,0.0,0,0.16
2025-08-11 13:00:00,25.85,75.13,Monday,0,0,1,3.81,0.0,1.0,0.08,0,0.596
2025-08-11 14:00:00,22.79,85.01,Monday,0,0,0,0.0,0.0,0.0,0.0,0,0.208
2025-08-11 15:00:00,25.62,75.32,Monday,0,0,0,0.0,0.0,0.0,0.0,0,0.279
2025-08-11 16:00:00,26.77,72.72,Monday,0,0,0,0.0,0.0,0.0,0.0,0,0.201
2025-08-11 17:00:00,30.99,83.99,Monday,0,0,2,5.73,0.26,0.69,0.04,0,1.262
2025-08-11 18:00:00,27.96,84.43,Monday,0,0,1,8.92,0.67,0.8,0.64,0,1.034
2025-08-11 19:00:00,24.79,80.52,Monday,0,0,3,11.38,0.0,0.91,0.72,0,0.37
2025-08-11 20:00:00,25.26,83.46,Monday,0,0,2,12.73,0.0,0.28,0.74,0,0.375
2025-08-11 21:00:00,28.82,63.43,Monday,0,0,4,16.0,0.86,0.29,0.34,0,2.254
2025-08-11 22:00:00,29.56,69.96,Monday,0,0,1,13.39,0.73,0.58,0.39,0,1.203
2025-08-11 23:00:00,28.66,72.36,Monday,0,0,1,14.57,0.66,0.89,0.96,0,1.716
2025-08-12 00:00:00,27.66,74.43,Tuesday,0,0,3,15.97,0.34,0.58,0.0,0,0.762
2025-08-12 01:00:00,28.73,72.2,Tuesday,0,0,3,14.3,0.84,0.72,0.03,0,2.116
2025-08-12 02:00:00,24.89,65.35,Tuesday,0,0,2,13.57,0.0,0.76,0.15,0,0.258
2025-08-12 03:00:00,26.69,78.41,Tuesday,0,0,4,12.65,0.0,0.54,0.15,0,0.509
2025-08-12 04:00:00,21.42,83.94,Tuesday,0,0,2,12.85,0.0,1.0,0.19,0,0.694
2025-08-12 05:00:00,22.11,88.61,Tuesday,0,0,2,11.03,0.0,0.55,0.06,0,0.468
2025-08-12 06:00:00,20.01,78.55,Tuesday,0,0,4,11.02,0.0,0.23,0.05,0,0.352
2025-08-12 07:00:00,22.47,75.93,Tuesday,0,0,2,9.24,0.0,0.5,0.11,0,0.591
2025-08-12 08:00:00,22.78,66.6,Tuesday,0,0,2,3.13,0.0,0.54,0.02,0,0.169
2025-08-12 09:00:00,23.17,78.18,Tuesday,0,0,0,0.0,0.0,0.0,0.0,0,0.24
2025-08-12 10:00:00,23.37,83.97,Tuesday,0,0,0,0.0,0.0,0.0,0.0,0,0.331
2025-08-12 11:00:00,22.07,77.58,Tuesday,0,0,0,0.0,0.0,0.0,0.0,0,0.47
2025-08-12 12:00:00,24.02,89.6,Tuesday,0,0,0,0.0,0.0,0.0,0.0,0,0.238
2025-08-12 13:00:00,22.39,79.07,Tuesday,0,0,0,0.0,0.0,0.0,0.0,0,0.144
2025-08-12 14:00:00,28.31,75.75,Tuesday,0,0,0,0.0,0.0,0.0,0.0,0,0.148
2025-08-12 15:00:00,26.09,70.2,Tuesday,0,0,0,0.0,0.0,0.0,0.0,0,0.185
2025-08-12 16:00:00,26.48,78.11,Tuesday,0,0,0,0.0,0.0,0.0,0.0,0,0.294
2025-08-12 17:00:00,30.84,62.85,Tuesday,0,0,1,6.98,0.49,0.66,0.14,0,1.461
2025-08-12 18:00:00,26.22,80.37,Tuesday,0,0,2,8.03,0.0,0.71,0.32,1,1.474
2025-08-12 19:00:00,26.73,80.07,Tuesday,0,0,3,15.75,0.0,0.79,0.87,0,0.85
2025-08-12 20:00:00,26.89,83.1,Tuesday,0,0,3,13.18,0.0,1.0,0.71,0,0.466
2025-08-12 21:00:00,28.63,69.63,Tuesday,0,0,2,16.0,1.0,0.74,0.76,0,2.312
2025-08-12 22:00:00,29.23,74.99,Tuesday,0,0,3,13.08,0.69,0.74,0.92,0,1.887
2025-08-12 23:00:00,29.31,76.94,Tuesday,0,0,2,16.0,0.22,0.83,0.31,0,1.015
2025-08-13 00:00:00,31.99,73.92,Wednesday,0,0,2,14.28,0.56,0.97,0.09,0,1.373
2025-08-13 01:00:00,22.59,75.85,Wednesday,0,0,3,14.79,0.0,0.4,0.19,0,0.524
2025-08-13 02:00:00,26.95,64.28,Wednesday,0,0,1,13.9,0.0,0.81,0.18,0,0.505
2025-08-13 03:00:00,24.08,80.56,Wednesday,0,0,3,12.22,0.0,0.42,0.01,0,0.733
2025-08-13 04:00:00,23.3,78.76,Wednesday,0,0,2,11.2,0.0,1.0,0.08,0,0.568
2025-08-13 05:00:00,22.62,77.31,Wednesday,0,0,4,11.24,0.0,0.83,0.06,0,0.589
2025-08-13 06:00:00,21.62,84.86,Wednesday,0,0,1,9.12,0.0,1.0,0.07,0,0.529
2025-08-13 07:00:00,25.99,76.88,Wednesday,0,0,4,8.9,0.0,0.33,0.15,0,0.561
2025-08-13 08:00:00,24.37,71.97,Wednesday,0,0,0,0.0,0.0,0.0,0.0,0,0.198
2025-08-13 09:00:00,23.0,70.14,Wednesday,0,0,0,0.0,0.0,0.0,0.0,0,0.269
2025-08-13 10:00:00,25.69,71.73,Wednesday,0,0,2,4.98,0.0,1.0,0.18,0,0.686
2025-08-13 11:00:00,21.01,93.55,Wednesday,0,0,0,0.0,0.0,0.0,0.0,0,0.175
2025-08-13 12:00:00,21.96,84.35,Wednesday,0,0,0,0.0,0.0,0.0,0.0,0,0.094
2025-08-13 13:00:00,21.16,82.4,Wednesday,0,0,0,0.0,0.0,0.0,0.0,0,0.187
2025-08-13 14:00:00,24.6,77.45,Wednesday,0,0,3,8.08,0.0,0.49,0.02,0,0.515
2025-08-13 15:00:00,26.93,75.03,Wednesday,0,0,0,0.0,0.0,0.0,0.0,0,0.163
2025-08-13 16:00:00,27.54,81.55,Wednesday,0,0,0,0.0,0.0,0.0,0.0,0,0.187
2025-08-13 17:00:00,28.25,72.62,Wednesday,0,0,3,7.65,0.7,0.71,0.08,0,1.404
2025-08-13 18:00:00,25.92,80.06,Wednesday,0,0,0,0.0,0.0,0.0,0.0,0,0.288
2025-08-13 19:00:00,30.2,71.58,Wednesday,0,0,3,10.19,0.84,0.72,0.77,0,1.871
2025-08-13 20:00:00,29.29,83.84,Wednesday,0,0,2,13.66,0.38,0.67,0.47,0,1.3
2025-08-13 21:00:00,30.08,77.14,Wednesday,0,0,2,13.47,0.33,0.56,0.69,0,0.959
2025-08-13 22:00:00,25.05,84.18,Wednesday,0,0,1,15.59,0.0,0.57,0.37,0,0.481
2025-08-13 23:00:00,28.54,71.89,Wednesday,0,0,3,15.92,0.25,0.85,0.9,0,1.11
2025-08-14 00:00:00,25.22,83.09,Thursday,0,0,3,14.23,0.0,1.0,0.19,0,0.771
2025-08-14 01:00:00,25.92,75.61,Thursday,0,0,2,13.72,0.0,0.67,0.0,0,0.424
2025-08-14 02:00:00,26.82,76.91,Thursday,0,0,2,13.84,0.0,0.55,0.19,0,0.712
2025-08-14 03:00:00,25.25,85.95,Thursday,0,0,0,0.0,0.0,0.0,0.0,0,0.292
2025-08-14 04:00:00,22.83,74.74,Thursday,0,0,3,13.0,0.0,0.77,0.11,0,0.505
2025-08-14 05:00:00,23.75,80.14,Thursday,0,0,0,0.0,0.0,0.0,0.0,0,0.301
2025-08-14 06:00:00,20.5,84.24,Thursday,0,0,0,0.0,0.0,0.0,0.0,0,0.27
2025-08-14 07:00:00,25.03,80.57,Thursday,0,0,0,0.0,0.0,0.0,0.0,0,0.21
2025-08-14 08:00:00,22.49,78.01,Thursday,0,0,3,6.62,0.0,0.55,0.05,0,0.494
2025-08-14 09:00:00,24.97,88.45,Thursday,0,0,0,0.0,0.0,0.0,0.0,0,0.318
2025-08-14 10:00:00,22.31,73.94,Thursday,0,0,3,4.69,0.0,0.44,0.18,0,0.086
2025-08-14 11:00:00,22.79,87.28,Thursday,0,0,3,6.01,0.0,0.65,0.04,0,0.28
2025-08-14 12:00:00,22.98,85.89,Thursday,0,0,0,0.0,0.0,0.0,0.0,0,0.208
2025-08-14 13:00:00,26.66,86.01,Thursday,0,0,0,0.0,0.0,0.0,0.0,0,0.279
2025-08-14 14:00:00,24.58,70.44,Thursday,0,0,0,0.0,0.0,0.0,0.0,0,0.243
2025-08-14 15:00:00,27.8,71.14,Thursday,0,0,0,0.0,0.0,0.0,0.0,0,0.179
2025-08-14 16:00:00,26.67,83.96,Thursday,0,0,0,0.0,0.0,0.0,0.0,0,0.318
2025-08-14 17:00:00,24.42,69.13,Thursday,0,0,2,7.29,0.0,1.0,0.09,0,0.434
2025-08-14 18:00:00,27.43,67.78,Thursday,0,0,0,0.0,0.0,0.0,0.0,0,0.332
2025-08-14 19:00:00,26.63,74.09,Thursday,0,0,2,12.05,0.0,1.0,0.43,0,0.727
2025-08-14 20:00:00,28.92,75.43,Thursday,0,0,2,15.21,0.68,1.0,0.32,0,1.913
2025-08-14 21:00:00,26.61,84.51,Thursday,0,0,4,14.41,0.0,1.0,0.74,0,0.333
2025-08-14 22:00:00,30.12,72.46,Thursday,0,0,2,15.82,0.44,1.0,0.7,0,0.991
2025-08-14 23:00:00,27.82,72.42,Thursday,0,0,2,13.76,0.86,0.78,0.33,0,1.737
2025-08-15 00:00:00,27.04,77.72,Friday,0,0,2,13.2,0.62,0.81,0.12,0,1.259
2025-08-15 01:00:00,27.82,77.81,Friday,0,0,2,14.47,1.0,0.52,0.05,0,1.297
2025-08-15 02:00:00,27.59,77.87,Friday,0,0,1,13.39,0.57,0.08,0.14,0,1.27
2025-08-15 03:00:00,25.05,77.07,Friday,0,0,0,0.0,0.0,0.0,0.0,0,0.286
2025-08-15 04:00:00,22.97,70.05,Friday,0,0,2,12.83,0.0,0.51,0.02,0,0.636
2025-08-15 05:00:00,20.54,77.42,Friday,0,0,0,0.0,0.0,0.0,0.0,0,0.41
2025-08-15 06:00:00,22.03,87.78,Friday,0,0,3,11.24,0.0,0.54,0.11,0,0.465
2025-08-15 07:00:00,21.85,81.77,Friday,0,0,1,8.11,0.0,0.83,0.07,0,0.586
2025-08-15 08:00:00,23.05,78.14,Friday,0,0,3,7.43,0.0,0.7,0.17,0,0.402
2025-08-15 09:00:00,22.34,85.99,Friday,0,0,0,0.0,0.0,0.0,0.0,0,0.262
2025-08-15 10:00:00,24.5,72.8,Friday,0,0,3,4.97,0.0,0.57,0.18,0,0.612
2025-08-15 11:00:00,22.63,79.0,Friday,0,0,1,7.07,0.0,0.8,0.17,0,0.215
2025-08-15 12:00:00,24.26,79.36,Friday,0,0,0,0.0,0.0,0.0,0.0,0,0.139
2025-08-15 13:00:00,27.21,73.8,Friday,0,0,0,0.0,0.0,0.0,0.0,0,0.169
2025-08-15 14:00:00,26.47,77.18,Friday,0,0,2,5.15,0.0,0.73,0.14,0,0.526
2025-08-15 15:00:00,26.53,75.69,Friday,0,0,0,0.0,0.0,0.0,0.0,0,0.189
2025-08-15 16:00:00,26.27,69.86,Friday,0,0,0,0.0,0.0,0.0,0.0,0,0.19
2025-08-15 17:00:00,26.84,77.25,Friday,0,0,4,9.98,0.0,0.64,0.18,0,0.31
2025-08-15 18:00:00,26.93,69.63,Friday,0,0,1,9.82,0.0,0.6,0.65,0,0.237
2025-08-15 19:00:00,27.78,76.32,Friday,0,0,2,11.65,0.31,0.55,0.65,0,0.985
2025-08-15 20:00:00,30.22,80.17,Friday,0,0,1,14.15,0.89,0.78,0.39,0,1.738
2025-08-15 21:00:00,28.36,73.57,Friday,0,0,4,13.68,0.8,0.37,0.56,0,1.781
2025-08-15 22:00:00,26.03,71.22,Friday,0,0,2,16.0,0.0,0.7,0.38,0,0.738
2025-08-15 23:00:00,31.16,71.82,Friday,0,0,1,15.36,0.49,0.85,0.34,0,1.408
2025-08-16 00:00:00,27.93,71.2,Saturday,1,0,3,13.9,1.0,0.57,0.03,0,2.542
2025-08-16 01:00:00,24.1,81.78,Saturday,1,0,4,14.3,0.0,0.76,0.03,0,0.464
2025-08-16 02:00:00,25.06,77.2,Saturday,1,0,2,15.66,0.0,0.82,0.05,0,0.744
2025-08-16 03:00:00,25.28,86.3,Saturday,1,0,0,0.0,0.0,0.0,0.0,0,0.235
2025-08-16 04:00:00,27.43,81.63,Saturday,1,0,2,13.69,0.6,0.8,0.15,0,1.033
2025-08-16 05:00:00,21.74,80.17,Saturday,1,0,1,10.75,0.0,0.64,0.19,0,0.532
2025-08-16 06:00:00,25.02,81.56,Saturday,1,0,1,8.07,0.0,1.0,0.03,0,0.792
2025-08-16 07:00:00,25.48,75.6,Saturday,1,0,2,9.02,0.0,0.8,0.0,0,0.223
2025-08-16 08:00:00,21.73,81.12,Saturday,1,0,3,6.45,0.0,0.52,0.2,0,0.395
2025-08-16 09:00:00,22.46,78.48,Saturday,1,0,3,5.61,0.0,0.3,0.03,0,0.366
2025-08-16 10:00:00,21.39,85.08,Saturday,1,0,3,4.73,0.0,0.74,0.15,0,0.488
2025-08-16 11:00:00,23.37,86.63,Saturday,1,0,1,5.34,0.0,1.0,0.15,0,0.462
2025-08-16 12:00:00,24.29,82.63,Saturday,1,0,3,4.42,0.0,0.6,0.02,0,0.707
2025-08-16 13:00:00,26.27,81.47,Saturday,1,0,0,0.0,0.0,0.0,0.0,0,0.229
2025-08-16 14:00:00,27.82,80.08,Saturday,1,0,2,7.19,1.0,0.94,0.05,1,2.635
2025-08-16 15:00:00,25.29,80.5,Saturday,1,0,2,7.28,0.0,0.92,0.16,0,0.384
2025-08-16 16:00:00,23.82,73.37,Saturday,1,0,1,10.21,0.0,0.75,0.06,0,0.306
2025-08-16 17:00:00,27.94,83.86,Saturday,1,0,1,11.78,0.72,0.59,0.15,0,1.211
2025-08-16 18:00:00,28.98,83.44,Saturday,1,0,2,9.56,0.23,0.69,0.66,1,1.405
2025-08-16 19:00:00,29.21,73.05,Saturday,1,0,1,9.57,0.76,0.48,0.53,0,1.904
2025-08-16 20:00:00,28.27,73.2,Saturday,1,0,2,12.07,0.04,0.51,0.98,0,0.849
2025-08-16 21:00:00,28.98,77.48,Saturday,1,0,0,0.0,0.0,0.0,0.0,0,0.247
2025-08-16 22:00:00,31.18,75.19,Saturday,1,0,4,16.0,0.69,0.83,0.38,0,2.092
2025-08-16 23:00:00,28.67,73.69,Saturday,1,0,4,14.27,0.27,0.82,0.95,0,0.747
2025-08-17 00:00:00,26.69,70.23,Sunday,1,0,4,15.42,0.0,0.57,0.08,0,0.732
2025-08-17 01:00:00,25.73,78.87,Sunday,1,0,3,13.81,0.0,1.0,0.03,0,0.295
2025-08-17 02:00:00,25.55,80.26,Sunday,1,0,4,13.81,0.0,0.69,0.06,0,0.461
2025-08-17 03:00:00,28.03,78.9,Sunday,1,0,3,11.71,0.61,0.78,0.2,0,1.288
2025-08-17 04:00:00,24.03,80.62,Sunday,1,0,4,10.31,0.0,1.0,0.17,0,0.546
2025-08-17 05:00:00,23.7,77.81,Sunday,1,0,2,13.34,0.0,0.57,0.06,0,0.39
2025-08-17 06:00:00,22.39,85.32,Sunday,1,0,3,11.6,0.0,0.59,0.12,0,0.569
2025-08-17 07:00:00,24.94,78.38,Sunday,1,0,1,8.15,0.0,1.0,0.2,0,0.318
2025-08-17 08:00:00,26.39,74.43,Sunday,1,0,3,9.1,0.0,0.95,0.14,0,0.578
2025-08-17 09:00:00,23.77,78.2,Sunday,1,0,4,4.5,0.0,0.84,0.07,0,0.26
2025-08-17 10:00:00,23.41,70.7,Sunday,1,0,2,5.41,0.0,0.21,0.01,0,0.447
2025-08-17 11:00:00,23.8,78.17,Sunday,1,0,1,5.43,0.0,1.0,0.16,0,0.477
2025-08-17 12:00:00,20.07,85.88,Sunday,1,0,0,0.0,0.0,0.0,0.0,0,0.242
2025-08-17 13:00:00,26.42,78.42,Sunday,1,0,0,0.0,0.0,0.0,0.0,0,0.421
2025-08-17 14:00:00,26.1,84.61,Sunday,1,0,3,6.49,0.0,0.7,0.02,0,0.548
2025-08-17 15:00:00,27.41,74.52,Sunday,1,0,0,0.0,0.0,0.0,0.0,0,0.28
2025-08-17 16:00:00,26.08,79.47,Sunday,1,0,1,7.9,0.0,1.0,0.02,0,0.575
2025-08-17 17:00:00,27.29,79.9,Sunday,1,0,4,10.6,0.64,0.79,0.1,0,0.786
2025-08-17 18:00:00,27.72,87.27,Sunday,1,0,3,7.58,0.65,0.92,0.84,0,1.45
2025-08-17 19:00:00,30.6,73.69,Sunday,1,0,2,13.0,0.46,0.56,0.67,0,1.108
2025-08-17 20:00:00,28.18,69.92,Sunday,1,0,3,12.19,1.0,1.0,0.52,0,1.779
2025-08-17 21:00:00,32.5,75.49,Sunday,1,0,0,0.0,0.0,0.0,0.0,0,0.183
2025-08-17 22:00:00,29.23,83.52,Sunday,1,0,2,13.93,0.74,0.43,0.37,0,0.392
2025-08-17 23:00:00,25.68,75.77,Sunday,1,0,3,16.0,0.0,0.47,0.6,0,0.571
2025-08-18 00:00:00,27.13,80.29,Monday,0,0,3,14.28,0.89,0.55,0.15,0,1.76
2025-08-18 01:00:00,25.46,83.73,Monday,0,0,2,15.28,0.0,0.98,0.2,0,0.848
2025-08-18 02:00:00,21.91,85.87,Monday,0,0,0,0.0,0.0,0.0,0.0,0,0.243
2025-08-18 03:00:00,27.96,75.96,Monday,0,0,1,10.8,0.89,0.73,0.14,0,1.391
2025-08-18 04:00:00,25.62,73.95,Monday,0,0,4,10.88,0.0,0.84,0.1,0,0.51
2025-08-18 05:00:00,24.7,77.87,Monday,0,0,3,12.81,0.0,1.0,0.2,0,0.393
2025-08-18 06:00:00,23.56,81.59,Monday,0,0,2,9.92,0.0,0.31,0.13,0,0.37
2025-08-18 07:00:00,20.47,86.62,Monday,0,0,2,10.36,0.0,0.67,0.17,0,0.395
2025-08-18 08:00:00,21.99,82.38,Monday,0,0,0,0.0,0.0,0.0,0.0,0,0.339
2025-08-18 09:00:00,24.48,76.57,Monday,0,0,0,0.0,0.0,0.0,0.0,0,0.365
2025-08-18 10:00:00,21.37,84.05,Monday,0,0,0,0.0,0.0,0.0,0.0,0,0.379
2025-08-18 11:00:00,19.18,87.54,Monday,0,0,2,4.35,0.0,0.67,0.16,0,0.306
2025-08-18 12:00:00,23.95,80.84,Monday,0,0,3,6.5,0.0,0.91,0.08,0,0.532
2025-08-18 13:00:00,24.83,73.97,Monday,0,0,0,0.0,0.0,0.0,0.0,0,0.315
2025-08-18 14:00:00,26.1,76.1,Monday,0,0,0,0.0,0.0,0.0,0.0,0,0.259
2025-08-18 15:00:00,27.95,80.09,Monday,0,0,0,0.0,0.0,0.0,0.0,0,0.408
2025-08-18 16:00:00,28.51,67.93,Monday,0,0,3,7.98,0.39,0.65,0.17,0,1.122
2025-08-18 17:00:00,28.45,64.43,Monday,0,0,3,8.88,0.36,0.85,0.16,1,1.132
2025-08-18 18:00:00,30.61,80.49,Monday,0,0,2,9.41,0.45,0.6,0.63,0,1.179
2025-08-18 19:00:00,26.02,79.64,Monday,0,0,1,10.58,0.0,0.79,0.4,0,0.405
2025-08-18 20:00:00,29.77,76.74,Monday,0,0,2,11.93,0.52,1.0,0.37,0,1.95
2025-08-18 21:00:00,29.88,68.22,Monday,0,0,1,15.36,0.59,0.9,0.59,0,1.519
2025-08-18 22:00:00,26.23,80.58,Monday,0,0,1,11.95,0.0,0.72,0.95,0,0.834
2025-08-18 23:00:00,25.27,79.13,Monday,0,0,2,14.08,0.0,0.72,0.9,0,0.531
2025-08-19 00:00:00,26.02,69.16,Tuesday,0,0,4,14.51,0.0,0.45,0.19,0,0.39
2025-08-19 01:00:00,25.44,84.72,Tuesday,0,0,3,14.49,0.0,1.0,0.15,0,0.547
2025-08-19 02:00:00,27.21,76.8,Tuesday,0,0,3,14.78,0.55,0.94,0.08,0,1.708
2025-08-19 03:00:00,23.98,76.94,Tuesday,0,0,3,11.51,0.0,0.44,0.15,0,0.667
2025-08-19 04:00:00,22.82,78.07,Tuesday,0,0,3,14.04,0.0,0.79,0.16,0,0.591
2025-08-19 05:00:00,22.64,70.05,Tuesday,0,0,3,12.62,0.0,0.52,0.03,0,0.486
2025-08-19 06:00:00,25.27,80.72,Tuesday,0,0,2,11.01,0.0,0.64,0.16,0,0.489
2025-08-19 07:00:00,22.98,81.12,Tuesday,0,0,2,8.39,0.0,0.95,0.18,0,0.699
2025-08-19 08:00:00,22.54,79.25,Tuesday,0,0,1,6.39,0.0,1.0,0.15,0,0.266
2025-08-19 09:00:00,22.76,86.41,Tuesday,0,0,0,0.0,0.0,0.0,0.0,0,0.351
2025-08-19 10:00:00,25.59,70.55,Tuesday,0,0,0,0.0,0.0,0.0,0.0,0,0.261
2025-08-19 11:00:00,22.39,77.37,Tuesday,0,0,0,0.0,0.0,0.0,0.0,0,0.29
2025-08-19 12:00:00,26.73,72.2,Tuesday,0,0,0,0.0,0.0,0.0,0.0,0,0.299
2025-08-19 13:00:00,25.46,76.19,Tuesday,0,0,2,5.71,0.0,0.94,0.08,0,0.591
2025-08-19 14:00:00,25.57,77.82,Tuesday,0,0,2,5.02,0.0,0.75,0.02,0,0.51
2025-08-19 15:00:00,31.14,74.63,Tuesday,0,0,4,6.89,0.72,0.63,0.09,0,2.092
2025-08-19 16:00:00,25.46,75.85,Tuesday,0,0,0,0.0,0.0,0.0,0.0,0,0.289
2025-08-19 17:00:00,27.34,71.5,Tuesday,0,0,3,9.11,0.49,0.92,0.16,0,1.001
2025-08-19 18:00:00,26.24,85.32,Tuesday,0,0,3,7.35,0.0,0.72,0.98,0,0.39
2025-08-19 19:00:00,30.47,85.13,Tuesday,0,0,4,12.02,0.97,0.63,0.67,0,2.021
2025-08-19 20:00:00,31.9,72.51,Tuesday,0,0,2,13.31,0.37,0.63,0.76,0,1.286
2025-08-19 21:00:00,31.76,68.13,Tuesday,0,0,3,14.33,0.84,0.44,0.84,0,1.773
2025-08-19 22:00:00,30.66,80.28,Tuesday,0,0,1,12.85,0.28,0.79,0.98,0,0.401
2025-08-19 23:00:00,27.62,68.4,Tuesday,0,0,1,13.76,0.5,0.82,0.68,0,1.346
2025-08-20 00:00:00,26.7,74.8,Wednesday,0,0,2,13.7,0.0,0.38,0.06,0,0.587
2025-08-20 01:00:00,23.63,75.76,Wednesday,0,0,2,15.32,0.0,0.48,0.1,0,0.344
2025-08-20 02:00:00,29.52,68.13,Wednesday,0,0,2,15.32,1.0,0.34,0.05,0,1.708
2025-08-20 03:00:00,25.93,75.77,Wednesday,0,0,1,12.49,0.0,1.0,0.15,0,0.483
2025-08-20 04:00:00,23.47,75.05,Wednesday,0,0,2,14.47,0.0,0.9,0.08,0,0.484
2025-08-20 05:00:00,26.13,77.05,Wednesday,0,0,2,13.25,0.0,1.0,0.09,0,0.641
2025-08-20 06:00:00,21.51,81.28,Wednesday,0,0,2,10.21,0.0,1.0,0.16,0,0.571
2025-08-20 07:00:00,23.69,76.07,Wednesday,0,0,0,0.0,0.0,0.0,0.0,0,0.168
2025-08-20 08:00:00,22.55,78.35,Wednesday,0,0,4,4.98,0.0,0.73,0.09,1,0.158
2025-08-20 09:00:00,24.11,77.65,Wednesday,0,0,0,0.0,0.0,0.0,0.0,0,0.161
2025-08-20 10:00:00,23.15,83.72,Wednesday,0,0,2,3.79,0.0,0.59,0.14,0,0.609
2025-08-20 11:00:00,21.13,80.74,Wednesday,0,0,0,0.0,0.0,0.0,0.0,0,0.312
2025-08-20 12:00:00,24.49,82.58,Wednesday,0,0,0,0.0,0.0,0.0,0.0,0,0.364
2025-08-20 13:00:00,26.97,79.16,Wednesday,0,0,0,0.0,0.0,0.0,0.0,0,0.218
2025-08-20 14:00:00,25.81,80.13,Wednesday,0,0,0,0.0,0.0,0.0,0.0,0,0.309
2025-08-20 15:00:00,28.03,82.21,Wednesday,0,0,0,0.0,0.0,0.0,0.0,0,0.207
2025-08-20 16:00:00,25.48,71.97,Wednesday,0,0,4,8.29,0.0,0.43,0.18,0,0.577
2025-08-20 17:00:00,27.93,72.99,Wednesday,0,0,1,6.32,0.86,0.42,0.17,0,2.234
2025-08-20 18:00:00,27.33,84.72,Wednesday,0,0,1,8.07,0.84,0.91,0.75,0,1.778
2025-08-20 19:00:00,30.1,72.12,Wednesday,0,0,1,10.98,0.53,0.67,0.45,0,1.312
2025-08-20 20:00:00,28.92,60.4,Wednesday,0,0,2,13.4,0.83,0.7,0.39,0,1.227
2025-08-20 21:00:00,30.0,72.49,Wednesday,0,0,1,12.86,0.45,0.85,0.75,0,1.28
2025-08-20 22:00:00,30.41,73.8,Wednesday,0,0,3,12.29,0.71,0.96,0.88,0,1.168
2025-08-20 23:00:00,29.22,61.11,Wednesday,0,0,2,13.79,0.6,0.86,0.41,0,1.851
2025-08-21 00:00:00,27.85,82.1,Thursday,0,0,2,13.6,0.76,1.0,0.05,0,1.422
2025-08-21 01:00:00,24.84,74.58,Thursday,0,0,2,12.24,0.0,0.76,0.16,0,0.718
2025-08-21 02:00:00,25.85,78.87,Thursday,0,0,4,16.0,0.0,0.8,0.17,0,0.45
2025-08-21 03:00:00,24.12,77.66,Thursday,0,0,1,15.38,0.0,0.6,0.17,0,0.596
2025-08-21 04:00:00,23.74,72.69,Thursday,0,0,3,9.54,0.0,0.28,0.04,0,0.406
2025-08-21 05:00:00,23.06,74.39,Thursday,0,0,0,0.0,0.0,0.0,0.0,0,0.403
2025-08-21 06:00:00,21.5,76.48,Thursday,0,0,2,8.79,0.0,0.97,0.1,0,0.322
2025-08-21 07:00:00,19.44,88.43,Thursday,0,0,2,6.47,0.0,0.56,0.2,0,0.545
2025-08-21 08:00:00,21.66,80.27,Thursday,0,0,0,0.0,0.0,0.0,0.0,0,0.241
2025-08-21 09:00:00,23.31,76.91,Thursday,0,0,0,0.0,0.0,0.0,0.0,0,0.131
2025-08-21 10:00:00,20.83,77.08,Thursday,0,0,0,0.0,0.0,0.0,0.0,0,0.163
2025-08-21 11:00:00,23.77,85.09,Thursday,0,0,0,0.0,0.0,0.0,0.0,0,0.205
2025-08-21 12:00:00,27.78,82.82,Thursday,0,0,0,0.0,0.0,0.0,0.0,0,0.346
2025-08-21 13:00:00,26.92,82.19,Thursday,0,0,0,0.0,0.0,0.0,0.0,0,0.376
2025-08-21 14:00:00,28.82,77.03,Thursday,0,0,2,6.65,0.8,0.72,0.06,0,1.095
2025-08-21 15:00:00,27.34,77.34,Thursday,0,0,3,6.38,0.63,0.71,0.13,0,1.12
2025-08-21 16:00:00,29.46,67.91,Thursday,0,0,0,0.0,0.0,0.0,0.0,0,0.157
2025-08-21 17:00:00,26.68,75.26,Thursday,0,0,2,9.06,0.0,0.87,0.13,0,0.499
2025-08-21 18:00:00,27.3,72.51,Thursday,0,0,1,9.32,0.58,1.0,0.36,0,1.864
2025-08-21 19:00:00,23.83,69.93,Thursday,0,0,3,14.17,0.0,0.66,0.79,0,0.577
2025-08-21 20:00:00,30.99,77.89,Thursday,0,0,2,13.11,0.36,0.85,0.4,0,0.554
2025-08-21 21:00:00,31.53,68.64,Thursday,0,0,1,15.98,0.84,0.65,0.85,0,2.596
2025-08-21 22:00:00,27.46,81.77,Thursday,0,0,2,14.27,0.57,0.9,0.92,0,1.529
2025-08-21 23:00:00,27.52,80.14,Thursday,0,0,0,0.0,0.0,0.0,0.0,0,0.172
2025-08-22 00:00:00,26.0,79.88,Friday,0,0,3,12.66,0.0,0.65,0.18,0,0.476
2025-08-22 01:00:00,27.32,78.97,Friday,0,0,1,16.0,0.84,0.22,0.04,0,1.356
2025-08-22 02:00:00,27.88,72.33,Friday,0,0,2,13.45,0.83,0.55,0.17,0,1.562
2025-08-22 03:00:00,21.94,90.04,Friday,0,0,2,13.92,0.0,0.84,0.01,0,0.616
2025-08-22 04:00:00,25.1,78.13,Friday,0,0,0,0.0,0.0,0.0,0.0,0,0.307
2025-08-22 05:00:00,23.24,81.09,Friday,0,0,2,11.56,0.0,0.6,0.18,0,0.394
2025-08-22 06:00:00,23.46,76.14,Friday,0,0,3,8.71,0.0,1.0,0.16,0,0.355
2025-08-22 07:00:00,23.79,74.44,Friday,0,1,2,8.69,0.0,1.0,0.06,0,0.404
2025-08-22 08:00:00,22.52,82.62,Friday,0,0,1,7.66,0.0,0.92,0.02,0,0.407
2025-08-22 09:00:00,22.77,81.09,Friday,0,0,0,0.0,0.0,0.0,0.0,0,0.387
2025-08-22 10:00:00,22.88,75.97,Friday,0,1,4,3.59,0.0,0.93,0.13,0,0.173
2025-08-22 11:00:00,25.48,70.37,Friday,0,0,0,0.0,0.0,0.0,0.0,0,0.184
2025-08-22 12:00:00,25.11,71.55,Friday,0,0,2,4.86,0.0,0.6,0.1,0,0.539
2025-08-22 13:00:00,25.48,83.55,Friday,0,0,4,3.01,0.0,0.86,0.11,0,0.737
2025-08-22 14:00:00,23.57,76.22,Friday,0,0,1,4.29,0.0,0.86,0.19,1,1.2
2025-08-22 15:00:00,25.95,75.45,Friday,0,0,3,5.39,0.0,0.86,0.01,0,0.182
2025-08-22 16:00:00,28.98,81.67,Friday,0,0,2,4.71,1.0,0.91,0.06,0,0.748
2025-08-22 17:00:00,28.05,69.65,Friday,0,0,0,0.0,0.0,0.0,0.0,0,0.293
2025-08-22 18:00:00,29.64,70.19,Friday,0,0,1,10.36,0.0,0.39,0.39,0,0.43
2025-08-22 19:00:00,31.94,67.91,Friday,0,0,0,0.0,0.0,0.0,0.0,0,0.165
2025-08-22 20:00:00,30.73,80.94,Friday,0,0,2,10.45,1.0,0.65,0.91,0,3.133
2025-08-22 21:00:00,28.92,84.44,Friday,0,0,0,0.0,0.0,0.0,0.0,0,0.097
2025-08-22 22:00:00,27.54,79.47,Friday,0,0,1,15.15,0.66,0.45,0.71,0,1.833
2025-08-22 23:00:00,23.38,83.37,Friday,0,0,0,0.0,0.0,0.0,0.0,0,0.296
2025-08-23 00:00:00,27.06,73.25,Saturday,1,0,3,15.06,0.58,0.76,0.03,0,1.004
2025-08-23 01:00:00,26.05,86.79,Saturday,1,0,2,15.72,0.0,0.72,0.07,0,0.256
2025-08-23 02:00:00,26.56,77.93,Saturday,1,0,4,14.19,0.0,1.0,0.17,0,0.441
2025-08-23 03:00:00,24.8,82.44,Saturday,1,0,3,12.16,0.0,0.91,0.16,0,0.847
2025-08-23 04:00:00,23.78,78.57,Saturday,1,0,3,12.39,0.0,0.5,0.06,0,0.457
2025-08-23 05:00:00,20.53,80.68,Saturday,1,0,2,10.71,0.0,1.0,0.08,0,0.647
2025-08-23 06:00:00,21.57,89.4,Saturday,1,0,2,9.89,0.0,0.37,0.1,0,0.48
2025-08-23 07:00:00,23.82,81.76,Saturday,1,0,2,10.03,0.0,0.72,0.11,0,0.466
2025-08-23 08:00:00,25.95,84.4,Saturday,1,0,2,5.7,0.0,0.57,0.06,0,0.52
2025-08-23 09:00:00,22.79,81.27,Saturday,1,0,0,0.0,0.0,0.0,0.0,0,0.243
2025-08-23 10:00:00,23.85,74.79,Saturday,1,0,0,0.0,0.0,0.0,0.0,0,0.226
2025-08-23 11:00:00,25.45,74.68,Saturday,1,0,4,3.79,0.0,0.65,0.14,1,0.905
2025-08-23 12:00:00,22.9,80.41,Saturday,1,0,1,7.36,0.0,1.0,0.19,0,0.381
2025-08-23 13:00:00,25.74,74.2,Saturday,1,0,1,5.86,0.0,0.8,0.05,0,0.453
2025-08-23 14:00:00,24.53,72.89,Saturday,1,0,3,5.91,0.0,1.0,0.14,0,0.475
2025-08-23 15:00:00,28.19,81.13,Saturday,1,0,1,3.98,0.68,0.98,0.19,0,1.763
2025-08-23 16:00:00,27.63,72.91,Saturday,1,0,1,7.15,0.74,0.63,0.02,0,1.146
2025-08-23 17:00:00,28.52,75.53,Saturday,1,0,1,5.6,0.48,1.0,0.11,1,1.134
2025-08-23 18:00:00,27.05,77.64,Saturday,1,0,1,10.06,0.58,0.59,0.34,0,0.592
2025-08-23 19:00:00,30.03,70.53,Saturday,1,1,3,9.42,0.24,0.91,0.75,0,1.281
2025-08-23 20:00:00,32.61,78.4,Saturday,1,0,2,13.34,0.11,0.88,0.34,0,1.164
2025-08-23 21:00:00,26.94,70.67,Saturday,1,0,2,13.78,0.0,0.62,0.88,0,0.58
2025-08-23 22:00:00,27.84,76.75,Saturday,1,0,2,12.51,0.7,0.25,0.91,0,0.49
2025-08-23 23:00:00,28.4,76.17,Saturday,1,0,2,15.4,0.56,1.0,0.67,0,1.627
2025-08-24 00:00:00,28.77,74.33,Sunday,1,0,2,16.0,0.85,0.85,0.05,0,1.304
2025-08-24 01:00:00,25.63,70.95,Sunday,1,0,1,14.53,0.0,0.76,0.04,0,0.642
2025-08-24 02:00:00,20.76,86.17,Sunday,1,0,0,0.0,0.0,0.0,0.0,0,0.318
2025-08-24 03:00:00,27.53,79.44,Sunday,1,0,3,10.38,0.93,0.99,0.07,0,2.009
2025-08-24 04:00:00,25.73,73.97,Sunday,1,0,2,13.2,0.0,1.0,0.17,0,0.48
2025-08-24 05:00:00,20.6,85.5,Sunday,1,0,1,10.44,0.0,0.98,0.03,0,0.509
2025-08-24 06:00:00,22.17,82.42,Sunday,1,0,4,9.6,0.0,0.84,0.18,0,0.695
2025-08-24 07:00:00,25.78,70.89,Sunday,1,0,3,9.6,0.0,0.82,0.16,0,0.469
2025-08-24 08:00:00,25.46,73.31,Sunday,1,0,1,7.13,0.0,0.84,0.0,1,1.255
2025-08-24 09:00:00,24.65,84.01,Sunday,1,0,4,4.04,0.0,0.5,0.06,0,0.396
2025-08-24 10:00:00,22.94,81.4,Sunday,1,1,3,7.96,0.0,0.9,0.18,0,0.476
2025-08-24 11:00:00,23.89,76.18,Sunday,1,0,0,0.0,0.0,0.0,0.0,0,0.22
2025-08-24 12:00:00,24.12,74.5,Sunday,1,0,1,3.74,0.0,0.86,0.1,0,0.505
2025-08-24 13:00:00,27.11,73.52,Sunday,1,0,1,5.36,0.76,0.63,0.11,0,1.03
2025-08-24 14:00:00,24.28,76.42,Sunday,1,0,3,5.88,0.0,0.97,0.02,0,0.311
2025-08-24 15:00:00,25.18,73.6,Sunday,1,0,1,7.11,0.0,0.85,0.16,0,0.654
2025-08-24 16:00:00,29.18,65.53,Sunday,1,0,1,7.7,0.38,0.66,0.02,1,1.467
2025-08-24 17:00:00,27.9,81.09,Sunday,1,0,3,10.43,0.18,0.5,0.13,0,0.696
2025-08-24 18:00:00,30.94,77.51,Sunday,1,0,1,10.74,0.39,1.0,0.57,0,0.797
2025-08-24 19:00:00,27.55,69.34,Sunday,1,0,4,9.52,0.77,0.73,0.67,0,1.609
2025-08-24 20:00:00,28.76,75.3,Sunday,1,0,2,8.6,0.75,1.0,0.8,0,1.735
2025-08-24 21:00:00,27.1,71.6,Sunday,1,0,3,13.76,0.51,0.44,0.48,0,1.379
2025-08-24 22:00:00,28.47,73.57,Sunday,1,0,0,0.0,0.0,0.0,0.0,0,0.197
2025-08-24 23:00:00,25.32,75.99,Sunday,1,0,2,12.95,0.0,0.19,0.55,0,0.582
2025-08-25 00:00:00,26.48,74.53,Monday,0,0,0,0.0,0.0,0.0,0.0,0,0.159
2025-08-25 01:00:00,24.05,88.87,Monday,0,0,0,0.0,0.0,0.0,0.0,0,0.283
2025-08-25 02:00:00,27.11,73.9,Monday,0,0,2,15.05,1.0,0.6,0.13,0,1.239
2025-08-25 03:00:00,26.37,72.72,Monday,0,0,1,15.22,0.0,0.59,0.01,0,0.537
2025-08-25 04:00:00,21.24,77.57,Monday,0,0,1,14.96,0.0,0.65,0.13,0,0.457
2025-08-25 05:00:00,26.14,82.19,Monday,0,0,1,11.65,0.0,0.69,0.19,0,0.863
2025-08-25 06:00:00,27.76,67.26,Monday,0,0,2,8.61,0.93,0.61,0.18,0,1.653
2025-08-25 07:00:00,23.04,75.95,Monday,0,0,0,0.0,0.0,0.0,0.0,0,0.265
2025-08-25 08:00:00,21.7,88.2,Monday,0,0,1,6.68,0.0,0.63,0.04,1,0.321
2025-08-25 09:00:00,28.04,76.48,Monday,0,0,0,0.0,0.0,0.0,0.0,0,0.126
2025-08-25 10:00:00,20.89,82.66,Monday,0,0,0,0.0,0.0,0.0,0.0,0,0.316
2025-08-25 11:00:00,23.77,89.76,Monday,0,0,0,0.0,0.0,0.0,0.0,0,0.285
2025-08-25 12:00:00,24.68,79.52,Monday,0,0,4,2.71,0.0,0.42,0.03,0,0.533
2025-08-25 13:00:00,27.5,72.21,Monday,0,0,4,5.6,0.69,0.8,0.03,0,1.104
2025-08-25 14:00:00,26.51,75.23,Monday,0,0,0,0.0,0.0,0.0,0.0,0,0.248
2025-08-25 15:00:00,25.74,71.66,Monday,0,0,0,0.0,0.0,0.0,0.0,0,0.221
2025-08-25 16:00:00,25.65,83.7,Monday,0,0,0,0.0,0.0,0.0,0.0,0,0.367
2025-08-25 17:00:00,27.36,78.74,Monday,0,0,4,9.9,0.43,0.61,0.06,0,1.164
2025-08-25 18:00:00,26.64,82.14,Monday,0,0,2,9.35,0.0,0.46,0.75,0,0.771
2025-08-25 19:00:00,28.84,80.61,Monday,0,0,2,11.26,0.34,0.38,0.91,0,0.811
2025-08-25 20:00:00,27.84,73.37,Monday,0,0,3,13.71,0.36,0.97,0.36,0,0.594
2025-08-25 21:00:00,26.07,72.32,Monday,0,0,3,13.38,0.0,0.68,0.48,0,0.588
2025-08-25 22:00:00,30.72,72.6,Monday,0,0,2,14.42,0.83,0.33,0.72,0,1.765
2025-08-25 23:00:00,27.08,71.76,Monday,0,0,2,15.97,0.27,0.75,0.38,0,1.082
2025-08-26 00:00:00,25.08,78.76,Tuesday,0,0,1,14.88,0.0,0.68,0.03,0,0.279
2025-08-26 01:00:00,26.33,82.46,Tuesday,0,0,3,12.45,0.0,1.0,0.04,0,0.741
2025-08-26 02:00:00,25.98,76.28,Tuesday,0,0,1,13.47,0.0,0.65,0.14,0,0.482
2025-08-26 03:00:00,21.94,81.51,Tuesday,0,0,0,0.0,0.0,0.0,0.0,0,0.173
2025-08-26 04:00:00,24.96,77.57,Tuesday,0,0,2,12.13,0.0,0.7,0.17,0,0.519
2025-08-26 05:00:00,21.85,84.85,Tuesday,0,0,2,12.0,0.0,0.45,0.18,0,0.59
2025-08-26 06:00:00,26.34,73.45,Tuesday,0,0,2,10.19,0.0,0.87,0.08,0,0.385
2025-08-26 07:00:00,23.9,68.0,Tuesday,0,0,3,10.8,0.0,1.0,0.08,0,0.509
2025-08-26 08:00:00,22.14,82.93,Tuesday,0,0,4,9.42,0.0,0.98,0.02,0,0.464
2025-08-26 09:00:00,21.62,85.98,Tuesday,0,0,0,0.0,0.0,0.0,0.0,0,0.198
2025-08-26 10:00:00,23.07,81.97,Tuesday,0,0,0,0.0,0.0,0.0,0.0,0,0.379
2025-08-26 11:00:00,24.84,74.94,Tuesday,0,0,0,0.0,0.0,0.0,0.0,0,0.355
2025-08-26 12:00:00,24.31,72.94,Tuesday,0,0,3,3.84,0.0,0.77,0.03,0,0.256
2025-08-26 13:00:00,24.69,80.75,Tuesday,0,0,0,0.0,0.0,0.0,0.0,0,0.104
2025-08-26 14:00:00,25.96,77.84,Tuesday,0,0,0,0.0,0.0,0.0,0.0,0,0.28
2025-08-26 15:00:00,25.55,76.88,Tuesday,0,0,0,0.0,0.0,0.0,0.0,0,0.198
2025-08-26 16:00:00,26.74,85.55,Tuesday,0,0,2,8.25,0.0,0.34,0.08,0,0.393
2025-08-26 17:00:00,24.23,73.96,Tuesday,0,0,3,12.29,0.0,0.42,0.12,0,0.094
2025-08-26 18:00:00,30.21,82.19,Tuesday,0,0,4,10.78,0.39,0.67,0.52,0,1.383
2025-08-26 19:00:00,29.29,74.29,Tuesday,0,0,2,9.37,0.39,0.41,0.34,0,1.354
2025-08-26 20:00:00,27.47,66.6,Tuesday,0,0,0,0.0,0.0,0.0,0.0,0,0.245
2025-08-26 21:00:00,32.17,70.65,Tuesday,0,0,3,12.89,0.82,0.32,0.5,0,2.427
2025-08-26 22:00:00,28.61,79.55,Tuesday,0,0,2,16.0,1.0,0.92,0.55,0,1.421
2025-08-26 23:00:00,26.11,75.17,Tuesday,0,0,1,16.0,0.0,1.0,0.96,0,0.573
2025-08-27 00:00:00,28.9,67.12,Wednesday,0,0,3,15.93,0.79,0.91,0.11,0,1.348
2025-08-27 01:00:00,27.35,75.06,Wednesday,0,0,1,12.91,0.26,0.76,0.06,0,1.22
2025-08-27 02:00:00,26.57,72.3,Wednesday,0,0,1,13.64,0.0,0.88,0.01,0,0.658
2025-08-27 03:00:00,24.32,81.08,Wednesday,0,0,2,15.55,0.0,0.46,0.08,0,0.711
2025-08-27 04:00:00,25.17,81.71,Wednesday,0,0,3,15.5,0.0,0.81,0.15,0,0.402
2025-08-27 05:00:00,23.27,74.28,Wednesday,0,0,2,11.39,0.0,0.6,0.1,0,0.55
2025-08-27 06:00:00,24.26,75.14,Wednesday,0,0,3,9.59,0.0,0.97,0.17,0,0.398
2025-08-27 07:00:00,19.53,86.7,Wednesday,0,0,1,6.94,0.0,0.93,0.04,0,0.331
2025-08-27 08:00:00,22.08,76.34,Wednesday,0,0,2,5.75,0.0,0.55,0.04,0,0.506
2025-08-27 09:00:00,26.06,71.63,Wednesday,0,0,0,0.0,0.0,0.0,0.0,0,0.231
2025-08-27 10:00:00,21.88,74.91,Wednesday,0,0,0,0.0,0.0,0.0,0.0,0,0.214
2025-08-27 11:00:00,22.65,81.88,Wednesday,0,0,2,2.94,0.0,0.63,0.14,0,0.519
2025-08-27 12:00:00,23.55,80.85,Wednesday,0,0,0,0.0,0.0,0.0,0.0,0,0.256
2025-08-27 13:00:00,22.9,76.47,Wednesday,0,0,0,0.0,0.0,0.0,0.0,0,0.228
2025-08-27 14:00:00,21.88,80.83,Wednesday,0,0,0,0.0,0.0,0.0,0.0,0,0.415
2025-08-27 15:00:00,26.22,84.54,Wednesday,0,0,0,0.0,0.0,0.0,0.0,0,0.243
2025-08-27 16:00:00,27.6,70.79,Wednesday,0,0,0,0.0,0.0,0.0,0.0,0,0.406
2025-08-27 17:00:00,27.89,65.64,Wednesday,0,0,2,9.25,0.87,1.0,0.11,0,1.941
2025-08-27 18:00:00,28.2,77.4,Wednesday,0,0,1,10.52,0.43,0.71,0.84,0,0.64
2025-08-27 19:00:00,28.83,74.0,Wednesday,0,0,0,0.0,0.0,0.0,0.0,0,0.205
2025-08-27 20:00:00,30.7,69.32,Wednesday,0,0,0,0.0,0.0,0.0,0.0,0,0.394
2025-08-27 21:00:00,28.41,78.19,Wednesday,0,0,1,12.74,0.64,1.0,0.92,0,1.817
2025-08-27 22:00:00,27.42,80.02,Wednesday,0,0,2,14.97,0.61,0.97,0.89,0,1.751
2025-08-27 23:00:00,27.47,64.73,Wednesday,0,0,0,0.0,0.0,0.0,0.0,0,0.303
2025-08-28 00:00:00,28.4,71.68,Thursday,0,0,1,14.68,0.71,0.55,0.17,0,1.728
2025-08-28 01:00:00,29.18,85.83,Thursday,0,0,3,16.0,0.0,0.55,0.01,0,0.42
2025-08-28 02:00:00,24.73,81.16,Thursday,0,0,1,14.47,0.0,0.54,0.13,0,0.431
2025-08-28 03:00:00,25.26,81.15,Thursday,0,0,3,14.59,0.0,0.63,0.19,0,0.365
2025-08-28 04:00:00,24.97,83.89,Thursday,0,0,3,13.26,0.0,0.61,0.06,0,0.655
2025-08-28 05:00:00,21.95,80.83,Thursday,0,0,1,10.21,0.0,0.57,0.14,0,0.565
2025-08-28 06:00:00,23.3,83.52,Thursday,0,0,1,8.53,0.0,1.0,0.06,0,0.405
2025-08-28 07:00:00,20.32,85.8,Thursday,0,0,2,7.63,0.0,1.0,0.13,0,0.423
2025-08-28 08:00:00,19.67,85.49,Thursday,0,0,2,7.38,0.0,0.48,0.19,0,0.081
2025-08-28 09:00:00,23.62,77.63,Thursday,0,0,0,0.0,0.0,0.0,0.0,0,0.227
2025-08-28 10:00:00,22.57,81.05,Thursday,0,0,0,0.0,0.0,0.0,0.0,0,0.177
2025-08-28 11:00:00,24.1,75.87,Thursday,0,0,0,0.0,0.0,0.0,0.0,0,0.303
2025-08-28 12:00:00,24.33,78.67,Thursday,0,0,0,0.0,0.0,0.0,0.0,0,0.27
2025-08-28 13:00:00,23.32,73.67,Thursday,0,0,0,0.0,0.0,0.0,0.0,0,0.414
2025-08-28 14:00:00,25.78,73.35,Thursday,0,0,0,0.0,0.0,0.0,0.0,0,0.214
2025-08-28 15:00:00,24.42,77.11,Thursday,0,0,0,0.0,0.0,0.0,0.0,0,0.278
2025-08-28 16:00:00,29.86,68.91,Thursday,0,0,0,0.0,0.0,0.0,0.0,0,0.169
2025-08-28 17:00:00,25.54,74.99,Thursday,0,0,4,7.86,0.0,1.0,0.02,0,0.505
2025-08-28 18:00:00,28.1,74.39,Thursday,0,0,1,9.38,1.0,0.46,0.55,0,0.641
2025-08-28 19:00:00,26.88,78.32,Thursday,0,0,2,11.42,0.0,0.9,0.76,0,0.68
2025-08-28 20:00:00,29.89,78.35,Thursday,0,1,2,12.99,0.69,1.0,0.9,0,0.469
2025-08-28 21:00:00,28.16,72.84,Thursday,0,0,0,0.0,0.0,0.0,0.0,0,0.2
2025-08-28 22:00:00,27.52,82.4,Thursday,0,0,1,15.13,0.69,0.68,0.63,0,2.047
2025-08-28 23:00:00,29.52,78.63,Thursday,0,0,2,13.35,1.0,0.79,0.67,0,1.767
2025-08-29 00:00:00,27.41,78.35,Friday,0,0,2,13.82,0.6,1.0,0.02,0,1.501
2025-08-29 01:00:00,27.56,76.46,Friday,0,0,4,15.29,0.58,1.0,0.13,0,1.832
2025-08-29 02:00:00,24.09,80.41,Friday,0,0,3,14.54,0.0,0.64,0.1,0,0.109
2025-08-29 03:00:00,22.55,86.14,Friday,0,0,3,12.27,0.0,0.83,0.01,0,0.22
2025-08-29 04:00:00,24.55,84.52,Friday,0,0,0,0.0,0.0,0.0,0.0,0,0.203
2025-08-29 05:00:00,23.16,86.33,Friday,0,0,0,0.0,0.0,0.0,0.0,0,0.16
2025-08-29 06:00:00,24.39,78.76,Friday,0,0,0,0.0,0.0,0.0,0.0,0,0.143
2025-08-29 07:00:00,22.82,82.74,Friday,0,0,2,6.39,0.0,1.0,0.2,0,0.639
2025-08-29 08:00:00,23.23,86.31,Friday,0,0,2,8.82,0.0,0.88,0.02,0,0.547
2025-08-29 09:00:00,20.04,79.35,Friday,0,0,0,0.0,0.0,0.0,0.0,0,0.256
2025-08-29 10:00:00,26.66,74.91,Friday,0,0,0,0.0,0.0,0.0,0.0,0,0.142
2025-08-29 11:00:00,23.44,79.48,Friday,0,0,0,0.0,0.0,0.0,0.0,0,0.36
2025-08-29 12:00:00,25.61,81.95,Friday,0,0,0,0.0,0.0,0.0,0.0,0,0.35
2025-08-29 13:00:00,23.58,83.86,Friday,0,0,0,0.0,0.0,0.0,0.0,0,0.304
2025-08-29 14:00:00,26.41,75.57,Friday,0,0,3,6.99,0.0,0.89,0.03,0,0.63
2025-08-29 15:00:00,24.29,71.1,Friday,0,0,0,0.0,0.0,0.0,0.0,0,0.15
2025-08-29 16:00:00,28.17,76.38,Friday,0,0,0,0.0,0.0,0.0,0.0,0,0.415
2025-08-29 17:00:00,27.34,71.3,Friday,0,0,3,9.33,0.71,0.29,0.0,0,1.185
2025-08-29 18:00:00,28.51,67.39,Friday,0,0,3,7.91,0.11,0.55,0.8,0,1.124
2025-08-29 19:00:00,30.01,67.17,Friday,0,0,4,12.79,0.62,0.98,0.4,0,1.404
2025-08-29 20:00:00,26.64,78.16,Friday,0,0,1,13.09,0.0,0.61,0.9,0,0.532
2025-08-29 21:00:00,27.52,82.53,Friday,0,0,2,13.71,0.79,0.71,0.85,0,1.234
2025-08-29 22:00:00,29.28,74.34,Friday,0,0,3,14.91,1.0,0.82,0.9,0,2.127
2025-08-29 23:00:00,31.76,72.98,Friday,0,0,1,15.02,0.59,0.51,0.64,0,1.563
2025-08-30 00:00:00,27.11,82.02,Saturday,1,0,0,0.0,0.0,0.0,0.0,0,0.443
2025-08-30 01:00:00,27.7,67.85,Saturday,1,0,2,14.12,0.68,0.75,0.2,0,2.166
2025-08-30 02:00:00,25.67,80.0,Saturday,1,0,0,0.0,0.0,0.0,0.0,0,0.221
2025-08-30 03:00:00,28.58,74.72,Saturday,1,0,4,14.39,0.76,0.81,0.04,0,0.945
2025-08-30 04:00:00,21.21,84.24,Saturday,1,0,2,12.24,0.0,0.39,0.01,0,0.613
2025-08-30 05:00:00,23.91,76.57,Saturday,1,0,1,14.06,0.0,0.62,0.12,0,0.632
2025-08-30 06:00:00,20.33,78.11,Saturday,1,0,0,0.0,0.0,0.0,0.0,0,0.153
2025-08-30 07:00:00,18.45,84.6,Saturday,1,0,1,9.0,0.0,1.0,0.16,0,0.408
2025-08-30 08:00:00,23.39,87.69,Saturday,1,0,3,8.36,0.0,0.78,0.15,0,0.697
2025-08-30 09:00:00,23.21,83.91,Saturday,1,0,0,0.0,0.0,0.0,0.0,0,0.186
2025-08-30 10:00:00,22.75,77.49,Saturday,1,0,3,7.47,0.0,0.87,0.04,0,0.237
2025-08-30 11:00:00,23.55,72.6,Saturday,1,0,3,5.14,0.0,0.82,0.05,0,0.514
2025-08-30 12:00:00,29.94,65.15,Saturday,1,0,3,6.23,0.97,0.92,0.06,0,2.823
2025-08-30 13:00:00,24.62,84.92,Saturday,1,0,0,0.0,0.0,0.0,0.0,0,0.243
2025-08-30 14:00:00,26.78,71.63,Saturday,1,0,0,0.0,0.0,0.0,0.0,0,0.268
2025-08-30 15:00:00,25.47,75.95,Saturday,1,0,2,7.07,0.0,0.81,0.03,0,0.587
2025-08-30 16:00:00,27.89,82.01,Saturday,1,0,2,6.92,0.87,0.51,0.01,0,1.795
2025-08-30 17:00:00,27.55,67.63,Saturday,1,0,3,8.42,0.29,0.86,0.1,0,0.657
2025-08-30 18:00:00,27.72,83.02,Saturday,1,0,2,6.49,0.45,0.27,0.31,0,0.964
2025-08-30 19:00:00,32.03,70.4,Saturday,1,0,2,13.85,0.78,0.95,0.89,0,1.722
2025-08-30 20:00:00,30.98,66.88,Saturday,1,0,3,12.66,0.53,0.71,0.97,0,1.47
2025-08-30 21:00:00,29.0,73.16,Saturday,1,1,3,15.54,0.47,0.92,0.32,0,1.644
2025-08-30 22:00:00,24.31,75.01,Saturday,1,0,3,12.24,0.0,1.0,0.89,0,0.489
2025-08-30 23:00:00,27.33,78.11,Saturday,1,0,1,14.98,0.44,1.0,0.79,0,1.28
2025-08-31 00:00:00,32.22,68.26,Sunday,1,0,2,15.61,1.0,0.82,0.16,0,1.905
2025-08-31 01:00:00,26.22,67.34,Sunday,1,0,2,15.03,0.0,0.32,0.17,0,0.174
2025-08-31 02:00:00,27.84,74.34,Sunday,1,0,0,0.0,0.0,0.0,0.0,0,0.331
2025-08-31 03:00:00,27.68,68.81,Sunday,1,0,1,11.45,0.96,0.43,0.04,0,1.717
2025-08-31 04:00:00,24.75,79.24,Sunday,1,0,3,12.98,0.0,0.93,0.02,0,0.293
2025-08-31 05:00:00,22.22,74.56,Sunday,1,0,0,0.0,0.0,0.0,0.0,0,0.07
2025-08-31 06:00:00,18.88,81.07,Sunday,1,0,2,9.07,0.0,0.69,0.2,0,0.558
2025-08-31 07:00:00,24.19,79.64,Sunday,1,0,3,8.73,0.0,0.64,0.09,0,0.692
2025-08-31 08:00:00,21.39,80.19,Sunday,1,0,1,6.97,0.0,0.84,0.05,0,0.402
2025-08-31 09:00:00,23.28,80.8,Sunday,1,0,3,6.02,0.0,0.93,0.17,0,0.45
2025-08-31 10:00:00,21.01,84.99,Sunday,1,0,4,7.36,0.0,0.77,0.14,0,0.505
2025-08-31 11:00:00,23.26,73.78,Sunday,1,0,2,4.94,0.0,0.95,0.01,0,0.378
2025-08-31 12:00:00,24.42,78.2,Sunday,1,0,0,0.0,0.0,0.0,0.0,0,0.351
2025-08-31 13:00:00,25.57,60.84,Sunday,1,0,3,4.99,0.0,1.0,0.07,0,0.659
2025-08-31 14:00:00,23.85,80.27,Sunday,1,0,1,4.0,0.0,0.78,0.04,0,0.274
2025-08-31 15:00:00,28.79,73.09,Sunday,1,0,2,6.71,0.41,0.94,0.18,0,1.335
2025-08-31 16:00:00,26.28,71.93,Sunday,1,0,2,8.58,0.0,0.62,0.04,0,0.597
2025-08-31 17:00:00,24.97,79.61,Sunday,1,0,1,9.18,0.0,0.24,0.16,0,0.438
2025-08-31 18:00:00,28.26,80.93,Sunday,1,0,1,10.05,0.69,0.92,0.63,0,0.587
2025-08-31 19:00:00,28.82,72.18,Sunday,1,0,2,12.2,0.93,0.71,0.87,0,2.55
2025-08-31 20:00:00,29.15,69.54,Sunday,1,0,3,11.67,0.61,1.0,0.32,0,1.334
2025-08-31 21:00:00,31.21,73.24,Sunday,1,0,0,0.0,0.0,0.0,0.0,0,0.363
2025-08-31 22:00:00,28.03,68.59,Sunday,1,0,2,16.0,0.54,1.0,0.34,0,0.991
2025-08-31 23:00:00,27.76,72.21,Sunday,1,0,2,14.39,0.8,1.0,0.47,0,1.106
2025-09-01 00:00:00,22.39,86.46,Monday,0,0,3,15.91,0.0,0.69,0.03,0,0.712
2025-09-01 01:00:00,25.13,78.19,Monday,0,0,3,15.78,0.0,0.35,0.03,0,0.529
2025-09-01 02:00:00,23.21,70.21,Monday,0,0,0,0.0,0.0,0.0,0.0,0,0.19
2025-09-01 03:00:00,21.35,72.3,Monday,0,0,2,14.57,0.0,0.52,0.0,0,0.642
2025-09-01 04:00:00,17.95,85.16,Monday,0,0,2,11.59,0.0,0.62,0.2,0,0.559
2025-09-01 05:00:00,23.36,83.79,Monday,0,0,2,11.94,0.0,0.72,0.11,0,0.323
2025-09-01 06:00:00,18.07,76.15,Monday,0,0,3,9.07,0.0,0.83,0.13,0,0.497
2025-09-01 07:00:00,18.92,85.72,Monday,0,0,2,9.13,0.0,1.0,0.05,0,0.318
2025-09-01 08:00:00,20.52,88.68,Monday,0,0,0,0.0,0.0,0.0,0.0,0,0.31
2025-09-01 09:00:00,17.83,93.9,Monday,0,0,0,0.0,0.0,0.0,0.0,0,0.41
2025-09-01 10:00:00,17.59,86.32,Monday,0,0,0,0.0,0.0,0.0,0.0,0,0.207
2025-09-01 11:00:00,16.93,87.79,Monday,0,0,0,0.0,0.0,0.0,0.0,0,0.173
2025-09-01 12:00:00,22.68,69.43,Monday,0,0,1,3.25,0.0,0.63,0.03,0,0.503
2025-09-01 13:00:00,21.12,91.99,Monday,0,0,3,5.29,0.0,1.0,0.19,0,0.576
2025-09-01 14:00:00,28.15,72.29,Monday,0,0,0,0.0,0.0,0.0,0.0,0,0.337
2025-09-01 15:00:00,21.86,76.15,Monday,0,0,0,0.0,0.0,0.0,0.0,0,0.161
2025-09-01 16:00:00,22.72,78.78,Monday,0,0,0,0.0,0.0,0.0,0.0,0,0.264
2025-09-01 17:00:00,23.98,86.47,Monday,0,0,4,7.94,0.0,0.63,0.05,1,1.093
2025-09-01 18:00:00,25.91,88.22,Monday,0,0,1,10.28,0.0,1.0,0.48,0,0.707
2025-09-01 19:00:00,24.93,78.69,Monday,0,0,2,10.05,0.0,0.88,0.53,0,0.61
2025-09-01 20:00:00,26.98,81.21,Monday,0,0,2,11.86,0.0,0.62,0.52,1,0.984
2025-09-01 21:00:00,24.01,79.1,Monday,0,0,1,14.07,0.0,0.58,0.54,0,0.389
2025-09-01 22:00:00,22.99,74.62,Monday,0,0,2,11.61,0.0,0.36,0.65,0,0.765
2025-09-01 23:00:00,21.76,88.3,Monday,0,0,3,16.0,0.0,1.0,0.39,0,0.05
2025-09-02 00:00:00,20.38,79.05,Tuesday,0,0,2,13.0,0.0,0.85,0.14,0,0.743
2025-09-02 01:00:00,22.72,87.73,Tuesday,0,0,0,0.0,0.0,0.0,0.0,0,0.347
2025-09-02 02:00:00,22.34,86.89,Tuesday,0,0,2,13.07,0.0,0.43,0.19,0,0.369
2025-09-02 03:00:00,20.97,84.7,Tuesday,0,1,2,12.26,0.0,0.93,0.09,0,0.602
2025-09-02 04:00:00,23.62,88.39,Tuesday,0,0,3,11.9,0.0,0.69,0.14,0,0.504
2025-09-02 05:00:00,22.97,90.99,Tuesday,0,0,3,10.63,0.0,0.57,0.17,0,0.35
2025-09-02 06:00:00,19.68,81.91,Tuesday,0,0,3,9.09,0.0,0.88,0.17,0,0.426
2025-09-02 07:00:00,16.75,81.38,Tuesday,0,0,3,8.15,0.0,0.45,0.11,0,0.474
2025-09-02 08:00:00,18.86,74.21,Tuesday,0,0,2,7.64,0.0,0.79,0.16,0,0.407
2025-09-02 09:00:00,18.9,94.71,Tuesday,0,0,0,0.0,0.0,0.0,0.0,0,0.257
2025-09-02 10:00:00,19.1,81.11,Tuesday,0,0,1,6.93,0.0,1.0,0.12,1,1.113
2025-09-02 11:00:00,19.5,88.62,Tuesday,0,0,3,7.29,0.0,0.97,0.01,1,1.241
2025-09-02 12:00:00,20.2,78.61,Tuesday,0,0,0,0.0,0.0,0.0,0.0,0,0.22
2025-09-02 13:00:00,21.41,88.93,Tuesday,0,0,2,7.95,0.0,0.82,0.07,0,0.44
2025-09-02 14:00:00,21.73,77.44,Tuesday,0,0,1,6.83,0.0,0.9,0.17,0,0.58
2025-09-02 15:00:00,24.03,72.91,Tuesday,0,0,0,0.0,0.0,0.0,0.0,0,0.154
2025-09-02 16:00:00,25.03,76.93,Tuesday,0,0,0,0.0,0.0,0.0,0.0,0,0.163
2025-09-02 17:00:00,23.36,76.82,Tuesday,0,0,3,8.96,0.0,0.63,0.09,0,0.241
2025-09-02 18:00:00,27.76,78.49,Tuesday,0,0,2,11.35,0.69,0.44,0.45,0,1.319
2025-09-02 19:00:00,24.01,78.63,Tuesday,0,0,2,15.21,0.0,0.98,0.45,1,1.121
2025-09-02 20:00:00,22.97,82.97,Tuesday,0,0,2,15.79,0.0,0.85,0.54,0,0.593
2025-09-02 21:00:00,26.46,75.23,Tuesday,0,0,1,11.24,0.0,0.64,0.56,0,0.353
2025-09-02 22:00:00,24.0,75.57,Tuesday,0,0,2,14.02,0.0,0.57,0.31,0,0.643
2025-09-02 23:00:00,25.58,74.56,Tuesday,0,0,2,14.95,0.0,0.81,0.9,0,0.25
2025-09-03 00:00:00,20.05,92.68,Wednesday,0,0,4,16.0,0.0,0.4,0.17,0,0.401
2025-09-03 01:00:00,26.16,78.08,Wednesday,0,0,2,14.7,0.0,0.48,0.15,0,0.052
2025-09-03 02:00:00,24.09,68.9,Wednesday,0,0,2,13.2,0.0,0.75,0.08,0,0.62
2025-09-03 03:00:00,19.4,80.44,Wednesday,0,0,4,13.62,0.0,1.0,0.19,0,0.687
2025-09-03 04:00:00,18.72,84.14,Wednesday,0,0,0,0.0,0.0,0.0,0.0,0,0.246
2025-09-03 05:00:00,23.77,88.34,Wednesday,0,0,2,12.77,0.0,0.8,0.01,0,0.628
2025-09-03 06:00:00,18.95,88.59,Wednesday,0,0,2,13.58,0.0,0.46,0.05,0,0.273
2025-09-03 07:00:00,18.48,79.26,Wednesday,0,0,2,10.07,0.0,0.52,0.07,0,0.288
2025-09-03 08:00:00,15.8,95.0,Wednesday,0,0,3,8.93,0.0,1.0,0.16,1,0.672
2025-09-03 09:00:00,19.35,82.93,Wednesday,0,0,2,8.32,0.0,0.63,0.16,0,0.47
2025-09-03 10:00:00,19.87,88.85,Wednesday,0,0,0,0.0,0.0,0.0,0.0,0,0.223
2025-09-03 11:00:00,22.04,74.88,Wednesday,0,0,0,0.0,0.0,0.0,0.0,0,0.248
2025-09-03 12:00:00,18.86,71.54,Wednesday,0,0,2,4.55,0.0,0.64,0.05,0,0.3
2025-09-03 13:00:00,19.37,76.03,Wednesday,0,0,0,0.0,0.0,0.0,0.0,0,0.181
2025-09-03 14:00:00,23.69,62.93,Wednesday,0,0,0,0.0,0.0,0.0,0.0,0,0.267
2025-09-03 15:00:00,25.47,88.14,Wednesday,0,0,0,0.0,0.0,0.0,0.0,0,0.329
2025-09-03 16:00:00,21.55,82.18,Wednesday,0,0,0,0.0,0.0,0.0,0.0,0,0.276
2025-09-03 17:00:00,26.95,71.63,Wednesday,0,0,2,7.54,0.0,0.64,0.1,0,0.402
2025-09-03 18:00:00,25.54,79.77,Wednesday,0,0,2,8.31,0.0,0.92,0.43,0,0.597
2025-09-03 19:00:00,27.74,76.48,Wednesday,0,1,4,9.98,0.92,0.35,0.82,0,0.878
2025-09-03 20:00:00,25.75,80.43,Wednesday,0,0,2,12.96,0.0,0.95,0.98,0,0.346
2025-09-03 21:00:00,21.24,87.44,Wednesday,0,0,2,14.99,0.0,0.74,0.41,0,0.47
2025-09-03 22:00:00,25.2,76.37,Wednesday,0,0,3,14.71,0.0,0.38,0.49,0,0.368
2025-09-03 23:00:00,26.91,71.88,Wednesday,0,0,1,13.99,0.0,1.0,0.9,0,0.376
2025-09-04 00:00:00,22.77,84.15,Thursday,0,0,1,13.79,0.0,0.4,0.01,0,0.378
2025-09-04 01:00:00,22.96,83.85,Thursday,0,0,4,15.99,0.0,1.0,0.19,0,0.917
2025-09-04 02:00:00,22.56,80.7,Thursday,0,0,1,14.19,0.0,0.74,0.14,0,0.422
2025-09-04 03:00:00,16.88,95.0,Thursday,0,0,1,14.05,0.0,0.53,0.1,0,0.543
2025-09-04 04:00:00,24.39,76.36,Thursday,0,0,0,0.0,0.0,0.0,0.0,0,0.207
2025-09-04 05:00:00,19.13,78.78,Thursday,0,0,0,0.0,0.0,0.0,0.0,0,0.424
2025-09-04 06:00:00,21.19,83.52,Thursday,0,0,0,0.0,0.0,0.0,0.0,0,0.22
2025-09-04 07:00:00,19.82,79.28,Thursday,0,0,2,12.34,0.0,0.86,0.08,0,0.48
2025-09-04 08:00:00,22.14,83.05,Thursday,0,0,2,8.1,0.0,0.7,0.01,0,0.485
2025-09-04 09:00:00,20.71,77.69,Thursday,0,0,0,0.0,0.0,0.0,0.0,0,0.357
2025-09-04 10:00:00,19.86,80.63,Thursday,0,0,0,0.0,0.0,0.0,0.0,0,0.253
2025-09-04 11:00:00,19.15,92.72,Thursday,0,0,0,0.0,0.0,0.0,0.0,0,0.136
2025-09-04 12:00:00,22.81,77.94,Thursday,0,0,2,3.56,0.0,0.95,0.13,0,0.602
2025-09-04 13:00:00,18.73,79.65,Thursday,0,0,4,7.04,0.0,0.65,0.14,0,0.726
2025-09-04 14:00:00,24.04,84.72,Thursday,0,1,2,6.13,0.0,0.88,0.01,1,1.213
2025-09-04 15:00:00,21.68,75.74,Thursday,0,0,0,0.0,0.0,0.0,0.0,0,0.322
2025-09-04 16:00:00,26.63,73.07,Thursday,0,0,0,0.0,0.0,0.0,0.0,0,0.173
2025-09-04 17:00:00,25.29,80.62,Thursday,0,0,4,7.24,0.0,0.26,0.19,0,0.605
2025-09-04 18:00:00,26.64,81.22,Thursday,0,0,3,10.45,0.0,0.76,0.52,0,0.524
2025-09-04 19:00:00,25.92,83.27,Thursday,0,0,4,10.06,0.0,0.73,0.97,0,0.589
2025-09-04 20:00:00,22.72,76.31,Thursday,0,0,3,10.36,0.0,0.72,0.34,0,0.7
2025-09-04 21:00:00,24.23,81.68,Thursday,0,0,2,11.92,0.0,0.35,0.56,0,0.712
2025-09-04 22:00:00,26.69,74.15,Thursday,0,0,1,13.85,0.0,0.82,0.87,0,0.487
2025-09-04 23:00:00,25.3,74.7,Thursday,0,0,4,15.45,0.0,0.62,0.54,0,0.374
2025-09-05 00:00:00,26.5,82.66,Friday,0,0,2,16.0,0.0,0.72,0.18,0,0.522
2025-09-05 01:00:00,24.38,75.81,Friday,0,0,2,13.25,0.0,0.99,0.18,0,0.617
2025-09-05 02:00:00,21.14,82.87,Friday,0,0,2,12.83,0.0,0.55,0.11,0,0.602
2025-09-05 03:00:00,20.67,82.68,Friday,0,0,1,11.36,0.0,0.72,0.18,0,0.78
2025-09-05 04:00:00,21.56,75.74,Friday,0,0,2,13.36,0.0,0.7,0.14,0,0.477
2025-09-05 05:00:00,16.59,90.4,Friday,0,0,2,11.48,0.0,0.71,0.03,0,0.759
2025-09-05 06:00:00,23.29,82.34,Friday,0,0,1,8.55,0.0,0.64,0.17,0,0.503
2025-09-05 07:00:00,20.78,71.87,Friday,0,1,2,7.46,0.0,0.65,0.08,0,0.389
2025-09-05 08:00:00,22.09,82.01,Friday,0,0,2,7.31,0.0,1.0,0.04,0,0.224
2025-09-05 09:00:00,17.14,81.21,Friday,0,0,2,6.36,0.0,0.64,0.2,0,0.662
2025-09-05 10:00:00,22.52,85.72,Friday,0,0,0,0.0,0.0,0.0,0.0,0,0.532
2025-09-05 11:00:00,24.77,70.98,Friday,0,0,0,0.0,0.0,0.0,0.0,0,0.32
2025-09-05 12:00:00,19.0,81.62,Friday,0,0,4,2.94,0.0,0.77,0.17,0,0.573
2025-09-05 13:00:00,23.49,81.17,Friday,0,0,1,5.24,0.0,0.87,0.16,0,0.322
2025-09-05 14:00:00,22.88,80.18,Friday,0,0,0,0.0,0.0,0.0,0.0,0,0.129
2025-09-05 15:00:00,20.87,85.53,Friday,0,0,0,0.0,0.0,0.0,0.0,0,0.219
2025-09-05 16:00:00,25.27,70.17,Friday,0,0,0,0.0,0.0,0.0,0.0,0,0.112
2025-09-05 17:00:00,26.5,84.91,Friday,0,0,2,8.15,0.0,0.71,0.18,0,0.256
2025-09-05 18:00:00,24.39,81.17,Friday,0,0,3,10.0,0.0,0.45,0.86,0,0.467
2025-09-05 19:00:00,27.87,82.21,Friday,0,0,2,8.32,0.34,0.97,0.7,0,0.823
2025-09-05 20:00:00,22.88,84.28,Friday,0,0,0,0.0,0.0,0.0,0.0,0,0.343
2025-09-05 21:00:00,23.09,79.67,Friday,0,0,4,10.74,0.0,0.94,0.63,0,0.997
2025-09-05 22:00:00,25.72,70.93,Friday,0,0,1,14.21,0.0,0.82,0.73,0,0.589
2025-09-05 23:00:00,25.05,75.14,Friday,0,0,2,11.01,0.0,0.79,0.97,0,0.771
2025-09-06 00:00:00,23.09,87.67,Saturday,1,0,2,13.76,0.0,1.0,0.12,0,0.523
2025-09-06 01:00:00,25.11,84.83,Saturday,1,0,2,16.0,0.0,0.6,0.05,0,0.528
2025-09-06 02:00:00,23.83,75.95,Saturday,1,0,3,16.0,0.0,1.0,0.18,0,0.586
2025-09-06 03:00:00,23.65,65.13,Saturday,1,0,3,15.01,0.0,0.65,0.14,0,0.394
2025-09-06 04:00:00,21.16,80.4,Saturday,1,0,2,12.21,0.0,0.86,0.16,0,0.465
2025-09-06 05:00:00,21.84,79.4,Saturday,1,0,1,13.77,0.0,0.7,0.16,0,0.49
2025-09-06 06:00:00,19.48,81.72,Saturday,1,0,1,10.39,0.0,0.9,0.03,0,0.298
2025-09-06 07:00:00,23.68,81.83,Saturday,1,0,2,9.74,0.0,0.5,0.06,0,0.349
2025-09-06 08:00:00,18.42,88.31,Saturday,1,0,1,11.47,0.0,0.78,0.15,0,0.681
2025-09-06 09:00:00,23.77,84.06,Saturday,1,0,3,8.1,0.0,0.75,0.12,0,0.422
2025-09-06 10:00:00,20.34,84.42,Saturday,1,0,0,0.0,0.0,0.0,0.0,0,0.273
2025-09-06 11:00:00,18.28,75.04,Saturday,1,0,3,5.94,0.0,0.85,0.08,1,1.101
2025-09-06 12:00:00,23.84,77.34,Saturday,1,0,2,7.11,0.0,0.53,0.05,0,0.309
2025-09-06 13:00:00,22.33,91.92,Saturday,1,0,0,0.0,0.0,0.0,0.0,0,0.29
2025-09-06 14:00:00,24.41,80.4,Saturday,1,0,0,0.0,0.0,0.0,0.0,0,0.298
2025-09-06 15:00:00,25.86,79.07,Saturday,1,0,3,8.4,0.0,0.93,0.12,0,0.243
2025-09-06 16:00:00,24.99,79.81,Saturday,1,0,2,11.3,0.0,0.43,0.01,0,0.38
2025-09-06 17:00:00,23.93,81.04,Saturday,1,0,1,7.3,0.0,0.65,0.14,0,0.346
2025-09-06 18:00:00,27.23,64.08,Saturday,1,1,4,11.05,0.76,1.0,0.59,0,1.747
2025-09-06 19:00:00,25.78,76.1,Saturday,1,1,4,11.98,0.0,1.0,0.7,0,0.667
2025-09-06 20:00:00,27.11,75.91,Saturday,1,0,4,11.92,0.61,0.86,0.78,0,1.809
2025-09-06 21:00:00,21.9,87.2,Saturday,1,0,2,12.56,0.0,0.73,0.43,0,0.405
2025-09-06 22:00:00,26.28,77.09,Saturday,1,0,2,16.0,0.0,0.48,0.95,0,0.736
2025-09-06 23:00:00,23.85,70.8,Saturday,1,0,3,13.3,0.0,0.95,0.59,0,0.793
2025-09-07 00:00:00,27.35,78.03,Sunday,1,0,2,12.89,0.61,0.83,0.0,0,1.366
2025-09-07 01:00:00,24.78,74.18,Sunday,1,1,3,13.99,0.0,0.16,0.17,0,0.567
2025-09-07 02:00:00,23.31,73.44,Sunday,1,0,1,11.66,0.0,0.32,0.01,0,0.31
2025-09-07 03:00:00,22.98,75.65,Sunday,1,0,1,12.27,0.0,0.84,0.17,0,0.447
2025-09-07 04:00:00,19.58,85.59,Sunday,1,0,3,10.92,0.0,0.54,0.16,0,0.445
2025-09-07 05:00:00,23.68,85.48,Sunday,1,0,3,11.42,0.0,0.49,0.02,0,0.355
2025-09-07 06:00:00,23.86,81.44,Sunday,1,0,2,12.17,0.0,0.72,0.02,0,0.48
2025-09-07 07:00:00,20.69,85.04,Sunday,1,0,2,7.82,0.0,0.84,0.15,0,0.511
2025-09-07 08:00:00,22.74,82.4,Sunday,1,0,2,8.8,0.0,1.0,0.16,1,1.107
2025-09-07 09:00:00,18.96,83.95,Sunday,1,0,2,7.59,0.0,0.55,0.08,0,0.485
2025-09-07 10:00:00,18.85,87.02,Sunday,1,0,1,2.34,0.0,0.86,0.18,0,0.342
2025-09-07 11:00:00,20.83,69.66,Sunday,1,0,3,4.34,0.0,0.49,0.04,0,0.419
2025-09-07 12:00:00,22.16,81.11,Sunday,1,0,2,4.44,0.0,0.63,0.12,0,0.316
2025-09-07 13:00:00,21.39,76.02,Sunday,1,0,2,5.74,0.0,0.8,0.08,0,0.355
2025-09-07 14:00:00,23.85,84.85,Sunday,1,0,1,6.52,0.0,0.71,0.07,0,0.384
2025-09-07 15:00:00,24.21,77.98,Sunday,1,0,2,6.96,0.0,0.41,0.11,0,0.163
2025-09-07 16:00:00,22.58,80.33,Sunday,1,0,1,6.16,0.0,0.88,0.06,0,0.225
2025-09-07 17:00:00,25.93,69.63,Sunday,1,0,2,7.76,0.0,0.94,0.04,0,0.397
2025-09-07 18:00:00,27.03,81.26,Sunday,1,0,2,7.75,0.71,1.0,0.66,0,1.383
2025-09-07 19:00:00,26.08,80.16,Sunday,1,0,2,11.39,0.0,0.81,0.66,0,0.7
2025-09-07 20:00:00,27.95,78.13,Sunday,1,0,1,11.95,0.7,0.79,0.82,0,1.223
2025-09-07 21:00:00,23.58,75.21,Sunday,1,0,3,14.33,0.0,0.83,0.78,0,0.953
2025-09-07 22:00:00,26.32,72.95,Sunday,1,0,2,15.38,0.0,0.41,0.6,0,0.296
2025-09-07 23:00:00,22.89,81.01,Sunday,1,0,2,14.33,0.0,0.43,0.6,0,0.724
2025-09-08 00:00:00,22.37,76.89,Monday,0,0,2,15.42,0.0,0.73,0.02,0,0.313
2025-09-08 01:00:00,22.52,82.41,Monday,0,0,2,14.51,0.0,0.18,0.04,0,0.283
2025-09-08 02:00:00,21.18,70.63,Monday,0,0,2,12.66,0.0,0.47,0.12,0,0.398
2025-09-08 03:00:00,21.12,79.06,Monday,0,0,3,12.34,0.0,0.63,0.11,0,0.392
2025-09-08 04:00:00,20.99,90.59,Monday,0,0,0,0.0,0.0,0.0,0.0,0,0.248
2025-09-08 05:00:00,22.26,82.66,Monday,0,0,2,10.7,0.0,0.81,0.13,0,0.413
2025-09-08 06:00:00,19.7,83.6,Monday,0,0,2,9.11,0.0,0.37,0.03,0,0.464
2025-09-08 07:00:00,17.13,95.0,Monday,0,0,1,7.06,0.0,0.74,0.16,0,0.397
2025-09-08 08:00:00,21.93,69.08,Monday,0,0,1,8.73,0.0,0.9,0.18,0,0.25
2025-09-08 09:00:00,18.47,79.8,Monday,0,0,2,7.25,0.0,0.93,0.1,0,0.631
2025-09-08 10:00:00,20.17,80.34,Monday,0,0,0,0.0,0.0,0.0,0.0,0,0.292
2025-09-08 11:00:00,21.56,85.39,Monday,0,0,0,0.0,0.0,0.0,0.0,0,0.247
2025-09-08 12:00:00,21.74,85.31,Monday,0,0,0,0.0,0.0,0.0,0.0,0,0.298
2025-09-08 13:00:00,24.07,74.51,Monday,0,0,0,0.0,0.0,0.0,0.0,0,0.194
2025-09-08 14:00:00,23.74,84.12,Monday,0,0,2,6.92,0.0,0.81,0.14,0,0.492
2025-09-08 15:00:00,22.1,78.59,Monday,0,0,0,0.0,0.0,0.0,0.0,0,0.123
2025-09-08 16:00:00,28.3,81.09,Monday,0,0,0,0.0,0.0,0.0,0.0,0,0.411
2025-09-08 17:00:00,25.35,72.52,Monday,0,0,1,8.64,0.0,0.7,0.16,0,0.362
2025-09-08 18:00:00,25.21,77.19,Monday,0,0,2,8.52,0.0,0.58,0.45,0,0.77
2025-09-08 19:00:00,27.51,73.29,Monday,0,0,4,11.65,0.83,0.86,0.73,0,1.426
2025-09-08 20:00:00,26.33,82.09,Monday,0,0,3,11.63,0.0,0.69,0.7,0,0.885
2025-09-08 21:00:00,26.49,74.04,Monday,0,0,3,14.52,0.0,1.0,0.76,0,0.752
2025-09-08 22:00:00,29.96,73.32,Monday,0,0,2,14.76,0.99,0.76,0.86,0,2.316
2025-09-08 23:00:00,24.5,80.98,Monday,0,0,4,14.91,0.0,1.0,0.81,0,0.449
2025-09-09 00:00:00,23.81,81.8,Tuesday,0,0,3,14.41,0.0,0.22,0.09,0,0.272
2025-09-09 01:00:00,23.86,83.46,Tuesday,0,0,0,0.0,0.0,0.0,0.0,0,0.316
2025-09-09 02:00:00,24.81,79.23,Tuesday,0,0,4,15.72,0.0,0.98,0.1,0,0.774
2025-09-09 03:00:00,19.39,80.96,Tuesday,0,0,4,12.69,0.0,0.76,0.06,0,0.586
2025-09-09 04:00:00,17.84,82.7,Tuesday,0,0,1,10.66,0.0,1.0,0.17,0,0.268
2025-09-09 05:00:00,19.7,82.9,Tuesday,0,0,1,11.56,0.0,0.81,0.09,0,0.648
2025-09-09 06:00:00,17.34,86.14,Tuesday,0,0,3,11.78,0.0,0.52,0.02,0,0.352
2025-09-09 07:00:00,19.22,82.47,Tuesday,0,0,2,6.81,0.0,1.0,0.13,0,0.449
2025-09-09 08:00:00,20.78,81.89,Tuesday,0,0,2,8.21,0.0,0.58,0.16,0,0.316
2025-09-09 09:00:00,18.38,76.37,Tuesday,0,0,0,0.0,0.0,0.0,0.0,0,0.28
2025-09-09 10:00:00,17.71,87.9,Tuesday,0,0,0,0.0,0.0,0.0,0.0,0,0.199
2025-09-09 11:00:00,20.88,82.61,Tuesday,0,0,0,0.0,0.0,0.0,0.0,0,0.052
2025-09-09 12:00:00,22.93,84.87,Tuesday,0,0,0,0.0,0.0,0.0,0.0,0,0.099
2025-09-09 13:00:00,19.05,83.36,Tuesday,0,0,1,4.94,0.0,0.56,0.12,0,0.339
2025-09-09 14:00:00,24.35,69.89,Tuesday,0,0,0,0.0,0.0,0.0,0.0,0,0.179
2025-09-09 15:00:00,25.13,76.09,Tuesday,0,0,4,7.49,0.0,1.0,0.05,0,0.23
2025-09-09 16:00:00,26.1,76.01,Tuesday,0,0,0,0.0,0.0,0.0,0.0,0,0.322
2025-09-09 17:00:00,27.19,79.74,Tuesday,0,0,3,8.83,0.9,0.57,0.17,0,1.375
2025-09-09 18:00:00,29.44,63.65,Tuesday,0,0,0,0.0,0.0,0.0,0.0,0,0.212
2025-09-09 19:00:00,25.14,78.08,Tuesday,0,0,2,12.0,0.0,0.6,0.42,0,0.217
2025-09-09 20:00:00,26.08,79.6,Tuesday,0,0,3,8.58,0.0,0.64,0.52,0,0.623
2025-09-09 21:00:00,25.03,74.67,Tuesday,0,0,3,11.93,0.0,0.85,0.4,0,0.655
2025-09-09 22:00:00,25.48,77.94,Tuesday,0,0,1,15.82,0.0,1.0,0.78,0,0.89
2025-09-09 23:00:00,27.76,72.38,Tuesday,0,0,3,13.99,0.67,0.77,0.41,0,1.661
2025-09-10 00:00:00,21.96,77.09,Wednesday,0,0,4,16.0,0.0,0.66,0.1,0,0.515
2025-09-10 01:00:00,22.1,78.56,Wednesday,0,0,2,16.0,0.0,1.0,0.15,0,0.558
2025-09-10 02:00:00,25.36,74.13,Wednesday,0,1,2,13.97,0.0,0.58,0.04,0,0.568
2025-09-10 03:00:00,23.94,82.37,Wednesday,0,0,2,12.61,0.0,0.61,0.18,0,0.58
2025-09-10 04:00:00,20.72,78.17,Wednesday,0,0,1,10.99,0.0,0.65,0.17,0,0.475
2025-09-10 05:00:00,22.29,75.92,Wednesday,0,0,0,0.0,0.0,0.0,0.0,0,0.251
2025-09-10 06:00:00,20.89,90.53,Wednesday,0,0,0,0.0,0.0,0.0,0.0,0,0.251
2025-09-10 07:00:00,22.68,84.89,Wednesday,0,0,2,8.1,0.0,0.95,0.03,0,0.424
2025-09-10 08:00:00,20.01,73.18,Wednesday,0,0,0,0.0,0.0,0.0,0.0,0,0.326
2025-09-10 09:00:00,21.83,77.03,Wednesday,0,0,0,0.0,0.0,0.0,0.0,0,0.197
2025-09-10 10:00:00,25.04,79.18,Wednesday,0,0,0,0.0,0.0,0.0,0.0,0,0.179
2025-09-10 11:00:00,21.83,82.47,Wednesday,0,0,0,0.0,0.0,0.0,0.0,0,0.331
2025-09-10 12:00:00,21.47,73.73,Wednesday,0,0,0,0.0,0.0,0.0,0.0,0,0.288
2025-09-10 13:00:00,23.4,85.23,Wednesday,0,0,0,0.0,0.0,0.0,0.0,0,0.198
2025-09-10 14:00:00,22.22,84.63,Wednesday,0,0,0,0.0,0.0,0.0,0.0,0,0.194
2025-09-10 15:00:00,27.95,77.75,Wednesday,0,0,0,0.0,0.0,0.0,0.0,0,0.192
2025-09-10 16:00:00,24.7,85.05,Wednesday,0,0,2,7.55,0.0,0.57,0.04,0,0.392
2025-09-10 17:00:00,24.51,80.7,Wednesday,0,0,3,9.13,0.0,0.75,0.18,0,0.323
2025-09-10 18:00:00,23.97,81.17,Wednesday,0,0,2,12.94,0.0,0.78,0.33,0,0.605
2025-09-10 19:00:00,27.75,83.31,Wednesday,0,0,0,0.0,0.0,0.0,0.0,0,0.336
2025-09-10 20:00:00,27.44,81.31,Wednesday,0,0,3,10.61,0.54,0.6,0.87,0,0.857
2025-09-10 21:00:00,24.88,73.9,Wednesday,0,0,2,13.46,0.0,0.77,0.47,0,0.869
2025-09-10 22:00:00,26.51,79.8,Wednesday,0,0,0,0.0,0.0,0.0,0.0,0,0.192
2025-09-10 23:00:00,22.28,77.12,Wednesday,0,0,0,0.0,0.0,0.0,0.0,0,0.322
2025-09-11 00:00:00,24.71,80.78,Thursday,0,0,1,12.95,0.0,0.59,0.0,0,0.28
2025-09-11 01:00:00,24.47,80.86,Thursday,0,0,1,16.0,0.0,0.88,0.2,0,0.292
2025-09-11 02:00:00,25.95,70.23,Thursday,0,0,1,14.12,0.0,0.75,0.13,0,0.388
2025-09-11 03:00:00,20.71,81.25,Thursday,0,0,1,14.37,0.0,0.56,0.03,0,0.522
2025-09-11 04:00:00,19.08,84.66,Thursday,0,0,2,14.83,0.0,0.72,0.15,0,0.607
2025-09-11 05:00:00,19.15,81.09,Thursday,0,0,0,0.0,0.0,0.0,0.0,0,0.246
2025-09-11 06:00:00,17.87,85.99,Thursday,0,0,2,7.42,0.0,0.75,0.04,0,0.314
2025-09-11 07:00:00,22.39,84.38,Thursday,0,0,1,9.55,0.0,1.0,0.1,0,0.479
2025-09-11 08:00:00,22.67,79.95,Thursday,0,0,1,4.45,0.0,0.79,0.12,0,0.352
2025-09-11 09:00:00,20.56,83.12,Thursday,0,0,0,0.0,0.0,0.0,0.0,0,0.266
2025-09-11 10:00:00,22.48,87.19,Thursday,0,0,2,4.81,0.0,1.0,0.19,0,0.507
2025-09-11 11:00:00,21.0,83.97,Thursday,0,0,0,0.0,0.0,0.0,0.0,0,0.203
2025-09-11 12:00:00,21.21,82.42,Thursday,0,0,0,0.0,0.0,0.0,0.0,0,0.217
2025-09-11 13:00:00,21.5,76.36,Thursday,0,0,0,0.0,0.0,0.0,0.0,0,0.223
2025-09-11 14:00:00,22.32,83.77,Thursday,0,0,0,0.0,0.0,0.0,0.0,0,0.269
2025-09-11 15:00:00,20.87,83.37,Thursday,0,0,0,0.0,0.0,0.0,0.0,0,0.304
2025-09-11 16:00:00,24.85,84.55,Thursday,0,0,3,7.53,0.0,1.0,0.08,0,0.569
2025-09-11 17:00:00,24.93,78.3,Thursday,0,0,2,8.86,0.0,0.42,0.03,0,0.435
2025-09-11 18:00:00,26.82,67.28,Thursday,0,0,1,10.44,0.0,0.64,0.4,0,0.498
2025-09-11 19:00:00,25.94,68.65,Thursday,0,0,2,13.51,0.0,0.54,0.77,0,0.328
2025-09-11 20:00:00,25.59,81.15,Thursday,0,0,2,14.42,0.0,0.56,0.87,0,0.614
2025-09-11 21:00:00,24.21,75.86,Thursday,0,0,2,14.21,0.0,1.0,0.51,0,0.746
2025-09-11 22:00:00,25.61,79.64,Thursday,0,0,1,15.54,0.0,0.71,0.42,0,0.389
2025-09-11 23:00:00,26.33,77.38,Thursday,0,0,3,15.22,0.0,0.93,0.47,0,0.279
2025-09-12 00:00:00,22.32,79.58,Friday,0,0,3,16.0,0.0,0.58,0.0,0,0.528
2025-09-12 01:00:00,23.81,78.59,Friday,0,0,2,15.38,0.0,0.59,0.13,0,0.75
2025-09-12 02:00:00,23.3,75.21,Friday,0,0,2,13.5,0.0,0.5,0.1,0,0.268
2025-09-12 03:00:00,20.81,81.69,Friday,0,0,1,12.41,0.0,1.0,0.08,0,0.611
2025-09-12 04:00:00,20.32,79.29,Friday,0,0,0,0.0,0.0,0.0,0.0,0,0.217
2025-09-12 05:00:00,21.17,79.58,Friday,0,0,2,11.02,0.0,0.49,0.02,0,0.44
2025-09-12 06:00:00,18.24,82.47,Friday,0,1,2,12.88,0.0,1.0,0.18,0,0.511
2025-09-12 07:00:00,20.61,80.82,Friday,0,0,2,7.05,0.0,0.69,0.01,0,0.28
2025-09-12 08:00:00,18.27,88.67,Friday,0,0,4,9.38,0.0,0.86,0.09,0,0.471
2025-09-12 09:00:00,21.89,80.15,Friday,0,1,3,5.82,0.0,0.76,0.04,0,0.521
2025-09-12 10:00:00,24.49,83.58,Friday,0,1,3,6.28,0.0,0.39,0.03,0,0.629
2025-09-12 11:00:00,19.21,90.9,Friday,0,0,0,0.0,0.0,0.0,0.0,0,0.195
2025-09-12 12:00:00,22.34,84.67,Friday,0,0,0,0.0,0.0,0.0,0.0,0,0.321
2025-09-12 13:00:00,20.79,84.46,Friday,0,0,2,7.39,0.0,0.98,0.09,0,0.236
2025-09-12 14:00:00,24.75,79.86,Friday,0,0,0,0.0,0.0,0.0,0.0,0,0.292
2025-09-12 15:00:00,21.38,85.59,Friday,0,0,3,7.94,0.0,0.8,0.1,0,0.295
2025-09-12 16:00:00,25.24,78.23,Friday,0,0,0,0.0,0.0,0.0,0.0,0,0.346
2025-09-12 17:00:00,23.43,84.34,Friday,0,0,2,10.19,0.0,1.0,0.03,0,0.451
2025-09-12 18:00:00,25.1,80.98,Friday,0,0,3,9.36,0.0,0.7,0.93,0,0.62
2025-09-12 19:00:00,23.92,77.17,Friday,0,0,3,9.48,0.0,0.56,0.66,1,1.319
2025-09-12 20:00:00,27.36,80.36,Friday,0,0,2,13.47,0.94,0.93,0.97,0,1.496
2025-09-12 21:00:00,24.27,79.11,Friday,0,0,1,14.95,0.0,1.0,0.57,0,0.518
2025-09-12 22:00:00,26.47,76.15,Friday,0,0,3,15.29,0.0,0.85,0.97,0,0.875
2025-09-12 23:00:00,24.38,76.18,Friday,0,0,1,14.61,0.0,0.89,0.98,0,0.514
2025-09-13 00:00:00,24.17,79.58,Saturday,1,0,1,12.38,0.0,0.45,0.19,0,0.552
2025-09-13 01:00:00,23.92,83.95,Saturday,1,0,2,13.23,0.0,0.43,0.03,0,0.75
2025-09-13 02:00:00,21.51,85.59,Saturday,1,0,2,13.28,0.0,0.41,0.09,0,0.32
2025-09-13 03:00:00,22.48,82.03,Saturday,1,1,3,13.15,0.0,1.0,0.06,0,0.418
2025-09-13 04:00:00,24.13,81.78,Saturday,1,0,2,14.2,0.0,0.65,0.1,0,0.804
2025-09-13 05:00:00,19.36,89.44,Saturday,1,0,1,11.12,0.0,0.96,0.09,0,0.71
2025-09-13 06:00:00,22.39,79.6,Saturday,1,0,2,6.84,0.0,0.6,0.12,0,0.545
2025-09-13 07:00:00,22.68,74.51,Saturday,1,0,3,4.82,0.0,0.75,0.01,0,0.628
2025-09-13 08:00:00,18.41,90.44,Saturday,1,0,3,6.46,0.0,0.55,0.17,0,0.346
2025-09-13 09:00:00,17.36,82.23,Saturday,1,0,2,5.69,0.0,0.67,0.01,0,0.643
2025-09-13 10:00:00,20.82,78.31,Saturday,1,0,0,0.0,0.0,0.0,0.0,0,0.344
2025-09-13 11:00:00,19.77,73.72,Saturday,1,0,2,2.99,0.0,0.67,0.16,0,0.527
2025-09-13 12:00:00,24.74,81.09,Saturday,1,0,1,2.93,0.0,0.65,0.02,1,0.977
2025-09-13 13:00:00,22.16,72.44,Saturday,1,0,1,5.85,0.0,0.33,0.14,0,0.24
2025-09-13 14:00:00,21.43,77.46,Saturday,1,0,3,7.67,0.0,0.86,0.04,0,0.373
2025-09-13 15:00:00,21.59,84.01,Saturday,1,0,2,3.52,0.0,0.89,0.04,0,0.2
2025-09-13 16:00:00,26.34,80.4,Saturday,1,0,2,6.35,0.0,0.58,0.01,0,0.364
2025-09-13 17:00:00,23.97,75.67,Saturday,1,0,3,10.37,0.0,0.45,0.07,0,0.253
2025-09-13 18:00:00,25.56,76.83,Saturday,1,0,2,11.4,0.0,1.0,0.87,0,0.746
2025-09-13 19:00:00,27.5,71.39,Saturday,1,0,1,9.91,1.0,0.81,0.37,0,1.299
2025-09-13 20:00:00,25.01,75.25,Saturday,1,0,2,14.24,0.0,0.15,0.98,0,0.225
2025-09-13 21:00:00,25.69,78.71,Saturday,1,0,1,13.6,0.0,0.64,0.85,0,0.595
2025-09-13 22:00:00,25.45,75.09,Saturday,1,0,4,15.32,0.0,0.59,0.78,0,0.233
2025-09-13 23:00:00,26.23,75.67,Saturday,1,0,3,13.77,0.0,0.57,0.99,0,0.617
2025-09-14 00:00:00,25.44,70.28,Sunday,1,0,2,15.44,0.0,1.0,0.06,0,0.653
2025-09-14 01:00:00,23.26,85.23,Sunday,1,0,1,13.08,0.0,0.81,0.18,0,0.291
2025-09-14 02:00:00,22.99,82.36,Sunday,1,0,0,0.0,0.0,0.0,0.0,0,0.132
2025-09-14 03:00:00,21.43,85.18,Sunday,1,0,3,13.09,0.0,0.72,0.03,0,0.546
2025-09-14 04:00:00,18.72,90.11,Sunday,1,0,4,12.71,0.0,0.96,0.11,0,0.833
2025-09-14 05:00:00,21.22,77.28,Sunday,1,0,0,0.0,0.0,0.0,0.0,0,0.268
2025-09-14 06:00:00,23.69,77.39,Sunday,1,0,4,13.84,0.0,0.81,0.04,0,0.487
2025-09-14 07:00:00,18.39,74.48,Sunday,1,0,2,8.12,0.0,0.87,0.17,0,0.49
2025-09-14 08:00:00,18.49,95.0,Sunday,1,0,1,9.72,0.0,0.59,0.08,0,0.173
2025-09-14 09:00:00,18.41,83.18,Sunday,1,0,1,4.8,0.0,0.23,0.1,0,0.168
2025-09-14 10:00:00,21.58,86.27,Sunday,1,0,0,0.0,0.0,0.0,0.0,0,0.351
2025-09-14 11:00:00,21.56,74.9,Sunday,1,0,2,4.14,0.0,1.0,0.1,0,0.573
2025-09-14 12:00:00,21.09,86.5,Sunday,1,0,0,0.0,0.0,0.0,0.0,0,0.317
2025-09-14 13:00:00,20.45,91.38,Sunday,1,0,0,0.0,0.0,0.0,0.0,0,0.294
2025-09-14 14:00:00,23.04,79.46,Sunday,1,0,3,5.09,0.0,1.0,0.14,0,0.554
2025-09-14 15:00:00,20.84,76.69,Sunday,1,0,1,5.49,0.0,0.47,0.13,0,0.142
2025-09-14 16:00:00,24.64,77.63,Sunday,1,0,1,6.0,0.0,0.57,0.17,0,0.215
2025-09-14 17:00:00,26.57,65.45,Sunday,1,0,1,7.55,0.0,0.47,0.14,0,0.351
2025-09-14 18:00:00,23.22,79.41,Sunday,1,0,3,7.87,0.0,1.0,0.84,0,0.751
2025-09-14 19:00:00,23.02,83.89,Sunday,1,0,3,11.63,0.0,0.5,0.89,0,0.615
2025-09-14 20:00:00,28.72,74.47,Sunday,1,0,1,12.81,0.8,1.0,0.94,0,1.539
2025-09-14 21:00:00,24.67,76.87,Sunday,1,0,2,14.04,0.0,0.59,0.87,0,0.354
2025-09-14 22:00:00,27.52,78.37,Sunday,1,0,3,14.31,0.81,0.77,0.87,0,1.627
2025-09-14 23:00:00,24.72,81.27,Sunday,1,0,0,0.0,0.0,0.0,0.0,0,0.291
2025-09-15 00:00:00,24.09,70.52,Monday,0,0,4,14.01,0.0,0.82,0.08,0,0.598
2025-09-15 01:00:00,24.44,78.94,Monday,0,0,4,15.07,0.0,0.72,0.18,0,0.494
2025-09-15 02:00:00,21.29,93.52,Monday,0,0,2,14.25,0.0,1.0,0.11,0,0.942
2025-09-15 03:00:00,22.34,73.72,Monday,0,0,2,12.58,0.0,0.29,0.16,0,0.308
2025-09-15 04:00:00,20.69,81.45,Monday,0,0,3,12.07,0.0,0.51,0.19,0,0.691
2025-09-15 05:00:00,18.38,93.67,Monday,0,0,2,13.6,0.0,0.67,0.08,0,0.349
2025-09-15 06:00:00,20.89,87.22,Monday,0,0,2,12.96,0.0,1.0,0.06,0,0.255
2025-09-15 07:00:00,19.51,80.38,Monday,0,0,0,0.0,0.0,0.0,0.0,0,0.197
2025-09-15 08:00:00,19.6,83.89,Monday,0,0,4,6.4,0.0,0.99,0.02,0,0.428
2025-09-15 09:00:00,17.8,84.47,Monday,0,0,3,6.4,0.0,0.32,0.07,0,0.36
2025-09-15 10:00:00,23.14,75.93,Monday,0,0,0,0.0,0.0,0.0,0.0,0,0.294
2025-09-15 11:00:00,22.33,80.03,Monday,0,0,2,5.1,0.0,0.97,0.04,1,1.701
2025-09-15 12:00:00,23.11,78.3,Monday,0,0,0,0.0,0.0,0.0,0.0,0,0.138
2025-09-15 13:00:00,21.55,81.67,Monday,0,0,0,0.0,0.0,0.0,0.0,0,0.207
2025-09-15 14:00:00,19.77,78.97,Monday,0,0,0,0.0,0.0,0.0,0.0,0,0.408
2025-09-15 15:00:00,27.17,69.66,Monday,0,0,0,0.0,0.0,0.0,0.0,0,0.268
2025-09-15 16:00:00,24.27,78.45,Monday,0,0,0,0.0,0.0,0.0,0.0,0,0.485
2025-09-15 17:00:00,23.65,87.79,Monday,0,0,2,9.69,0.0,0.58,0.12,0,0.261
2025-09-15 18:00:00,26.23,77.31,Monday,0,0,2,7.43,0.0,0.84,0.4,0,0.523
2025-09-15 19:00:00,27.88,73.75,Monday,0,0,1,14.04,0.69,0.81,0.99,0,1.875
2025-09-15 20:00:00,25.84,81.02,Monday,0,0,2,12.88,0.0,0.78,0.95,1,1.024
2025-09-15 21:00:00,28.08,74.44,Monday,0,0,2,10.82,0.65,1.0,0.81,0,1.214
2025-09-15 22:00:00,27.43,85.16,Monday,0,0,4,15.81,0.67,0.79,0.34,0,0.799
2025-09-15 23:00:00,23.06,79.72,Monday,0,0,3,14.27,0.0,0.45,0.45,0,0.549
2025-09-16 00:00:00,23.17,83.15,Tuesday,0,0,2,15.05,0.0,0.93,0.16,0,0.586
2025-09-16 01:00:00,25.38,73.89,Tuesday,0,0,4,14.11,0.0,1.0,0.15,0,0.508
2025-09-16 02:00:00,18.0,86.82,Tuesday,0,0,3,14.18,0.0,0.78,0.06,0,0.355
2025-09-16 03:00:00,21.83,82.23,Tuesday,0,0,2,13.46,0.0,1.0,0.17,0,0.829
2025-09-16 04:00:00,18.8,83.3,Tuesday,0,0,2,9.99,0.0,0.65,0.18,0,0.666
2025-09-16 05:00:00,19.9,80.08,Tuesday,0,0,4,12.59,0.0,0.85,0.16,0,0.685
2025-09-16 06:00:00,19.74,79.54,Tuesday,0,0,2,10.17,0.0,0.36,0.15,0,0.278
2025-09-16 07:00:00,19.34,84.51,Tuesday,0,0,3,9.38,0.0,0.6,0.17,0,0.295
2025-09-16 08:00:00,18.88,86.65,Tuesday,0,0,1,8.72,0.0,0.79,0.13,0,0.568
2025-09-16 09:00:00,18.01,83.66,Tuesday,0,0,0,0.0,0.0,0.0,0.0,0,0.32
2025-09-16 10:00:00,24.41,79.97,Tuesday,0,0,0,0.0,0.0,0.0,0.0,0,0.191
2025-09-16 11:00:00,24.12,78.6,Tuesday,0,0,1,2.96,0.0,1.0,0.03,0,0.362
2025-09-16 12:00:00,19.29,83.63,Tuesday,0,0,3,3.75,0.0,0.37,0.04,1,1.102
2025-09-16 13:00:00,24.95,77.04,Tuesday,0,0,0,0.0,0.0,0.0,0.0,0,0.369
2025-09-16 14:00:00,22.16,80.65,Tuesday,0,0,2,5.95,0.0,0.57,0.14,0,0.443
2025-09-16 15:00:00,23.89,92.49,Tuesday,0,0,0,0.0,0.0,0.0,0.0,0,0.161
2025-09-16 16:00:00,24.26,80.22,Tuesday,0,0,1,9.61,0.0,1.0,0.04,1,0.62
2025-09-16 17:00:00,23.81,82.3,Tuesday,0,0,1,8.56,0.0,0.47,0.02,0,0.281
2025-09-16 18:00:00,27.25,78.17,Tuesday,0,0,2,10.54,1.0,1.0,0.74,0,1.655
2025-09-16 19:00:00,26.0,75.78,Tuesday,0,0,1,11.38,0.0,0.2,0.62,0,0.438
2025-09-16 20:00:00,25.02,84.45,Tuesday,0,0,2,12.13,0.0,0.56,0.4,0,0.527
2025-09-16 21:00:00,23.43,77.96,Tuesday,0,0,3,13.22,0.0,0.97,0.47,0,0.516
2025-09-16 22:00:00,23.87,84.29,Tuesday,0,0,1,13.15,0.0,0.92,0.71,0,0.566
2025-09-16 23:00:00,22.05,78.99,Tuesday,0,0,1,14.65,0.0,0.09,0.48,0,0.571
2025-09-17 00:00:00,24.4,73.74,Wednesday,0,0,4,14.67,0.0,0.58,0.1,0,0.635
2025-09-17 01:00:00,21.5,82.98,Wednesday,0,0,3,14.6,0.0,0.32,0.03,0,0.465
2025-09-17 02:00:00,22.4,74.82,Wednesday,0,0,1,11.72,0.0,0.78,0.15,0,0.498
2025-09-17 03:00:00,24.57,81.07,Wednesday,0,0,1,13.39,0.0,0.76,0.02,0,0.488
2025-09-17 04:00:00,23.54,73.35,Wednesday,0,0,3,11.18,0.0,0.69,0.04,0,0.58
2025-09-17 05:00:00,20.7,80.28,Wednesday,0,0,2,11.2,0.0,0.72,0.18,0,0.597
2025-09-17 06:00:00,20.12,75.23,Wednesday,0,0,0,0.0,0.0,0.0,0.0,0,0.26
2025-09-17 07:00:00,23.36,93.59,Wednesday,0,0,2,8.78,0.0,0.57,0.2,0,0.465
2025-09-17 08:00:00,20.82,73.5,Wednesday,0,0,4,7.05,0.0,1.0,0.03,0,0.474
2025-09-17 09:00:00,19.39,83.1,Wednesday,0,0,0,0.0,0.0,0.0,0.0,0,0.402
2025-09-17 10:00:00,17.71,90.27,Wednesday,0,0,0,0.0,0.0,0.0,0.0,0,0.35
2025-09-17 11:00:00,21.47,86.36,Wednesday,0,0,2,5.73,0.0,1.0,0.19,0,0.251
2025-09-17 12:00:00,22.87,84.17,Wednesday,0,0,0,0.0,0.0,0.0,0.0,0,0.22
2025-09-17 13:00:00,20.96,80.05,Wednesday,0,0,0,0.0,0.0,0.0,0.0,0,0.207
2025-09-17 14:00:00,23.4,86.19,Wednesday,0,0,0,0.0,0.0,0.0,0.0,0,0.476
2025-09-17 15:00:00,23.0,84.37,Wednesday,0,0,0,0.0,0.0,0.0,0.0,0,0.275
2025-09-17 16:00:00,24.05,79.92,Wednesday,0,0,0,0.0,0.0,0.0,0.0,0,0.339
2025-09-17 17:00:00,20.52,83.23,Wednesday,0,0,0,0.0,0.0,0.0,0.0,0,0.136
2025-09-17 18:00:00,25.08,76.41,Wednesday,0,0,1,8.8,0.0,0.78,0.94,0,0.78
2025-09-17 19:00:00,27.52,71.18,Wednesday,0,0,3,13.04,0.79,0.5,0.72,0,0.341
2025-09-17 20:00:00,24.74,84.42,Wednesday,0,0,0,0.0,0.0,0.0,0.0,0,0.294
2025-09-17 21:00:00,25.87,83.78,Wednesday,0,0,4,14.61,0.0,0.83,0.77,0,0.225
2025-09-17 22:00:00,24.12,74.38,Wednesday,0,0,3,13.46,0.0,0.68,0.53,0,0.39
2025-09-17 23:00:00,25.65,76.65,Wednesday,0,0,4,16.0,0.0,0.48,0.54,0,0.343
2025-09-18 00:00:00,23.99,78.19,Thursday,0,0,4,15.92,0.0,0.98,0.02,0,0.289
2025-09-18 01:00:00,21.96,80.57,Thursday,0,0,2,15.33,0.0,0.74,0.01,0,0.416
2025-09-18 02:00:00,25.28,78.07,Thursday,0,0,2,16.0,0.0,0.57,0.19,0,0.34
2025-09-18 03:00:00,23.77,83.84,Thursday,0,0,0,0.0,0.0,0.0,0.0,0,0.21
2025-09-18 04:00:00,20.29,78.5,Thursday,0,0,2,13.66,0.0,0.73,0.2,0,0.34
2025-09-18 05:00:00,21.65,76.78,Thursday,0,0,1,10.07,0.0,0.73,0.17,0,0.361
2025-09-18 06:00:00,21.25,87.56,Thursday,0,0,3,9.09,0.0,0.83,0.2,0,0.441
2025-09-18 07:00:00,21.14,79.16,Thursday,0,0,1,12.61,0.0,0.99,0.19,0,0.4
2025-09-18 08:00:00,16.83,79.04,Thursday,0,0,1,8.25,0.0,1.0,0.18,0,0.258
2025-09-18 09:00:00,21.79,78.46,Thursday,0,0,0,0.0,0.0,0.0,0.0,0,0.13
2025-09-18 10:00:00,19.25,81.52,Thursday,0,0,0,0.0,0.0,0.0,0.0,0,0.356
2025-09-18 11:00:00,20.11,90.17,Thursday,0,0,1,5.77,0.0,0.7,0.19,0,0.333
2025-09-18 12:00:00,26.13,81.61,Thursday,0,0,3,4.06,0.0,1.0,0.2,0,0.612
2025-09-18 13:00:00,22.65,85.86,Thursday,0,0,0,0.0,0.0,0.0,0.0,0,0.256
2025-09-18 14:00:00,22.18,84.64,Thursday,0,0,3,5.71,0.0,0.78,0.1,0,0.601
2025-09-18 15:00:00,19.69,87.51,Thursday,0,0,0,0.0,0.0,0.0,0.0,0,0.214
2025-09-18 16:00:00,26.88,72.87,Thursday,0,0,0,0.0,0.0,0.0,0.0,0,0.399
2025-09-18 17:00:00,22.58,79.19,Thursday,0,0,0,0.0,0.0,0.0,0.0,0,0.233
2025-09-18 18:00:00,23.67,74.25,Thursday,0,1,1,10.04,0.0,1.0,0.65,0,0.787
2025-09-18 19:00:00,25.18,76.79,Thursday,0,0,1,11.48,0.0,1.0,0.63,0,0.935
2025-09-18 20:00:00,28.43,78.34,Thursday,0,0,2,12.42,0.44,0.76,0.5,1,1.555
2025-09-18 21:00:00,27.17,76.72,Thursday,0,0,3,11.2,0.75,0.74,0.73,0,1.419
2025-09-18 22:00:00,25.19,84.38,Thursday,0,0,4,15.14,0.0,0.69,0.48,0,0.442
2025-09-18 23:00:00,25.55,71.79,Thursday,0,0,0,0.0,0.0,0.0,0.0,0,0.289
2025-09-19 00:00:00,23.3,82.03,Friday,0,0,2,10.02,0.0,0.81,0.05,0,0.589
2025-09-19 01:00:00,23.91,72.74,Friday,0,0,2,12.45,0.0,1.0,0.09,0,0.627
2025-09-19 02:00:00,23.01,80.26,Friday,0,0,2,13.62,0.0,0.73,0.19,0,0.35
2025-09-19 03:00:00,23.85,82.74,Friday,0,0,2,15.45,0.0,1.0,0.16,0,0.873
2025-09-19 04:00:00,23.12,78.62,Friday,0,0,1,13.41,0.0,1.0,0.07,0,0.426
2025-09-19 05:00:00,21.65,83.77,Friday,0,0,3,10.26,0.0,1.0,0.13,0,0.782
2025-09-19 06:00:00,19.63,78.04,Friday,0,0,1,9.71,0.0,0.67,0.05,0,0.371
2025-09-19 07:00:00,21.32,73.0,Friday,0,0,2,10.36,0.0,0.73,0.04,0,0.508
2025-09-19 08:00:00,19.71,85.54,Friday,0,0,2,6.58,0.0,0.71,0.08,0,0.368
2025-09-19 09:00:00,18.03,92.99,Friday,0,0,0,0.0,0.0,0.0,0.0,0,0.292
2025-09-19 10:00:00,19.55,77.92,Friday,0,0,2,6.99,0.0,0.64,0.11,0,0.541
2025-09-19 11:00:00,20.91,87.79,Friday,0,0,0,0.0,0.0,0.0,0.0,0,0.397
2025-09-19 12:00:00,23.02,80.0,Friday,0,0,1,4.09,0.0,0.92,0.03,0,0.317
2025-09-19 13:00:00,21.77,74.23,Friday,0,0,0,0.0,0.0,0.0,0.0,0,0.167
2025-09-19 14:00:00,20.7,76.21,Friday,0,0,0,0.0,0.0,0.0,0.0,0,0.145
2025-09-19 15:00:00,23.76,79.2,Friday,0,0,1,5.58,0.0,0.46,0.18,0,0.12
2025-09-19 16:00:00,24.58,76.35,Friday,0,0,0,0.0,0.0,0.0,0.0,0,0.33
2025-09-19 17:00:00,25.33,71.13,Friday,0,0,2,7.71,0.0,1.0,0.04,0,0.214
2025-09-19 18:00:00,27.13,67.61,Friday,0,0,2,11.13,0.1,0.61,0.36,0,0.289
2025-09-19 19:00:00,27.61,71.42,Friday,0,0,2,11.4,0.77,0.83,0.31,0,1.632
2025-09-19 20:00:00,24.81,79.14,Friday,0,0,3,12.24,0.0,1.0,0.43,0,0.535
2025-09-19 21:00:00,24.67,78.27,Friday,0,0,1,12.7,0.0,0.47,0.38,0,0.497
2025-09-19 22:00:00,23.6,76.75,Friday,0,0,3,12.85,0.0,0.79,0.33,0,0.12
2025-09-19 23:00:00,26.26,77.88,Friday,0,0,4,14.45,0.0,0.91,0.36,0,0.464
2025-09-20 00:00:00,26.99,81.41,Saturday,1,0,1,14.23,0.0,0.4,0.04,0,0.26
2025-09-20 01:00:00,23.09,81.69,Saturday,1,0,3,14.97,0.0,0.49,0.08,0,0.539
2025-09-20 02:00:00,22.44,79.69,Saturday,1,0,1,12.53,0.0,1.0,0.08,0,0.492
2025-09-20 03:00:00,24.74,82.87,Saturday,1,1,3,13.31,0.0,0.46,0.18,0,0.599
2025-09-20 04:00:00,22.29,75.64,Saturday,1,0,2,13.11,0.0,0.66,0.2,0,0.71
2025-09-20 05:00:00,21.54,79.99,Saturday,1,0,3,10.28,0.0,0.25,0.09,0,0.985
2025-09-20 06:00:00,18.14,83.17,Saturday,1,0,3,11.11,0.0,0.55,0.08,0,0.301
2025-09-20 07:00:00,21.2,75.23,Saturday,1,0,2,9.98,0.0,0.94,0.03,0,0.545
2025-09-20 08:00:00,18.21,82.02,Saturday,1,0,2,5.69,0.0,0.99,0.05,0,0.56
2025-09-20 09:00:00,17.94,73.98,Saturday,1,0,2,5.33,0.0,0.95,0.03,0,0.446
2025-09-20 10:00:00,19.66,92.37,Saturday,1,0,2,3.66,0.0,0.74,0.07,0,0.332
2025-09-20 11:00:00,19.7,78.08,Saturday,1,0,3,5.8,0.0,0.48,0.15,0,0.545
2025-09-20 12:00:00,20.98,89.55,Saturday,1,0,2,5.19,0.0,0.85,0.0,0,0.571
2025-09-20 13:00:00,19.51,83.13,Saturday,1,0,2,2.77,0.0,0.64,0.17,1,1.028
2025-09-20 14:00:00,24.6,81.18,Saturday,1,0,0,0.0,0.0,0.0,0.0,0,0.167
2025-09-20 15:00:00,25.68,74.94,Saturday,1,0,4,6.93,0.0,0.76,0.07,1,0.288
2025-09-20 16:00:00,20.87,82.75,Saturday,1,0,3,7.67,0.0,1.0,0.11,0,0.315
2025-09-20 17:00:00,26.76,79.67,Saturday,1,0,1,10.52,0.0,1.0,0.02,0,0.447
2025-09-20 18:00:00,24.02,82.21,Saturday,1,0,0,0.0,0.0,0.0,0.0,0,0.449
2025-09-20 19:00:00,27.32,79.79,Saturday,1,0,2,11.28,0.62,0.83,0.52,0,0.907
2025-09-20 20:00:00,25.76,75.48,Saturday,1,0,4,11.0,0.0,0.52,0.78,0,0.675
2025-09-20 21:00:00,25.83,74.85,Saturday,1,0,2,13.7,0.0,0.9,0.4,0,0.913
2025-09-20 22:00:00,25.14,69.9,Saturday,1,0,1,14.06,0.0,0.79,0.68,0,0.673
2025-09-20 23:00:00,27.18,78.65,Saturday,1,0,2,15.24,0.82,0.69,0.68,0,1.153
2025-09-21 00:00:00,22.15,85.98,Sunday,1,0,2,14.39,0.0,0.92,0.14,0,0.554
2025-09-21 01:00:00,24.75,86.31,Sunday,1,0,2,15.97,0.0,0.86,0.14,0,0.536
2025-09-21 02:00:00,24.86,79.65,Sunday,1,0,1,13.26,0.0,0.6,0.2,0,0.336
2025-09-21 03:00:00,23.39,75.62,Sunday,1,0,1,12.01,0.0,0.58,0.07,0,0.751
2025-09-21 04:00:00,25.56,69.01,Sunday,1,0,1,12.84,0.0,0.46,0.01,0,0.206
2025-09-21 05:00:00,19.8,87.88,Sunday,1,0,2,14.07,0.0,0.81,0.18,0,0.635
2025-09-21 06:00:00,22.0,71.72,Sunday,1,0,2,7.72,0.0,0.98,0.0,0,0.577
2025-09-21 07:00:00,19.79,80.99,Sunday,1,0,3,6.99,0.0,0.6,0.09,0,0.487
2025-09-21 08:00:00,22.1,79.49,Sunday,1,0,2,7.85,0.0,0.48,0.05,1,1.136
2025-09-21 09:00:00,19.97,82.18,Sunday,1,0,1,8.16,0.0,0.88,0.08,0,0.11
2025-09-21 10:00:00,19.58,83.06,Sunday,1,0,3,6.13,0.0,1.0,0.03,0,0.5
2025-09-21 11:00:00,23.11,80.39,Sunday,1,0,3,4.26,0.0,1.0,0.13,0,0.492
2025-09-21 12:00:00,20.49,69.98,Sunday,1,0,0,0.0,0.0,0.0,0.0,0,0.313
2025-09-21 13:00:00,19.56,82.97,Sunday,1,0,2,5.94,0.0,0.74,0.08,0,0.222
2025-09-21 14:00:00,21.95,69.6,Sunday,1,0,3,4.65,0.0,0.52,0.13,0,0.373
2025-09-21 15:00:00,24.77,81.87,Sunday,1,0,1,7.7,0.0,0.9,0.02,0,0.356
2025-09-21 16:00:00,26.88,73.53,Sunday,1,0,4,7.45,0.0,0.73,0.17,0,0.805
2025-09-21 17:00:00,25.2,67.04,Sunday,1,0,0,0.0,0.0,0.0,0.0,0,0.275
2025-09-21 18:00:00,27.85,71.36,Sunday,1,0,2,9.8,0.84,1.0,0.92,0,1.603
2025-09-21 19:00:00,23.33,76.65,Sunday,1,0,0,0.0,0.0,0.0,0.0,0,0.247
2025-09-21 20:00:00,25.08,83.88,Sunday,1,0,1,14.46,0.0,0.91,0.8,1,1.101
2025-09-21 21:00:00,25.26,78.75,Sunday,1,0,4,11.54,0.0,0.73,0.78,0,1.021
2025-09-21 22:00:00,25.27,79.48,Sunday,1,0,3,13.61,0.0,0.75,0.34,0,0.863
2025-09-21 23:00:00,25.15,83.77,Sunday,1,0,2,15.22,0.0,0.36,0.45,0,0.53
2025-09-22 00:00:00,25.62,76.96,Monday,0,0,1,16.0,0.0,1.0,0.06,0,0.438
2025-09-22 01:00:00,22.85,83.7,Monday,0,0,2,16.0,0.0,1.0,0.15,0,0.519
2025-09-22 02:00:00,23.13,83.1,Monday,0,0,4,14.26,0.0,0.56,0.06,0,0.221
2025-09-22 03:00:00,22.02,74.25,Monday,0,0,3,14.06,0.0,0.59,0.02,0,0.559
2025-09-22 04:00:00,19.71,90.12,Monday,0,0,1,13.4,0.0,0.99,0.09,0,0.587
2025-09-22 05:00:00,20.55,74.9,Monday,0,0,2,9.78,0.0,0.67,0.04,0,0.443
2025-09-22 06:00:00,20.02,87.07,Monday,0,0,1,10.02,0.0,1.0,0.18,0,0.39
2025-09-22 07:00:00,19.68,75.2,Monday,0,0,4,10.74,0.0,0.55,0.07,0,0.598
2025-09-22 08:00:00,19.94,85.56,Monday,0,0,2,7.71,0.0,0.67,0.06,0,0.54
2025-09-22 09:00:00,20.12,91.7,Monday,0,0,0,0.0,0.0,0.0,0.0,0,0.27
2025-09-22 10:00:00,19.5,81.88,Monday,0,0,0,0.0,0.0,0.0,0.0,0,0.284
2025-09-22 11:00:00,23.05,78.48,Monday,0,0,0,0.0,0.0,0.0,0.0,0,0.198
2025-09-22 12:00:00,19.27,86.21,Monday,0,0,0,0.0,0.0,0.0,0.0,0,0.378
2025-09-22 13:00:00,20.8,80.13,Monday,0,0,0,0.0,0.0,0.0,0.0,0,0.218
2025-09-22 14:00:00,27.88,84.5,Monday,0,0,0,0.0,0.0,0.0,0.0,0,0.361
2025-09-22 15:00:00,21.79,81.85,Monday,0,0,0,0.0,0.0,0.0,0.0,0,0.194
2025-09-22 16:00:00,21.94,79.15,Monday,0,0,0,0.0,0.0,0.0,0.0,0,0.313
2025-09-22 17:00:00,26.32,74.11,Monday,0,0,3,7.81,0.0,1.0,0.03,0,0.321
2025-09-22 18:00:00,21.74,76.27,Monday,0,0,2,12.59,0.0,0.81,0.85,0,0.653
2025-09-22 19:00:00,25.35,74.54,Monday,0,0,1,13.14,0.0,1.0,0.84,0,0.631
2025-09-22 20:00:00,29.74,71.98,Monday,0,0,2,12.59,0.79,0.43,0.97,0,1.171
2025-09-22 21:00:00,23.0,77.37,Monday,0,0,3,11.7,0.0,1.0,0.98,0,1.055
2025-09-22 22:00:00,21.91,77.49,Monday,0,0,0,0.0,0.0,0.0,0.0,0,0.239
2025-09-22 23:00:00,22.3,90.92,Monday,0,0,2,16.0,0.0,0.64,0.76,0,0.601
2025-09-23 00:00:00,26.0,71.95,Tuesday,0,0,4,13.61,0.0,0.85,0.11,0,0.668
2025-09-23 01:00:00,25.68,78.12,Tuesday,0,0,1,14.61,0.0,0.24,0.16,0,0.452
2025-09-23 02:00:00,21.96,83.7,Tuesday,0,0,2,14.45,0.0,0.84,0.11,0,0.478
2025-09-23 03:00:00,23.33,82.65,Tuesday,0,0,3,15.17,0.0,0.68,0.09,0,0.747
2025-09-23 04:00:00,23.88,78.71,Tuesday,0,0,0,0.0,0.0,0.0,0.0,0,0.309
2025-09-23 05:00:00,23.97,77.72,Tuesday,0,0,4,12.74,0.0,0.82,0.19,0,0.617
2025-09-23 06:00:00,19.84,84.9,Tuesday,0,0,2,8.84,0.0,0.5,0.18,0,0.448
2025-09-23 07:00:00,15.84,87.58,Tuesday,0,0,0,0.0,0.0,0.0,0.0,0,0.237
2025-09-23 08:00:00,18.4,82.64,Tuesday,0,0,1,10.25,0.0,0.14,0.08,0,0.429
2025-09-23 09:00:00,19.21,75.4,Tuesday,0,0,0,0.0,0.0,0.0,0.0,0,0.192
2025-09-23 10:00:00,19.81,80.33,Tuesday,0,0,0,0.0,0.0,0.0,0.0,0,0.34
2025-09-23 11:00:00,20.42,76.39,Tuesday,0,0,0,0.0,0.0,0.0,0.0,0,0.301
2025-09-23 12:00:00,23.39,76.11,Tuesday,0,0,1,4.2,0.0,0.94,0.1,0,0.232
2025-09-23 13:00:00,24.4,78.71,Tuesday,0,0,3,4.33,0.0,1.0,0.09,1,0.989
2025-09-23 14:00:00,22.57,81.98,Tuesday,0,0,0,0.0,0.0,0.0,0.0,0,0.359
2025-09-23 15:00:00,25.63,86.33,Tuesday,0,0,0,0.0,0.0,0.0,0.0,0,0.379
2025-09-23 16:00:00,25.02,75.29,Tuesday,0,0,0,0.0,0.0,0.0,0.0,0,0.287
2025-09-23 17:00:00,25.12,81.77,Tuesday,0,0,2,8.97,0.0,0.67,0.16,0,0.249
2025-09-23 18:00:00,27.11,77.63,Tuesday,0,0,2,8.78,0.92,0.36,0.84,0,2.183
2025-09-23 19:00:00,25.91,83.66,Tuesday,0,0,2,8.72,0.0,0.49,0.97,0,0.516
2025-09-23 20:00:00,29.58,76.76,Tuesday,0,0,3,10.45,1.0,0.32,0.91,1,1.698
2025-09-23 21:00:00,23.19,74.59,Tuesday,0,0,4,11.14,0.0,0.83,0.71,0,0.379
2025-09-23 22:00:00,24.55,69.79,Tuesday,0,0,2,14.67,0.0,0.66,0.46,0,0.249
2025-09-23 23:00:00,24.77,79.76,Tuesday,0,0,2,15.19,0.0,0.7,0.48,0,0.804
2025-09-24 00:00:00,25.17,75.21,Wednesday,0,0,2,15.92,0.0,0.92,0.07,0,0.508
2025-09-24 01:00:00,25.94,72.26,Wednesday,0,0,4,15.93,0.0,0.81,0.18,0,0.055
2025-09-24 02:00:00,22.83,73.61,Wednesday,0,0,3,15.27,0.0,0.92,0.18,0,0.393
2025-09-24 03:00:00,19.54,83.72,Wednesday,0,0,2,15.84,0.0,1.0,0.14,0,0.263
2025-09-24 04:00:00,22.89,87.43,Wednesday,0,0,2,14.29,0.0,0.55,0.0,0,0.538
2025-09-24 05:00:00,22.12,78.55,Wednesday,0,0,1,12.73,0.0,0.28,0.0,0,0.347
2025-09-24 06:00:00,16.78,88.35,Wednesday,0,0,0,0.0,0.0,0.0,0.0,0,0.231
2025-09-24 07:00:00,19.97,82.01,Wednesday,0,0,3,9.79,0.0,0.7,0.15,0,0.48
2025-09-24 08:00:00,17.02,78.74,Wednesday,0,0,4,6.88,0.0,0.86,0.17,0,0.749
2025-09-24 09:00:00,18.78,87.27,Wednesday,0,0,0,0.0,0.0,0.0,0.0,0,0.239
2025-09-24 10:00:00,18.66,78.24,Wednesday,0,0,0,0.0,0.0,0.0,0.0,0,0.208
2025-09-24 11:00:00,22.21,80.62,Wednesday,0,0,0,0.0,0.0,0.0,0.0,0,0.204
2025-09-24 12:00:00,21.59,79.36,Wednesday,0,0,0,0.0,0.0,0.0,0.0,0,0.36
2025-09-24 13:00:00,19.79,87.16,Wednesday,0,0,0,0.0,0.0,0.0,0.0,0,0.294
2025-09-24 14:00:00,24.46,73.19,Wednesday,0,0,0,0.0,0.0,0.0,0.0,0,0.293
2025-09-24 15:00:00,21.07,83.49,Wednesday,0,0,0,0.0,0.0,0.0,0.0,0,0.251
2025-09-24 16:00:00,24.97,73.83,Wednesday,0,1,4,7.86,0.0,0.79,0.17,0,0.772
2025-09-24 17:00:00,23.53,76.76,Wednesday,0,0,3,9.12,0.0,0.69,0.2,0,0.379
2025-09-24 18:00:00,24.82,59.99,Wednesday,0,0,4,11.37,0.0,0.57,0.46,0,0.852
2025-09-24 19:00:00,26.68,86.95,Wednesday,0,0,2,14.58,0.0,0.62,0.31,0,0.693
2025-09-24 20:00:00,26.82,79.12,Wednesday,0,0,3,11.95,0.0,1.0,0.67,0,0.414
2025-09-24 21:00:00,28.18,71.3,Wednesday,0,0,3,13.44,0.86,1.0,0.51,0,1.577
2025-09-24 22:00:00,25.33,72.08,Wednesday,0,0,2,11.57,0.0,0.98,0.74,0,0.68
2025-09-24 23:00:00,25.55,75.03,Wednesday,0,0,1,12.89,0.0,0.73,0.82,0,0.402
2025-09-25 00:00:00,23.59,82.85,Thursday,0,0,4,14.78,0.0,0.89,0.06,0,0.598
2025-09-25 01:00:00,23.98,69.46,Thursday,0,0,4,15.53,0.0,0.39,0.12,0,0.548
2025-09-25 02:00:00,23.67,78.49,Thursday,0,0,2,15.07,0.0,1.0,0.04,0,0.285
2025-09-25 03:00:00,21.92,89.62,Thursday,0,0,1,14.46,0.0,0.69,0.04,0,0.449
2025-09-25 04:00:00,18.13,78.51,Thursday,0,0,3,14.39,0.0,0.75,0.07,0,0.649
2025-09-25 05:00:00,21.35,81.68,Thursday,0,0,3,13.85,0.0,0.77,0.14,0,0.502
2025-09-25 06:00:00,20.94,92.67,Thursday,0,0,1,9.63,0.0,0.71,0.06,0,0.354
2025-09-25 07:00:00,18.76,86.78,Thursday,0,0,0,0.0,0.0,0.0,0.0,0,0.226
2025-09-25 08:00:00,17.57,85.32,Thursday,0,0,4,8.48,0.0,1.0,0.16,0,0.558
2025-09-25 09:00:00,22.64,82.66,Thursday,0,0,0,0.0,0.0,0.0,0.0,0,0.298
2025-09-25 10:00:00,21.16,79.45,Thursday,0,0,2,5.87,0.0,0.77,0.17,0,0.352
2025-09-25 11:00:00,20.34,88.69,Thursday,0,0,2,4.9,0.0,0.48,0.04,0,0.507
2025-09-25 12:00:00,19.33,81.1,Thursday,0,0,1,4.24,0.0,0.76,0.09,0,0.357
2025-09-25 13:00:00,20.62,72.14,Thursday,0,0,1,5.11,0.0,0.73,0.14,0,0.356
2025-09-25 14:00:00,25.22,75.84,Thursday,0,0,0,0.0,0.0,0.0,0.0,0,0.232
2025-09-25 15:00:00,23.9,74.15,Thursday,0,1,1,5.46,0.0,0.59,0.08,0,0.415
2025-09-25 16:00:00,23.39,78.05,Thursday,0,0,3,6.3,0.0,0.53,0.08,0,0.534
2025-09-25 17:00:00,25.92,75.88,Thursday,0,0,2,9.61,0.0,0.82,0.12,0,0.544
2025-09-25 18:00:00,24.01,84.88,Thursday,0,0,2,8.73,0.0,0.98,0.73,0,0.507
2025-09-25 19:00:00,28.48,78.35,Thursday,0,0,2,11.52,0.76,0.79,0.84,0,1.171
2025-09-25 20:00:00,28.31,76.33,Thursday,0,0,1,12.65,0.9,0.99,0.35,1,3.363
2025-09-25 21:00:00,24.94,78.04,Thursday,0,0,1,13.54,0.0,0.43,0.52,0,0.18
2025-09-25 22:00:00,24.34,73.3,Thursday,0,0,3,13.37,0.0,0.87,0.55,0,0.506
2025-09-25 23:00:00,20.29,71.34,Thursday,0,0,1,16.0,0.0,0.43,0.78,0,0.729
2025-09-26 00:00:00,21.71,81.53,Friday,0,0,0,0.0,0.0,0.0,0.0,0,0.27
2025-09-26 01:00:00,21.24,85.35,Friday,0,0,3,14.06,0.0,1.0,0.07,0,0.624
2025-09-26 02:00:00,23.12,79.15,Friday,0,0,2,14.83,0.0,0.85,0.15,0,0.39
2025-09-26 03:00:00,21.51,78.46,Friday,0,0,2,16.0,0.0,0.35,0.06,0,0.674
2025-09-26 04:00:00,18.96,85.76,Friday,0,0,3,12.63,0.0,0.41,0.15,0,0.529
2025-09-26 05:00:00,20.25,81.86,Friday,0,0,3,13.59,0.0,1.0,0.1,0,0.689
2025-09-26 06:00:00,21.19,89.86,Friday,0,0,3,8.28,0.0,0.46,0.04,0,0.287
2025-09-26 07:00:00,20.93,87.83,Friday,0,0,2,7.43,0.0,0.88,0.16,0,0.59
2025-09-26 08:00:00,16.46,90.48,Friday,0,0,4,4.29,0.0,1.0,0.14,0,0.632
2025-09-26 09:00:00,19.75,86.51,Friday,0,0,0,0.0,0.0,0.0,0.0,0,0.225
2025-09-26 10:00:00,17.79,78.04,Friday,0,0,2,3.12,0.0,0.45,0.15,0,0.414
2025-09-26 11:00:00,22.38,83.67,Friday,0,0,0,0.0,0.0,0.0,0.0,0,0.251
2025-09-26 12:00:00,22.79,81.87,Friday,0,0,0,0.0,0.0,0.0,0.0,0,0.328
2025-09-26 13:00:00,20.49,85.1,Friday,0,0,0,0.0,0.0,0.0,0.0,0,0.226
2025-09-26 14:00:00,21.5,83.61,Friday,0,0,0,0.0,0.0,0.0,0.0,0,0.224
2025-09-26 15:00:00,22.82,82.22,Friday,0,0,2,8.39,0.0,0.48,0.12,0,0.279
2025-09-26 16:00:00,20.32,95.0,Friday,0,0,0,0.0,0.0,0.0,0.0,0,0.248
2025-09-26 17:00:00,25.6,77.08,Friday,0,0,2,9.48,0.0,0.61,0.02,1,0.907
2025-09-26 18:00:00,24.99,82.7,Friday,0,0,2,9.83,0.0,0.68,0.39,0,0.466
2025-09-26 19:00:00,27.52,73.37,Friday,0,0,2,11.09,1.0,0.56,0.76,0,2.794
2025-09-26 20:00:00,23.9,82.94,Friday,0,0,2,12.79,0.0,0.82,0.72,0,0.68
2025-09-26 21:00:00,24.66,83.0,Friday,0,0,3,15.3,0.0,1.0,0.62,0,0.706
2025-09-26 22:00:00,22.76,81.83,Friday,0,0,0,0.0,0.0,0.0,0.0,0,0.221
2025-09-26 23:00:00,23.19,87.97,Friday,0,0,2,14.43,0.0,0.82,0.45,0,0.755
2025-09-27 00:00:00,22.25,76.05,Saturday,1,0,2,13.37,0.0,0.52,0.16,0,0.48
2025-09-27 01:00:00,25.45,75.16,Saturday,1,0,3,13.6,0.0,0.36,0.07,0,0.357
2025-09-27 02:00:00,21.62,82.1,Saturday,1,0,2,16.0,0.0,0.85,0.11,0,0.466
2025-09-27 03:00:00,22.33,84.81,Saturday,1,0,3,15.76,0.0,0.97,0.16,0,0.66
2025-09-27 04:00:00,20.69,82.77,Saturday,1,0,0,0.0,0.0,0.0,0.0,0,0.322
2025-09-27 05:00:00,18.47,90.3,Saturday,1,0,2,13.79,0.0,0.73,0.15,0,0.602
2025-09-27 06:00:00,19.98,79.21,Saturday,1,0,1,8.93,0.0,0.86,0.08,0,0.513
2025-09-27 07:00:00,21.06,75.84,Saturday,1,0,1,9.7,0.0,0.82,0.07,0,0.618
2025-09-27 08:00:00,17.7,86.11,Saturday,1,0,2,6.43,0.0,0.6,0.17,0,0.386
2025-09-27 09:00:00,21.44,80.82,Saturday,1,0,3,9.71,0.0,0.76,0.07,1,0.994
2025-09-27 10:00:00,18.75,86.34,Saturday,1,0,2,4.81,0.0,0.98,0.1,0,0.383
2025-09-27 11:00:00,19.89,82.46,Saturday,1,0,2,3.6,0.0,0.54,0.02,0,0.359
2025-09-27 12:00:00,22.33,78.7,Saturday,1,0,3,4.32,0.0,1.0,0.1,1,1.083
2025-09-27 13:00:00,20.91,81.31,Saturday,1,0,1,9.11,0.0,0.4,0.12,0,0.341
2025-09-27 14:00:00,22.95,79.99,Saturday,1,0,0,0.0,0.0,0.0,0.0,0,0.343
2025-09-27 15:00:00,23.09,78.2,Saturday,1,0,2,4.92,0.0,0.76,0.13,0,0.271
2025-09-27 16:00:00,24.61,77.33,Saturday,1,0,2,6.32,0.0,0.62,0.09,1,0.967
2025-09-27 17:00:00,20.71,79.84,Saturday,1,0,2,6.08,0.0,0.29,0.09,0,0.415
2025-09-27 18:00:00,22.18,84.82,Saturday,1,0,0,0.0,0.0,0.0,0.0,0,0.317
2025-09-27 19:00:00,26.88,77.27,Saturday,1,0,2,9.42,0.0,0.52,0.67,0,0.562
2025-09-27 20:00:00,27.75,86.81,Saturday,1,0,4,14.16,0.77,0.74,0.39,0,1.742
2025-09-27 21:00:00,24.14,79.58,Saturday,1,0,4,14.72,0.0,0.87,0.74,0,0.694
2025-09-27 22:00:00,25.04,75.21,Saturday,1,1,4,14.18,0.0,1.0,0.81,0,0.912
2025-09-27 23:00:00,25.53,90.88,Saturday,1,0,2,16.0,0.0,0.66,0.3,0,0.501
2025-09-28 00:00:00,25.63,79.5,Sunday,1,0,1,16.0,0.0,0.76,0.09,0,0.594
2025-09-28 01:00:00,20.0,87.45,Sunday,1,0,2,15.06,0.0,0.85,0.17,0,0.68
2025-09-28 02:00:00,21.28,84.31,Sunday,1,0,3,13.18,0.0,0.78,0.04,0,0.877
2025-09-28 03:00:00,21.5,84.26,Sunday,1,0,2,14.16,0.0,0.56,0.12,0,0.417
2025-09-28 04:00:00,22.64,82.8,Sunday,1,0,3,13.11,0.0,1.0,0.07,0,0.688
2025-09-28 05:00:00,25.25,72.26,Sunday,1,0,2,12.03,0.0,0.63,0.02,0,0.562
2025-09-28 06:00:00,19.87,84.45,Sunday,1,0,2,10.12,0.0,0.87,0.18,0,0.495
2025-09-28 07:00:00,17.45,78.17,Sunday,1,0,1,9.2,0.0,0.7,0.1,0,0.317
2025-09-28 08:00:00,20.6,81.09,Sunday,1,0,3,7.95,0.0,0.6,0.11,1,1.105
2025-09-28 09:00:00,22.36,76.75,Sunday,1,0,4,8.51,0.0,1.0,0.1,0,0.514
2025-09-28 10:00:00,20.47,83.86,Sunday,1,0,0,0.0,0.0,0.0,0.0,0,0.258
2025-09-28 11:00:00,19.12,84.96,Sunday,1,0,1,3.67,0.0,0.2,0.12,1,0.766
2025-09-28 12:00:00,23.1,82.11,Sunday,1,0,0,0.0,0.0,0.0,0.0,0,0.256
2025-09-28 13:00:00,23.3,80.97,Sunday,1,0,2,4.03,0.0,0.59,0.19,0,0.406
2025-09-28 14:00:00,21.03,78.54,Sunday,1,0,0,0.0,0.0,0.0,0.0,0,0.283
2025-09-28 15:00:00,24.34,77.29,Sunday,1,0,1,4.79,0.0,0.99,0.08,0,0.484
2025-09-28 16:00:00,26.17,81.55,Sunday,1,0,1,6.07,0.0,0.56,0.1,0,0.347
2025-09-28 17:00:00,27.13,81.43,Sunday,1,0,1,11.8,0.35,0.82,0.14,0,0.63
2025-09-28 18:00:00,25.36,71.95,Sunday,1,0,2,9.66,0.0,0.98,0.74,0,0.805
2025-09-28 19:00:00,25.13,70.23,Sunday,1,0,2,9.54,0.0,0.69,0.41,0,0.402
2025-09-28 20:00:00,28.09,71.59,Sunday,1,0,2,12.33,0.48,0.81,0.33,0,0.734
2025-09-28 21:00:00,23.6,84.49,Sunday,1,0,2,15.09,0.0,0.58,0.72,0,0.742
2025-09-28 22:00:00,26.27,82.94,Sunday,1,0,2,16.0,0.0,1.0,0.35,0,0.512
2025-09-28 23:00:00,22.53,75.6,Sunday,1,0,3,12.64,0.0,0.7,0.41,0,0.333
2025-09-29 00:00:00,26.3,78.37,Monday,0,0,4,13.85,0.0,0.88,0.2,0,0.575
2025-09-29 01:00:00,23.19,88.8,Monday,0,0,2,15.16,0.0,1.0,0.16,0,0.4
2025-09-29 02:00:00,25.16,79.93,Monday,0,0,1,14.28,0.0,0.29,0.08,0,0.462
2025-09-29 03:00:00,22.99,86.92,Monday,0,0,2,11.14,0.0,0.58,0.01,0,0.294
2025-09-29 04:00:00,19.18,88.23,Monday,0,0,1,10.34,0.0,0.71,0.19,0,0.427
2025-09-29 05:00:00,23.32,74.96,Monday,0,0,3,9.69,0.0,0.78,0.16,0,0.252
2025-09-29 06:00:00,23.07,78.78,Monday,0,0,0,0.0,0.0,0.0,0.0,0,0.174
2025-09-29 07:00:00,21.57,81.26,Monday,0,0,2,8.02,0.0,1.0,0.16,0,0.543
2025-09-29 08:00:00,18.51,84.36,Monday,0,0,1,9.29,0.0,0.56,0.13,0,0.37
2025-09-29 09:00:00,19.43,87.59,Monday,0,0,0,0.0,0.0,0.0,0.0,0,0.362
2025-09-29 10:00:00,20.54,84.06,Monday,0,0,1,7.29,0.0,1.0,0.18,0,0.315
2025-09-29 11:00:00,19.49,68.28,Monday,0,0,3,5.21,0.0,0.83,0.08,0,0.387
2025-09-29 12:00:00,24.42,71.95,Monday,0,0,0,0.0,0.0,0.0,0.0,0,0.143
2025-09-29 13:00:00,22.36,69.44,Monday,0,0,0,0.0,0.0,0.0,0.0,0,0.379
2025-09-29 14:00:00,18.01,85.17,Monday,0,0,0,0.0,0.0,0.0,0.0,0,0.31
2025-09-29 15:00:00,24.27,79.86,Monday,0,0,2,6.64,0.0,0.89,0.12,1,0.485
2025-09-29 16:00:00,23.75,80.54,Monday,0,0,0,0.0,0.0,0.0,0.0,0,0.312
2025-09-29 17:00:00,24.86,73.33,Monday,0,0,1,9.28,0.0,0.53,0.01,0,0.257
2025-09-29 18:00:00,24.81,81.54,Monday,0,0,3,9.12,0.0,0.92,0.63,0,0.989
2025-09-29 19:00:00,27.23,79.58,Monday,0,1,4,11.39,0.45,0.81,0.86,0,1.536
2025-09-29 20:00:00,27.89,69.12,Monday,0,0,1,12.86,0.67,0.48,0.46,0,1.033
2025-09-29 21:00:00,26.29,69.51,Monday,0,0,2,15.36,0.0,0.6,0.53,0,0.717
2025-09-29 22:00:00,24.87,78.12,Monday,0,0,1,12.64,0.0,0.26,0.67,0,0.513
2025-09-29 23:00:00,24.93,87.03,Monday,0,0,3,15.69,0.0,0.45,0.91,0,0.472
2025-09-30 00:00:00,24.41,87.03,Tuesday,0,0,1,16.0,0.0,0.28,0.13,0,0.438
2025-09-30 01:00:00,22.21,83.33,Tuesday,0,0,3,16.0,0.0,0.36,0.15,0,0.51
2025-09-30 02:00:00,23.92,75.32,Tuesday,0,0,2,15.9,0.0,1.0,0.1,0,0.392
2025-09-30 03:00:00,22.93,84.3,Tuesday,0,0,2,14.08,0.0,0.65,0.15,0,0.552
2025-09-30 04:00:00,24.15,76.5,Tuesday,0,0,1,12.91,0.0,0.31,0.16,0,0.359
2025-09-30 05:00:00,23.02,75.95,Tuesday,0,0,1,13.62,0.0,0.85,0.05,0,0.434
2025-09-30 06:00:00,19.05,72.64,Tuesday,0,1,2,9.57,0.0,0.82,0.17,0,0.402
2025-09-30 07:00:00,21.46,81.7,Tuesday,0,0,2,9.9,0.0,0.8,0.19,0,0.284
2025-09-30 08:00:00,18.17,81.0,Tuesday,0,0,2,10.79,0.0,0.53,0.15,0,0.484
2025-09-30 09:00:00,21.23,81.87,Tuesday,0,0,0,0.0,0.0,0.0,0.0,0,0.324
2025-09-30 10:00:00,19.35,71.59,Tuesday,0,0,0,0.0,0.0,0.0,0.0,0,0.36
2025-09-30 11:00:00,18.92,84.33,Tuesday,0,0,0,0.0,0.0,0.0,0.0,0,0.467
2025-09-30 12:00:00,21.88,68.65,Tuesday,0,0,4,5.44,0.0,0.97,0.18,0,0.505
2025-09-30 13:00:00,17.29,90.38,Tuesday,0,0,2,3.91,0.0,0.73,0.01,0,0.345
2025-09-30 14:00:00,19.73,85.36,Tuesday,0,0,4,5.15,0.0,0.38,0.12,0,0.185
2025-09-30 15:00:00,23.34,78.11,Tuesday,0,0,0,0.0,0.0,0.0,0.0,0,0.187
2025-09-30 16:00:00,24.53,81.24,Tuesday,0,0,0,0.0,0.0,0.0,0.0,0,0.17
2025-09-30 17:00:00,24.33,73.71,Tuesday,0,0,1,7.29,0.0,0.82,0.08,1,0.537
2025-09-30 18:00:00,22.63,80.49,Tuesday,0,0,2,9.12,0.0,0.92,0.6,0,0.23
2025-09-30 19:00:00,24.3,82.6,Tuesday,0,0,2,13.4,0.0,0.55,0.48,0,0.476
2025-09-30 20:00:00,26.58,61.1,Tuesday,0,0,2,11.78,0.0,1.0,0.45,1,1.054
2025-09-30 21:00:00,26.82,74.12,Tuesday,0,0,2,14.62,0.0,0.74,0.66,0,0.877
2025-09-30 22:00:00,25.45,77.48,Tuesday,0,0,0,0.0,0.0,0.0,0.0,0,0.115
2025-09-30 23:00:00,27.08,75.14,Tuesday,0,0,3,14.79,0.45,1.0,0.31,0,1.498
2025-10-01 00:00:00,22.95,87.13,Wednesday,0,0,1,16.0,0.0,1.0,0.13,0,0.193
2025-10-01 01:00:00,20.17,76.73,Wednesday,0,0,3,12.04,0.0,0.23,0.1,0,0.627
2025-10-01 02:00:00,20.23,79.19,Wednesday,0,0,4,15.0,0.0,0.4,0.04,0,0.559
2025-10-01 03:00:00,17.43,75.23,Wednesday,0,0,3,14.36,0.0,0.56,0.09,0,0.39
2025-10-01 04:00:00,19.04,90.92,Wednesday,0,0,1,13.77,0.0,1.0,0.09,0,0.674
2025-10-01 05:00:00,20.61,80.72,Wednesday,0,0,1,10.73,0.0,0.63,0.04,0,0.583
2025-10-01 06:00:00,19.37,80.88,Wednesday,0,0,2,10.0,0.0,1.0,0.12,0,0.618
2025-10-01 07:00:00,20.36,81.91,Wednesday,0,0,4,5.03,0.0,0.81,0.1,0,0.528
2025-10-01 08:00:00,17.19,88.21,Wednesday,0,0,3,6.5,0.0,0.39,0.07,0,0.46
2025-10-01 09:00:00,20.26,84.0,Wednesday,0,0,0,0.0,0.0,0.0,0.0,0,0.334
2025-10-01 10:00:00,17.79,95.0,Wednesday,0,0,0,0.0,0.0,0.0,0.0,0,0.186
2025-10-01 11:00:00,21.26,83.63,Wednesday,0,0,0,0.0,0.0,0.0,0.0,0,0.187
2025-10-01 12:00:00,19.2,80.9,Wednesday,0,0,0,0.0,0.0,0.0,0.0,0,0.181
2025-10-01 13:00:00,21.23,78.59,Wednesday,0,0,0,0.0,0.0,0.0,0.0,0,0.261
2025-10-01 14:00:00,23.39,77.49,Wednesday,0,0,0,0.0,0.0,0.0,0.0,0,0.321
2025-10-01 15:00:00,21.16,73.94,Wednesday,0,0,2,4.04,0.0,0.91,0.19,0,0.487
2025-10-01 16:00:00,22.63,80.33,Wednesday,0,0,0,0.0,0.0,0.0,0.0,0,0.231
2025-10-01 17:00:00,25.18,81.76,Wednesday,0,0,4,11.45,0.0,0.77,0.01,0,0.429
2025-10-01 18:00:00,23.09,76.65,Wednesday,0,0,0,0.0,0.0,0.0,0.0,0,0.266
2025-10-01 19:00:00,21.25,77.33,Wednesday,0,0,2,9.93,0.0,0.74,0.73,0,0.935
2025-10-01 20:00:00,27.59,83.25,Wednesday,0,0,2,12.6,0.71,0.35,0.32,0,1.712
2025-10-01 21:00:00,22.79,72.86,Wednesday,0,0,3,13.35,0.0,0.94,0.79,0,0.807
2025-10-01 22:00:00,23.62,68.9,Wednesday,0,0,2,16.0,0.0,0.46,0.77,0,0.86
2025-10-01 23:00:00,24.94,72.29,Wednesday,0,0,2,16.0,0.0,0.61,0.35,0,0.475
2025-10-02 00:00:00,21.14,73.77,Thursday,0,0,3,15.19,0.0,0.63,0.2,0,1.091
2025-10-02 01:00:00,19.7,84.7,Thursday,0,0,3,10.49,0.0,0.74,0.11,0,0.783
2025-10-02 02:00:00,21.19,79.62,Thursday,0,0,1,14.12,0.0,0.77,0.06,0,0.483
2025-10-02 03:00:00,16.73,84.34,Thursday,0,0,0,0.0,0.0,0.0,0.0,0,0.26
2025-10-02 04:00:00,18.72,89.42,Thursday,0,0,2,12.62,0.0,0.67,0.18,0,0.521
2025-10-02 05:00:00,19.05,79.89,Thursday,0,0,4,12.53,0.0,0.45,0.05,0,0.459
2025-10-02 06:00:00,17.65,88.49,Thursday,0,0,4,10.59,0.0,1.0,0.01,0,0.407
2025-10-02 07:00:00,15.06,94.5,Thursday,0,0,2,7.98,0.0,0.65,0.16,0,0.448
2025-10-02 08:00:00,20.6,79.68,Thursday,0,0,4,10.04,0.0,0.7,0.11,0,0.406
2025-10-02 09:00:00,18.02,87.96,Thursday,0,0,0,0.0,0.0,0.0,0.0,0,0.05
2025-10-02 10:00:00,20.71,80.65,Thursday,0,0,0,0.0,0.0,0.0,0.0,0,0.359
2025-10-02 11:00:00,18.15,88.79,Thursday,0,0,0,0.0,0.0,0.0,0.0,0,0.123
2025-10-02 12:00:00,17.65,76.76,Thursday,0,0,0,0.0,0.0,0.0,0.0,0,0.313
2025-10-02 13:00:00,20.44,73.87,Thursday,0,0,3,2.95,0.0,0.44,0.04,0,0.429
2025-10-02 14:00:00,20.35,80.23,Thursday,0,0,0,0.0,0.0,0.0,0.0,0,0.211
2025-10-02 15:00:00,19.39,78.6,Thursday,0,0,2,6.57,0.0,0.83,0.11,0,0.451
2025-10-02 16:00:00,24.88,75.52,Thursday,0,0,0,0.0,0.0,0.0,0.0,0,0.228
2025-10-02 17:00:00,21.74,79.84,Thursday,0,0,2,9.86,0.0,0.36,0.06,1,0.671
2025-10-02 18:00:00,20.02,86.08,Thursday,0,0,3,10.38,0.0,0.44,0.39,0,0.631
2025-10-02 19:00:00,26.02,75.04,Thursday,0,1,3,12.61,0.0,0.65,0.68,0,0.572
2025-10-02 20:00:00,22.83,75.84,Thursday,0,0,2,14.21,0.0,0.5,0.74,0,0.533
2025-10-02 21:00:00,22.54,78.46,Thursday,0,0,3,13.45,0.0,1.0,0.48,0,0.489
2025-10-02 22:00:00,20.15,78.51,Thursday,0,0,4,13.5,0.0,1.0,0.74,0,0.536
2025-10-02 23:00:00,25.99,72.44,Thursday,0,0,1,12.69,0.0,1.0,0.7,0,0.586
2025-10-03 00:00:00,19.91,74.51,Friday,0,0,3,14.03,0.0,0.84,0.11,0,0.636
2025-10-03 01:00:00,21.62,81.39,Friday,0,0,2,14.85,0.0,0.84,0.06,0,0.67
2025-10-03 02:00:00,22.38,77.52,Friday,0,0,1,12.88,0.0,1.0,0.07,0,0.495
2025-10-03 03:00:00,20.72,86.69,Friday,0,0,3,14.41,0.0,0.78,0.1,0,0.443
2025-10-03 04:00:00,19.13,76.05,Friday,0,0,3,11.14,0.0,0.54,0.18,0,0.746
2025-10-03 05:00:00,15.55,83.79,Friday,0,0,1,8.65,0.0,1.0,0.11,0,0.985
2025-10-03 06:00:00,16.68,94.55,Friday,0,0,2,9.13,0.0,0.89,0.02,0,0.582
2025-10-03 07:00:00,18.17,79.44,Friday,0,0,3,8.98,0.0,1.0,0.15,0,0.369
2025-10-03 08:00:00,16.32,84.63,Friday,0,0,1,5.61,0.0,1.0,0.1,0,0.571
2025-10-03 09:00:00,18.2,78.04,Friday,0,0,2,5.13,0.0,0.31,0.08,1,0.946
2025-10-03 10:00:00,19.36,76.33,Friday,0,0,0,0.0,0.0,0.0,0.0,0,0.138
2025-10-03 11:00:00,20.35,89.93,Friday,0,0,0,0.0,0.0,0.0,0.0,0,0.168
2025-10-03 12:00:00,17.03,86.03,Friday,0,0,0,0.0,0.0,0.0,0.0,0,0.137
2025-10-03 13:00:00,23.91,79.65,Friday,0,0,2,6.13,0.0,0.98,0.14,0,0.317
2025-10-03 14:00:00,22.12,72.11,Friday,0,0,0,0.0,0.0,0.0,0.0,0,0.349
2025-10-03 15:00:00,21.51,82.94,Friday,0,0,0,0.0,0.0,0.0,0.0,0,0.204
2025-10-03 16:00:00,24.2,84.51,Friday,0,0,0,0.0,0.0,0.0,0.0,0,0.22
2025-10-03 17:00:00,27.11,81.85,Friday,0,0,0,0.0,0.0,0.0,0.0,0,0.263
2025-10-03 18:00:00,20.74,85.17,Friday,0,0,0,0.0,0.0,0.0,0.0,0,0.266
2025-10-03 19:00:00,23.23,73.95,Friday,0,0,1,13.01,0.0,0.83,0.75,0,0.511
2025-10-03 20:00:00,19.45,84.56,Friday,0,0,4,10.61,0.0,0.83,0.83,0,0.628
2025-10-03 21:00:00,23.98,82.26,Friday,0,0,3,13.32,0.0,0.99,0.42,0,0.499
2025-10-03 22:00:00,23.99,69.94,Friday,0,0,2,15.01,0.0,0.42,0.45,0,0.602
2025-10-03 23:00:00,22.79,74.39,Friday,0,0,2,13.55,0.0,0.93,0.39,0,0.542
2025-10-04 00:00:00,21.06,85.99,Saturday,1,0,1,14.47,0.0,0.34,0.12,0,0.607
2025-10-04 01:00:00,17.82,88.84,Saturday,1,0,4,15.84,0.0,0.54,0.19,0,0.695
2025-10-04 02:00:00,21.41,73.49,Saturday,1,0,1,14.71,0.0,0.9,0.11,0,0.462
2025-10-04 03:00:00,22.58,84.16,Saturday,1,0,3,13.54,0.0,0.54,0.06,0,0.564
2025-10-04 04:00:00,18.17,84.62,Saturday,1,0,2,11.52,0.0,0.76,0.09,0,0.592
2025-10-04 05:00:00,19.41,86.94,Saturday,1,0,4,9.13,0.0,0.52,0.02,0,0.37
2025-10-04 06:00:00,15.31,83.55,Saturday,1,0,2,9.53,0.0,0.9,0.02,0,0.482
2025-10-04 07:00:00,18.66,86.93,Saturday,1,0,2,8.57,0.0,0.76,0.1,0,0.113
2025-10-04 08:00:00,17.03,89.4,Saturday,1,0,3,5.3,0.0,0.74,0.2,1,1.509
2025-10-04 09:00:00,16.46,83.93,Saturday,1,0,0,0.0,0.0,0.0,0.0,0,0.234
2025-10-04 10:00:00,16.77,85.5,Saturday,1,0,1,6.26,0.0,0.85,0.16,0,0.547
2025-10-04 11:00:00,17.9,81.14,Saturday,1,0,1,4.13,0.0,0.87,0.07,0,0.268
2025-10-04 12:00:00,19.92,90.83,Saturday,1,0,1,5.61,0.0,1.0,0.01,0,0.132
2025-10-04 13:00:00,17.6,84.06,Saturday,1,0,0,0.0,0.0,0.0,0.0,0,0.278
2025-10-04 14:00:00,20.02,77.87,Saturday,1,0,2,5.21,0.0,0.51,0.12,1,0.787
2025-10-04 15:00:00,21.44,77.63,Saturday,1,0,3,5.84,0.0,0.93,0.05,0,0.532
2025-10-04 16:00:00,20.26,82.9,Saturday,1,0,4,7.0,0.0,0.86,0.17,0,0.388
2025-10-04 17:00:00,26.09,80.79,Saturday,1,0,0,0.0,0.0,0.0,0.0,0,0.408
2025-10-04 18:00:00,21.8,74.2,Saturday,1,0,2,10.52,0.0,0.43,0.43,0,0.45
2025-10-04 19:00:00,22.43,89.55,Saturday,1,0,3,10.03,0.0,0.58,0.46,0,0.489
2025-10-04 20:00:00,21.97,82.27,Saturday,1,0,3,11.33,0.0,0.7,0.89,0,0.753
2025-10-04 21:00:00,26.87,78.65,Saturday,1,0,2,14.28,0.0,1.0,0.97,0,0.635
2025-10-04 22:00:00,24.33,78.12,Saturday,1,0,2,13.97,0.0,0.68,0.83,0,0.542
2025-10-04 23:00:00,21.17,81.54,Saturday,1,0,4,14.92,0.0,0.74,0.75,0,0.914
2025-10-05 00:00:00,24.23,77.96,Sunday,1,0,1,12.43,0.0,0.58,0.1,0,0.461
2025-10-05 01:00:00,21.87,85.9,Sunday,1,0,1,14.04,0.0,0.95,0.15,0,0.46
2025-10-05 02:00:00,21.2,81.38,Sunday,1,0,0,0.0,0.0,0.0,0.0,0,0.28
2025-10-05 03:00:00,19.34,86.93,Sunday,1,0,2,10.86,0.0,0.61,0.04,0,0.599
2025-10-05 04:00:00,17.89,82.23,Sunday,1,0,1,15.12,0.0,0.49,0.04,0,0.525
2025-10-05 05:00:00,19.22,84.18,Sunday,1,0,3,11.69,0.0,0.94,0.03,0,0.791
2025-10-05 06:00:00,17.16,81.04,Sunday,1,0,3,9.2,0.0,0.88,0.05,0,0.691
2025-10-05 07:00:00,21.11,87.59,Sunday,1,0,3,8.4,0.0,0.58,0.17,0,0.269
2025-10-05 08:00:00,15.45,82.43,Sunday,1,0,2,9.35,0.0,0.92,0.15,0,0.157
2025-10-05 09:00:00,20.6,80.33,Sunday,1,0,1,3.05,0.0,0.91,0.06,0,0.329
2025-10-05 10:00:00,17.94,82.78,Sunday,1,0,2,7.79,0.0,1.0,0.07,0,0.164
2025-10-05 11:00:00,19.15,81.49,Sunday,1,0,3,5.57,0.0,0.96,0.15,1,0.175
2025-10-05 12:00:00,20.73,85.45,Sunday,1,0,1,6.52,0.0,0.67,0.16,0,0.319
2025-10-05 13:00:00,18.82,81.98,Sunday,1,0,0,0.0,0.0,0.0,0.0,0,0.156
2025-10-05 14:00:00,22.29,87.41,Sunday,1,0,2,5.33,0.0,1.0,0.15,0,0.372
2025-10-05 15:00:00,16.64,81.43,Sunday,1,0,1,2.97,0.0,0.62,0.11,0,0.569
2025-10-05 16:00:00,20.94,82.5,Sunday,1,0,3,9.3,0.0,0.29,0.2,0,0.58
2025-10-05 17:00:00,21.19,77.55,Sunday,1,0,1,7.23,0.0,0.45,0.14,0,0.289
2025-10-05 18:00:00,21.08,83.64,Sunday,1,0,0,0.0,0.0,0.0,0.0,0,0.185
2025-10-05 19:00:00,23.25,79.5,Sunday,1,0,2,8.39,0.0,1.0,0.85,0,0.69
2025-10-05 20:00:00,24.43,77.74,Sunday,1,0,2,13.17,0.0,1.0,0.33,0,0.844
2025-10-05 21:00:00,24.9,84.04,Sunday,1,0,4,13.64,0.0,0.81,0.42,0,0.617
2025-10-05 22:00:00,23.77,75.84,Sunday,1,0,3,13.21,0.0,0.35,0.71,0,0.41
2025-10-05 23:00:00,21.66,83.94,Sunday,1,0,3,15.22,0.0,1.0,0.36,0,0.16
2025-10-06 00:00:00,22.9,76.05,Monday,0,0,3,13.83,0.0,0.87,0.07,0,0.598
2025-10-06 01:00:00,21.73,81.5,Monday,0,0,2,12.19,0.0,1.0,0.14,0,0.55
2025-10-06 02:00:00,22.42,74.34,Monday,0,0,2,13.78,0.0,0.9,0.05,0,0.842
2025-10-06 03:00:00,21.36,77.97,Monday,0,0,2,16.0,0.0,0.4,0.1,0,0.741
2025-10-06 04:00:00,19.29,82.73,Monday,0,0,3,13.96,0.0,0.92,0.03,0,0.908
2025-10-06 05:00:00,17.0,94.27,Monday,0,0,2,11.98,0.0,0.36,0.02,0,0.594
2025-10-06 06:00:00,16.96,85.74,Monday,0,0,1,10.37,0.0,0.56,0.07,0,0.602
2025-10-06 07:00:00,16.85,93.61,Monday,0,0,0,0.0,0.0,0.0,0.0,0,0.173
2025-10-06 08:00:00,17.17,86.15,Monday,0,0,2,8.6,0.0,1.0,0.11,0,0.544
2025-10-06 09:00:00,18.32,82.08,Monday,0,0,0,0.0,0.0,0.0,0.0,0,0.231
2025-10-06 10:00:00,19.42,90.72,Monday,0,0,0,0.0,0.0,0.0,0.0,0,0.298
2025-10-06 11:00:00,18.52,86.02,Monday,0,0,0,0.0,0.0,0.0,0.0,0,0.235
2025-10-06 12:00:00,19.26,79.95,Monday,0,0,0,0.0,0.0,0.0,0.0,0,0.228
2025-10-06 13:00:00,20.22,84.66,Monday,0,0,0,0.0,0.0,0.0,0.0,0,0.265
2025-10-06 14:00:00,19.81,81.21,Monday,0,0,0,0.0,0.0,0.0,0.0,0,0.34
2025-10-06 15:00:00,19.85,72.69,Monday,0,0,0,0.0,0.0,0.0,0.0,0,0.281
2025-10-06 16:00:00,19.07,88.01,Monday,0,0,0,0.0,0.0,0.0,0.0,0,0.162
2025-10-06 17:00:00,21.6,86.53,Monday,0,0,2,6.81,0.0,0.67,0.11,0,0.358
2025-10-06 18:00:00,24.18,87.92,Monday,0,0,0,0.0,0.0,0.0,0.0,0,0.174
2025-10-06 19:00:00,22.37,82.48,Monday,0,0,4,12.84,0.0,0.51,0.99,0,0.761
2025-10-06 20:00:00,23.31,78.28,Monday,0,0,1,12.41,0.0,0.84,0.67,0,0.778
2025-10-06 21:00:00,24.47,82.65,Monday,0,1,3,12.63,0.0,1.0,0.45,0,0.653
2025-10-06 22:00:00,24.27,82.91,Monday,0,0,2,15.88,0.0,0.67,0.48,0,0.641
2025-10-06 23:00:00,20.91,89.87,Monday,0,0,1,15.66,0.0,1.0,0.58,0,0.337
2025-10-07 00:00:00,24.03,78.65,Tuesday,0,0,2,16.0,0.0,1.0,0.01,0,0.867
2025-10-07 01:00:00,23.54,78.49,Tuesday,0,0,3,13.21,0.0,0.97,0.19,0,0.537
2025-10-07 02:00:00,18.7,80.09,Tuesday,0,0,3,13.94,0.0,0.83,0.04,0,0.845
2025-10-07 03:00:00,18.48,86.56,Tuesday,0,0,1,13.21,0.0,0.58,0.12,0,0.429
2025-10-07 04:00:00,21.38,73.52,Tuesday,0,0,2,12.81,0.0,1.0,0.11,0,0.579
2025-10-07 05:00:00,18.35,87.87,Tuesday,0,0,3,12.23,0.0,0.46,0.06,0,0.737
2025-10-07 06:00:00,14.14,90.71,Tuesday,0,0,0,0.0,0.0,0.0,0.0,0,0.218
2025-10-07 07:00:00,15.32,89.64,Tuesday,0,0,3,10.71,0.0,0.43,0.07,0,0.448
2025-10-07 08:00:00,17.29,85.63,Tuesday,0,0,2,6.94,0.0,0.49,0.09,0,0.437
2025-10-07 09:00:00,15.74,94.0,Tuesday,0,0,3,4.89,0.0,0.73,0.08,0,0.564
2025-10-07 10:00:00,17.39,89.21,Tuesday,0,0,0,0.0,0.0,0.0,0.0,0,0.256
2025-10-07 11:00:00,18.67,80.66,Tuesday,0,0,2,3.99,0.0,1.0,0.19,0,0.346
2025-10-07 12:00:00,21.87,77.87,Tuesday,0,0,0,0.0,0.0,0.0,0.0,0,0.331
2025-10-07 13:00:00,19.44,78.61,Tuesday,0,0,1,4.77,0.0,0.65,0.05,0,0.37
2025-10-07 14:00:00,22.67,82.86,Tuesday,0,0,0,0.0,0.0,0.0,0.0,0,0.266
2025-10-07 15:00:00,24.08,73.82,Tuesday,0,0,1,6.81,0.0,0.93,0.06,0,0.472
2025-10-07 16:00:00,24.82,83.58,Tuesday,0,1,2,6.81,0.0,0.92,0.1,0,0.439
2025-10-07 17:00:00,23.37,86.08,Tuesday,0,0,3,10.28,0.0,0.79,0.11,0,0.396
2025-10-07 18:00:00,19.8,78.29,Tuesday,0,0,4,7.09,0.0,0.83,0.96,0,1.253
2025-10-07 19:00:00,24.46,77.56,Tuesday,0,0,1,7.95,0.0,1.0,0.53,0,0.878
2025-10-07 20:00:00,25.62,77.52,Tuesday,0,0,2,14.0,0.0,1.0,0.71,0,0.784
2025-10-07 21:00:00,23.49,83.78,Tuesday,0,0,0,0.0,0.0,0.0,0.0,0,0.217
2025-10-07 22:00:00,26.47,84.72,Tuesday,0,0,1,16.0,0.0,0.97,0.81,0,0.717
2025-10-07 23:00:00,24.4,70.11,Tuesday,0,0,1,15.78,0.0,1.0,0.96,0,0.45
2025-10-08 00:00:00,23.26,77.98,Wednesday,0,0,2,15.0,0.0,0.55,0.12,0,0.61
2025-10-08 01:00:00,23.47,78.05,Wednesday,0,0,2,14.44,0.0,0.99,0.05,0,0.472
2025-10-08 02:00:00,21.33,74.3,Wednesday,0,0,3,11.93,0.0,1.0,0.19,0,0.568
2025-10-08 03:00:00,15.47,84.15,Wednesday,0,0,4,13.76,0.0,0.87,0.02,0,0.36
2025-10-08 04:00:00,18.34,86.14,Wednesday,0,0,3,10.34,0.0,0.69,0.19,0,0.428
2025-10-08 05:00:00,20.77,80.42,Wednesday,0,0,1,14.99,0.0,0.72,0.11,0,0.564
2025-10-08 06:00:00,16.68,77.76,Wednesday,0,0,3,8.45,0.0,0.78,0.19,0,0.47
2025-10-08 07:00:00,17.43,95.0,Wednesday,0,0,2,8.59,0.0,0.36,0.1,0,0.29
2025-10-08 08:00:00,15.85,87.56,Wednesday,0,0,2,9.76,0.0,0.34,0.01,0,0.454
2025-10-08 09:00:00,21.05,82.12,Wednesday,0,0,0,0.0,0.0,0.0,0.0,0,0.196
2025-10-08 10:00:00,21.16,75.96,Wednesday,0,0,0,0.0,0.0,0.0,0.0,0,0.25
2025-10-08 11:00:00,17.02,86.48,Wednesday,0,0,0,0.0,0.0,0.0,0.0,0,0.286
2025-10-08 12:00:00,19.5,82.13,Wednesday,0,0,1,3.04,0.0,0.68,0.15,0,0.424
2025-10-08 13:00:00,18.73,74.2,Wednesday,0,0,0,0.0,0.0,0.0,0.0,0,0.149
2025-10-08 14:00:00,21.84,75.49,Wednesday,0,0,3,8.18,0.0,0.99,0.09,0,0.489
2025-10-08 15:00:00,22.43,84.29,Wednesday,0,0,0,0.0,0.0,0.0,0.0,0,0.189
2025-10-08 16:00:00,23.7,88.89,Wednesday,0,0,0,0.0,0.0,0.0,0.0,0,0.398
2025-10-08 17:00:00,23.45,81.23,Wednesday,0,0,1,12.77,0.0,0.62,0.14,0,0.479
2025-10-08 18:00:00,28.62,80.26,Wednesday,0,0,1,10.85,1.0,0.71,0.6,0,1.651
2025-10-08 19:00:00,21.78,80.12,Wednesday,0,0,3,12.76,0.0,0.4,0.88,0,0.717
2025-10-08 20:00:00,20.66,81.48,Wednesday,0,0,1,11.35,0.0,0.52,0.75,0,0.487
2025-10-08 21:00:00,22.92,85.32,Wednesday,0,0,4,15.86,0.0,0.92,0.78,0,0.565
2025-10-08 22:00:00,20.51,90.35,Wednesday,0,0,3,13.29,0.0,0.87,0.96,0,0.358
2025-10-08 23:00:00,20.17,88.85,Wednesday,0,0,2,13.53,0.0,0.05,0.59,0,0.208
2025-10-09 00:00:00,20.43,76.78,Thursday,0,0,2,16.0,0.0,0.69,0.12,0,0.507
2025-10-09 01:00:00,19.85,82.3,Thursday,0,0,2,13.87,0.0,0.71,0.18,0,0.709
2025-10-09 02:00:00,19.02,84.77,Thursday,0,0,0,0.0,0.0,0.0,0.0,0,0.227
2025-10-09 03:00:00,20.89,80.4,Thursday,0,0,1,15.97,0.0,0.71,0.15,0,0.381
2025-10-09 04:00:00,18.32,85.95,Thursday,0,0,2,11.13,0.0,0.85,0.09,0,0.44
2025-10-09 05:00:00,18.29,88.14,Thursday,0,0,4,10.94,0.0,0.93,0.12,0,0.705
2025-10-09 06:00:00,19.75,87.74,Thursday,0,0,4,9.08,0.0,0.78,0.1,0,0.423
2025-10-09 07:00:00,16.46,94.12,Thursday,0,0,0,0.0,0.0,0.0,0.0,0,0.306
2025-10-09 08:00:00,17.26,83.32,Thursday,0,0,2,7.56,0.0,0.75,0.13,0,0.515
2025-10-09 09:00:00,18.5,77.03,Thursday,0,0,0,0.0,0.0,0.0,0.0,0,0.119
2025-10-09 10:00:00,14.64,89.11,Thursday,0,0,0,0.0,0.0,0.0,0.0,0,0.366
2025-10-09 11:00:00,14.32,95.0,Thursday,0,0,0,0.0,0.0,0.0,0.0,0,0.279
2025-10-09 12:00:00,19.86,80.24,Thursday,0,0,3,3.91,0.0,0.78,0.09,0,0.583
2025-10-09 13:00:00,20.84,85.17,Thursday,0,0,0,0.0,0.0,0.0,0.0,0,0.353
2025-10-09 14:00:00,24.45,81.97,Thursday,0,0,0,0.0,0.0,0.0,0.0,0,0.338
2025-10-09 15:00:00,21.8,81.84,Thursday,0,0,2,6.52,0.0,0.54,0.13,0,0.424
2025-10-09 16:00:00,23.71,79.2,Thursday,0,0,2,5.95,0.0,0.65,0.13,0,0.272
2025-10-09 17:00:00,22.5,75.63,Thursday,0,0,1,6.28,0.0,0.83,0.09,0,0.362
2025-10-09 18:00:00,23.87,67.61,Thursday,0,0,1,9.97,0.0,0.52,0.83,0,0.637
2025-10-09 19:00:00,26.63,70.97,Thursday,0,0,2,9.69,0.0,0.59,0.84,0,0.553
2025-10-09 20:00:00,19.91,80.63,Thursday,0,0,4,11.7,0.0,0.31,0.83,0,0.656
2025-10-09 21:00:00,24.38,84.05,Thursday,0,0,3,15.76,0.0,0.82,0.73,0,0.392
2025-10-09 22:00:00,27.18,75.53,Thursday,0,0,4,14.22,0.52,0.43,0.32,0,0.885
2025-10-09 23:00:00,23.36,76.88,Thursday,0,0,1,16.0,0.0,0.76,0.57,0,0.371
2025-10-10 00:00:00,25.21,73.36,Friday,0,0,1,15.44,0.0,0.93,0.13,0,0.435
2025-10-10 01:00:00,20.38,85.44,Friday,0,0,1,15.71,0.0,1.0,0.2,0,0.389
2025-10-10 02:00:00,20.68,88.68,Friday,0,0,4,13.51,0.0,0.67,0.12,0,0.456
2025-10-10 03:00:00,20.02,87.8,Friday,0,0,0,0.0,0.0,0.0,0.0,0,0.38
2025-10-10 04:00:00,15.24,89.81,Friday,0,0,2,12.97,0.0,0.75,0.12,0,0.42
2025-10-10 05:00:00,16.51,78.26,Friday,0,0,1,10.9,0.0,0.28,0.01,0,0.269
2025-10-10 06:00:00,16.16,84.2,Friday,0,0,0,0.0,0.0,0.0,0.0,0,0.205
2025-10-10 07:00:00,19.32,92.85,Friday,0,0,1,7.63,0.0,0.96,0.03,0,0.458
2025-10-10 08:00:00,19.3,88.74,Friday,0,0,3,7.06,0.0,1.0,0.11,0,0.538
2025-10-10 09:00:00,18.42,76.23,Friday,0,0,1,6.38,0.0,0.22,0.08,0,0.432
2025-10-10 10:00:00,19.62,82.56,Friday,0,0,1,4.88,0.0,0.83,0.17,0,0.287
2025-10-10 11:00:00,18.32,85.83,Friday,0,0,0,0.0,0.0,0.0,0.0,0,0.21
2025-10-10 12:00:00,21.4,77.43,Friday,0,0,0,0.0,0.0,0.0,0.0,0,0.278
2025-10-10 13:00:00,19.97,70.98,Friday,0,0,0,0.0,0.0,0.0,0.0,0,0.326
2025-10-10 14:00:00,20.84,82.24,Friday,0,0,0,0.0,0.0,0.0,0.0,0,0.228
2025-10-10 15:00:00,21.03,77.63,Friday,0,0,0,0.0,0.0,0.0,0.0,0,0.259
2025-10-10 16:00:00,23.47,75.46,Friday,0,0,0,0.0,0.0,0.0,0.0,0,0.23
2025-10-10 17:00:00,22.1,78.84,Friday,0,0,2,9.34,0.0,0.92,0.07,0,0.371
2025-10-10 18:00:00,25.09,77.25,Friday,0,0,0,0.0,0.0,0.0,0.0,0,0.245
2025-10-10 19:00:00,21.59,81.02,Friday,0,0,3,7.49,0.0,0.93,0.71,0,0.354
2025-10-10 20:00:00,21.76,76.5,Friday,0,0,4,12.51,0.0,0.25,0.86,0,0.378
2025-10-10 21:00:00,24.87,77.02,Friday,0,0,3,10.55,0.0,0.86,0.78,0,0.745
2025-10-10 22:00:00,23.17,70.86,Friday,0,0,0,0.0,0.0,0.0,0.0,0,0.31
2025-10-10 23:00:00,22.04,82.22,Friday,0,0,1,16.0,0.0,0.1,0.71,0,0.672
2025-10-11 00:00:00,23.84,64.77,Saturday,1,0,4,15.06,0.0,0.62,0.03,0,0.598
2025-10-11 01:00:00,20.42,80.68,Saturday,1,0,2,15.14,0.0,0.84,0.04,0,0.603
2025-10-11 02:00:00,20.37,86.76,Saturday,1,0,0,0.0,0.0,0.0,0.0,0,0.217
2025-10-11 03:00:00,22.48,74.97,Saturday,1,0,4,12.71,0.0,0.41,0.07,0,0.498
2025-10-11 04:00:00,22.0,84.28,Saturday,1,0,2,11.58,0.0,1.0,0.05,0,0.627
2025-10-11 05:00:00,21.44,86.98,Saturday,1,0,0,0.0,0.0,0.0,0.0,0,0.202
2025-10-11 06:00:00,17.63,68.09,Saturday,1,0,3,11.31,0.0,0.5,0.14,0,0.25
2025-10-11 07:00:00,20.05,81.7,Saturday,1,0,1,10.63,0.0,1.0,0.14,0,0.342
2025-10-11 08:00:00,16.03,71.7,Saturday,1,0,2,8.42,0.0,1.0,0.13,1,1.258
2025-10-11 09:00:00,16.2,85.33,Saturday,1,0,2,5.98,0.0,0.67,0.05,0,0.555
2025-10-11 10:00:00,13.91,87.95,Saturday,1,0,1,4.55,0.0,0.65,0.13,0,0.303
2025-10-11 11:00:00,21.62,68.63,Saturday,1,0,2,5.31,0.0,0.51,0.08,0,0.287
2025-10-11 12:00:00,17.68,94.21,Saturday,1,0,2,5.44,0.0,1.0,0.0,0,0.38
2025-10-11 13:00:00,19.73,84.17,Saturday,1,0,3,4.84,0.0,0.57,0.19,0,0.4
2025-10-11 14:00:00,19.1,79.07,Saturday,1,0,0,0.0,0.0,0.0,0.0,0,0.196
2025-10-11 15:00:00,22.76,87.34,Saturday,1,0,1,7.39,0.0,0.59,0.05,0,0.412
2025-10-11 16:00:00,21.56,72.12,Saturday,1,0,3,8.57,0.0,0.6,0.06,0,0.332
2025-10-11 17:00:00,20.51,75.9,Saturday,1,0,2,6.74,0.0,0.61,0.18,0,0.538
2025-10-11 18:00:00,24.13,67.29,Saturday,1,0,0,0.0,0.0,0.0,0.0,0,0.334
2025-10-11 19:00:00,21.05,90.56,Saturday,1,0,0,0.0,0.0,0.0,0.0,0,0.169
2025-10-11 20:00:00,22.23,82.16,Saturday,1,0,2,13.98,0.0,0.79,0.76,0,0.527
2025-10-11 21:00:00,19.84,85.94,Saturday,1,0,2,13.63,0.0,1.0,0.87,0,0.882
2025-10-11 22:00:00,20.77,83.31,Saturday,1,0,2,14.88,0.0,0.5,0.49,0,0.583
2025-10-11 23:00:00,23.18,82.51,Saturday,1,0,3,15.21,0.0,0.42,0.46,0,0.679
2025-10-12 00:00:00,18.7,84.06,Sunday,1,0,3,16.0,0.0,0.83,0.14,0,0.517
2025-10-12 01:00:00,18.84,84.89,Sunday,1,0,3,13.17,0.0,0.88,0.18,0,0.81
2025-10-12 02:00:00,20.73,82.38,Sunday,1,0,2,14.73,0.0,1.0,0.16,0,0.388
2025-10-12 03:00:00,18.98,80.38,Sunday,1,0,3,12.2,0.0,1.0,0.05,0,0.588
2025-10-12 04:00:00,22.82,79.73,Sunday,1,0,2,14.13,0.0,0.35,0.13,0,0.698
2025-10-12 05:00:00,21.91,82.15,Sunday,1,0,2,9.71,0.0,0.25,0.13,0,0.339
2025-10-12 06:00:00,16.57,86.14,Sunday,1,0,2,10.61,0.0,0.89,0.16,0,0.504
2025-10-12 07:00:00,18.84,76.16,Sunday,1,0,2,7.38,0.0,0.88,0.18,0,0.453
2025-10-12 08:00:00,19.08,76.6,Sunday,1,0,1,8.63,0.0,1.0,0.01,0,0.349
2025-10-12 09:00:00,16.76,90.83,Sunday,1,0,1,7.12,0.0,0.85,0.02,0,0.374
2025-10-12 10:00:00,15.44,85.07,Sunday,1,0,1,6.03,0.0,0.61,0.02,0,0.723
2025-10-12 11:00:00,18.59,86.69,Sunday,1,0,0,0.0,0.0,0.0,0.0,0,0.167
2025-10-12 12:00:00,18.92,78.01,Sunday,1,0,3,3.95,0.0,0.49,0.19,0,0.376
2025-10-12 13:00:00,19.17,75.88,Sunday,1,0,3,6.56,0.0,1.0,0.12,0,0.1
2025-10-12 14:00:00,21.53,76.9,Sunday,1,0,0,0.0,0.0,0.0,0.0,0,0.169
2025-10-12 15:00:00,20.16,81.24,Sunday,1,0,1,7.85,0.0,0.57,0.17,0,0.399
2025-10-12 16:00:00,20.16,79.03,Sunday,1,0,2,6.48,0.0,0.53,0.2,0,0.413
2025-10-12 17:00:00,23.05,86.22,Sunday,1,0,4,8.35,0.0,0.8,0.19,0,0.49
2025-10-12 18:00:00,24.03,79.77,Sunday,1,0,3,9.09,0.0,0.73,0.69,0,0.781
2025-10-12 19:00:00,21.51,90.38,Sunday,1,0,1,10.85,0.0,0.72,0.53,0,0.808
2025-10-12 20:00:00,25.41,79.66,Sunday,1,0,2,11.24,0.0,0.42,0.88,0,0.655
2025-10-12 21:00:00,20.45,70.04,Sunday,1,0,1,12.99,0.0,0.71,0.97,0,1.11
2025-10-12 22:00:00,22.29,85.72,Sunday,1,0,2,16.0,0.0,0.96,0.71,0,0.759
2025-10-12 23:00:00,22.39,72.8,Sunday,1,0,2,14.35,0.0,0.56,0.8,0,0.841
2025-10-13 00:00:00,21.09,82.67,Monday,0,0,3,15.16,0.0,0.81,0.12,0,0.389
2025-10-13 01:00:00,20.49,78.18,Monday,0,0,0,0.0,0.0,0.0,0.0,0,0.242
2025-10-13 02:00:00,24.1,89.52,Monday,0,0,0,0.0,0.0,0.0,0.0,0,0.217
2025-10-13 03:00:00,18.43,91.11,Monday,0,0,2,14.78,0.0,0.45,0.16,0,0.743
2025-10-13 04:00:00,23.63,75.53,Monday,0,0,3,13.23,0.0,0.83,0.18,0,0.481
2025-10-13 05:00:00,19.4,82.4,Monday,0,0,2,13.42,0.0,1.0,0.17,0,0.622
2025-10-13 06:00:00,18.3,85.25,Monday,0,0,2,8.19,0.0,0.87,0.11,0,0.264
2025-10-13 07:00:00,18.69,87.99,Monday,0,0,2,7.57,0.0,1.0,0.07,0,0.576
2025-10-13 08:00:00,22.29,80.59,Monday,0,0,2,6.88,0.0,1.0,0.17,0,0.283
2025-10-13 09:00:00,16.05,80.93,Monday,0,0,0,0.0,0.0,0.0,0.0,0,0.364
2025-10-13 10:00:00,16.12,82.4,Monday,0,0,0,0.0,0.0,0.0,0.0,0,0.316
2025-10-13 11:00:00,17.25,84.95,Monday,0,0,0,0.0,0.0,0.0,0.0,0,0.284
2025-10-13 12:00:00,19.29,89.31,Monday,0,0,0,0.0,0.0,0.0,0.0,0,0.293
2025-10-13 13:00:00,16.85,87.47,Monday,0,0,0,0.0,0.0,0.0,0.0,0,0.304
2025-10-13 14:00:00,20.77,77.94,Monday,0,0,0,0.0,0.0,0.0,0.0,0,0.263
2025-10-13 15:00:00,24.56,81.64,Monday,0,0,3,8.84,0.0,0.73,0.0,0,0.487
2025-10-13 16:00:00,22.51,78.31,Monday,0,0,0,0.0,0.0,0.0,0.0,0,0.131
2025-10-13 17:00:00,22.33,84.86,Monday,0,1,1,11.08,0.0,0.49,0.12,0,0.634
2025-10-13 18:00:00,22.22,93.14,Monday,0,0,3,9.89,0.0,0.79,0.61,0,0.39
2025-10-13 19:00:00,25.25,75.98,Monday,0,0,3,10.67,0.0,0.69,0.44,0,0.787
2025-10-13 20:00:00,22.25,84.48,Monday,0,0,0,0.0,0.0,0.0,0.0,0,0.274
2025-10-13 21:00:00,26.96,72.51,Monday,0,0,0,0.0,0.0,0.0,0.0,0,0.375
2025-10-13 22:00:00,26.81,75.81,Monday,0,0,3,14.3,0.0,0.88,0.35,0,0.747
2025-10-13 23:00:00,23.32,79.66,Monday,0,0,2,14.47,0.0,0.82,0.34,0,0.667
2025-10-14 00:00:00,22.21,79.54,Tuesday,0,0,0,0.0,0.0,0.0,0.0,0,0.384
2025-10-14 01:00:00,23.37,91.79,Tuesday,0,0,3,13.86,0.0,0.85,0.16,0,0.563
2025-10-14 02:00:00,22.71,78.53,Tuesday,0,0,1,16.0,0.0,0.79,0.03,0,0.512
2025-10-14 03:00:00,18.51,86.78,Tuesday,0,0,2,13.27,0.0,0.84,0.07,0,0.671
2025-10-14 04:00:00,18.29,74.39,Tuesday,0,0,3,11.03,0.0,0.88,0.1,0,0.699
2025-10-14 05:00:00,16.23,88.05,Tuesday,0,0,2,11.97,0.0,0.6,0.0,0,0.535
2025-10-14 06:00:00,18.87,89.22,Tuesday,0,0,3,11.15,0.0,0.43,0.19,0,0.475
2025-10-14 07:00:00,19.04,80.73,Tuesday,0,1,3,8.7,0.0,0.83,0.18,0,0.296
2025-10-14 08:00:00,15.3,74.17,Tuesday,0,0,1,5.65,0.0,0.79,0.13,0,0.32
2025-10-14 09:00:00,17.02,84.99,Tuesday,0,0,0,0.0,0.0,0.0,0.0,0,0.129
2025-10-14 10:00:00,15.71,86.45,Tuesday,0,0,4,4.32,0.0,1.0,0.03,0,0.522
2025-10-14 11:00:00,17.0,88.82,Tuesday,0,0,0,0.0,0.0,0.0,0.0,0,0.332
2025-10-14 12:00:00,20.23,92.35,Tuesday,0,0,0,0.0,0.0,0.0,0.0,0,0.299
2025-10-14 13:00:00,18.64,81.83,Tuesday,0,0,0,0.0,0.0,0.0,0.0,0,0.135
2025-10-14 14:00:00,20.19,78.04,Tuesday,0,0,0,0.0,0.0,0.0,0.0,0,0.324
2025-10-14 15:00:00,18.58,77.94,Tuesday,0,0,0,0.0,0.0,0.0,0.0,0,0.129
2025-10-14 16:00:00,22.57,81.18,Tuesday,0,0,0,0.0,0.0,0.0,0.0,0,0.215
2025-10-14 17:00:00,22.78,82.4,Tuesday,0,0,1,10.11,0.0,0.97,0.12,0,0.362
2025-10-14 18:00:00,22.02,77.95,Tuesday,0,0,3,9.85,0.0,0.64,0.84,0,0.865
2025-10-14 19:00:00,23.29,83.43,Tuesday,0,0,3,12.02,0.0,0.77,0.48,0,0.553
2025-10-14 20:00:00,24.06,81.17,Tuesday,0,0,0,0.0,0.0,0.0,0.0,0,0.403
2025-10-14 21:00:00,22.17,80.77,Tuesday,0,0,3,12.36,0.0,0.13,0.52,0,0.678
2025-10-14 22:00:00,20.68,77.38,Tuesday,0,0,0,0.0,0.0,0.0,0.0,0,0.206
2025-10-14 23:00:00,26.11,74.6,Tuesday,0,0,1,12.58,0.0,0.75,0.32,0,0.587
2025-10-15 00:00:00,21.09,69.37,Wednesday,0,0,3,14.1,0.0,0.53,0.12,0,0.796
2025-10-15 01:00:00,21.34,82.48,Wednesday,0,0,1,14.69,0.0,0.72,0.08,0,0.327
2025-10-15 02:00:00,22.55,80.33,Wednesday,0,0,1,15.62,0.0,1.0,0.06,0,0.481
2025-10-15 03:00:00,26.31,77.76,Wednesday,0,0,1,12.22,0.0,0.99,0.12,0,0.5
2025-10-15 04:00:00,16.99,87.73,Wednesday,0,0,4,12.69,0.0,0.28,0.11,0,0.524
2025-10-15 05:00:00,19.42,84.95,Wednesday,0,0,0,0.0,0.0,0.0,0.0,0,0.261
2025-10-15 06:00:00,16.86,84.77,Wednesday,0,0,2,10.66,0.0,0.89,0.19,0,0.75
2025-10-15 07:00:00,16.87,85.56,Wednesday,0,0,3,11.44,0.0,0.73,0.1,0,0.445
2025-10-15 08:00:00,16.44,78.68,Wednesday,0,0,1,4.56,0.0,0.16,0.05,0,0.302
2025-10-15 09:00:00,15.81,83.35,Wednesday,0,0,4,5.37,0.0,0.95,0.03,0,0.456
2025-10-15 10:00:00,18.06,84.5,Wednesday,0,0,3,6.93,0.0,0.64,0.18,0,0.251
2025-10-15 11:00:00,15.96,82.46,Wednesday,0,0,0,0.0,0.0,0.0,0.0,0,0.351
2025-10-15 12:00:00,20.94,85.96,Wednesday,0,0,3,5.88,0.0,0.51,0.12,0,0.339
2025-10-15 13:00:00,20.06,79.16,Wednesday,0,0,0,0.0,0.0,0.0,0.0,0,0.434
2025-10-15 14:00:00,21.49,82.24,Wednesday,0,0,0,0.0,0.0,0.0,0.0,0,0.247
2025-10-15 15:00:00,20.67,82.48,Wednesday,0,0,0,0.0,0.0,0.0,0.0,0,0.263
2025-10-15 16:00:00,21.57,84.82,Wednesday,0,0,0,0.0,0.0,0.0,0.0,0,0.092
2025-10-15 17:00:00,23.37,83.97,Wednesday,0,0,1,10.28,0.0,1.0,0.0,0,0.393
2025-10-15 18:00:00,21.24,84.86,Wednesday,0,0,0,0.0,0.0,0.0,0.0,0,0.224
2025-10-15 19:00:00,22.99,69.28,Wednesday,0,0,1,10.8,0.0,0.64,0.62,1,0.937
2025-10-15 20:00:00,22.19,86.5,Wednesday,0,0,2,11.29,0.0,0.4,0.67,0,0.539
2025-10-15 21:00:00,22.03,88.31,Wednesday,0,0,1,15.78,0.0,0.87,0.3,0,0.609
2025-10-15 22:00:00,19.53,80.51,Wednesday,0,0,2,16.0,0.0,0.7,0.62,0,0.708
2025-10-15 23:00:00,25.27,78.94,Wednesday,0,0,3,13.35,0.0,0.72,0.4,0,0.761
2025-10-16 00:00:00,21.0,77.15,Thursday,0,0,3,14.44,0.0,0.66,0.09,0,0.529
2025-10-16 01:00:00,23.61,69.51,Thursday,0,0,1,16.0,0.0,0.5,0.14,0,0.38
2025-10-16 02:00:00,22.66,76.41,Thursday,0,0,1,13.95,0.0,0.91,0.06,0,0.356
2025-10-16 03:00:00,17.64,81.92,Thursday,0,0,1,13.58,0.0,0.73,0.11,0,0.334
2025-10-16 04:00:00,17.28,83.18,Thursday,0,0,3,10.3,0.0,0.95,0.07,0,0.583
2025-10-16 05:00:00,23.22,74.81,Thursday,0,0,0,0.0,0.0,0.0,0.0,0,0.341
2025-10-16 06:00:00,21.29,77.67,Thursday,0,0,4,9.86,0.0,0.81,0.05,0,0.565
2025-10-16 07:00:00,17.78,84.44,Thursday,0,0,0,0.0,0.0,0.0,0.0,0,0.182
2025-10-16 08:00:00,18.2,80.27,Thursday,0,0,3,5.78,0.0,0.57,0.13,0,0.563
2025-10-16 09:00:00,16.7,88.19,Thursday,0,0,0,0.0,0.0,0.0,0.0,0,0.162
2025-10-16 10:00:00,18.91,86.89,Thursday,0,0,0,0.0,0.0,0.0,0.0,0,0.215
2025-10-16 11:00:00,17.32,95.0,Thursday,0,0,0,0.0,0.0,0.0,0.0,0,0.164
2025-10-16 12:00:00,15.58,92.11,Thursday,0,0,0,0.0,0.0,0.0,0.0,0,0.227
2025-10-16 13:00:00,17.58,85.89,Thursday,0,0,2,4.72,0.0,0.17,0.07,0,0.351
2025-10-16 14:00:00,20.77,78.7,Thursday,0,0,0,0.0,0.0,0.0,0.0,0,0.19
2025-10-16 15:00:00,19.48,84.44,Thursday,0,0,0,0.0,0.0,0.0,0.0,0,0.193
2025-10-16 16:00:00,22.11,82.23,Thursday,0,0,3,8.6,0.0,0.57,0.14,0,0.525
2025-10-16 17:00:00,20.92,79.1,Thursday,0,0,2,9.9,0.0,0.74,0.16,0,0.432
2025-10-16 18:00:00,21.92,84.69,Thursday,0,0,3,6.22,0.0,0.74,0.57,0,0.725
2025-10-16 19:00:00,25.17,70.86,Thursday,0,0,3,10.62,0.0,0.87,0.5,0,0.731
2025-10-16 20:00:00,24.18,77.52,Thursday,0,0,2,11.64,0.0,0.77,0.72,0,0.591
2025-10-16 21:00:00,23.61,82.03,Thursday,0,0,3,12.3,0.0,0.65,0.89,0,0.926
2025-10-16 22:00:00,24.91,76.64,Thursday,0,0,4,15.91,0.0,0.78,0.74,0,0.561
2025-10-16 23:00:00,23.72,78.12,Thursday,0,0,4,14.01,0.0,0.71,0.63,0,0.729
2025-10-17 00:00:00,24.84,77.46,Friday,0,0,3,12.91,0.0,1.0,0.09,0,0.906
2025-10-17 01:00:00,20.68,77.71,Friday,0,0,2,15.2,0.0,0.61,0.12,0,0.538
2025-10-17 02:00:00,19.96,88.4,Friday,0,0,1,14.32,0.0,0.89,0.19,0,0.535
2025-10-17 03:00:00,17.62,79.56,Friday,0,1,2,12.15,0.0,0.98,0.03,0,0.515
2025-10-17 04:00:00,18.46,85.47,Friday,0,0,1,14.03,0.0,0.42,0.19,0,0.305
2025-10-17 05:00:00,20.35,84.25,Friday,0,0,2,12.09,0.0,0.47,0.11,0,0.517
2025-10-17 06:00:00,20.48,77.33,Friday,0,0,1,10.79,0.0,1.0,0.17,0,0.336
2025-10-17 07:00:00,19.57,83.26,Friday,0,0,1,9.43,0.0,0.58,0.2,0,0.476
2025-10-17 08:00:00,14.5,82.9,Friday,0,0,1,9.13,0.0,0.75,0.19,0,0.712
2025-10-17 09:00:00,19.79,89.65,Friday,0,0,0,0.0,0.0,0.0,0.0,0,0.29
2025-10-17 10:00:00,14.83,81.46,Friday,0,0,0,0.0,0.0,0.0,0.0,0,0.376
2025-10-17 11:00:00,20.23,79.02,Friday,0,0,0,0.0,0.0,0.0,0.0,0,0.248
2025-10-17 12:00:00,18.57,77.66,Friday,0,0,0,0.0,0.0,0.0,0.0,0,0.296
2025-10-17 13:00:00,21.22,74.61,Friday,0,0,0,0.0,0.0,0.0,0.0,0,0.328
2025-10-17 14:00:00,18.34,91.95,Friday,0,0,0,0.0,0.0,0.0,0.0,0,0.179
2025-10-17 15:00:00,23.62,81.96,Friday,0,0,1,4.81,0.0,0.26,0.17,0,0.286
2025-10-17 16:00:00,19.6,83.56,Friday,0,0,0,0.0,0.0,0.0,0.0,0,0.256
2025-10-17 17:00:00,21.65,77.73,Friday,0,0,0,0.0,0.0,0.0,0.0,0,0.231
2025-10-17 18:00:00,21.54,85.66,Friday,0,0,1,11.29,0.0,0.99,0.73,0,0.503
2025-10-17 19:00:00,20.47,77.95,Friday,0,0,2,8.79,0.0,1.0,0.36,0,0.566
2025-10-17 20:00:00,23.9,82.95,Friday,0,0,3,12.87,0.0,0.66,0.36,0,0.84
2025-10-17 21:00:00,26.88,71.94,Friday,0,0,0,0.0,0.0,0.0,0.0,0,0.228
2025-10-17 22:00:00,28.13,71.96,Friday,0,0,2,14.83,0.34,0.46,0.47,0,1.199
2025-10-17 23:00:00,23.03,83.56,Friday,0,0,4,14.38,0.0,0.62,0.47,0,0.499
2025-10-18 00:00:00,24.24,83.0,Saturday,1,0,3,12.95,0.0,1.0,0.11,0,0.415
2025-10-18 01:00:00,21.93,83.75,Saturday,1,0,3,14.11,0.0,0.8,0.01,0,0.318
2025-10-18 02:00:00,21.63,75.78,Saturday,1,0,3,15.27,0.0,0.81,0.17,0,0.834
2025-10-18 03:00:00,19.34,80.86,Saturday,1,0,3,16.0,0.0,0.71,0.08,0,0.444
2025-10-18 04:00:00,19.59,83.66,Saturday,1,0,2,13.08,0.0,1.0,0.03,0,0.461
2025-10-18 05:00:00,19.58,78.63,Saturday,1,0,2,10.71,0.0,0.88,0.11,0,0.991
2025-10-18 06:00:00,17.1,91.97,Saturday,1,0,3,8.23,0.0,1.0,0.09,0,0.496
2025-10-18 07:00:00,17.7,72.56,Saturday,1,0,1,8.47,0.0,0.6,0.16,0,0.42
2025-10-18 08:00:00,17.63,80.74,Saturday,1,0,1,6.93,0.0,0.51,0.1,0,0.433
2025-10-18 09:00:00,19.32,80.56,Saturday,1,0,1,6.92,0.0,0.56,0.13,0,0.201
2025-10-18 10:00:00,16.22,71.68,Saturday,1,0,1,5.58,0.0,0.91,0.07,0,0.445
2025-10-18 11:00:00,18.52,76.85,Saturday,1,0,1,5.89,0.0,1.0,0.02,0,0.567
2025-10-18 12:00:00,22.68,83.22,Saturday,1,0,3,4.46,0.0,0.94,0.01,0,0.374
2025-10-18 13:00:00,22.05,80.8,Saturday,1,0,3,7.73,0.0,0.97,0.06,0,0.362
2025-10-18 14:00:00,23.16,87.52,Saturday,1,0,1,6.55,0.0,0.79,0.13,0,0.577
2025-10-18 15:00:00,21.55,88.83,Saturday,1,0,3,5.4,0.0,0.43,0.0,0,0.323
2025-10-18 16:00:00,22.81,82.13,Saturday,1,0,2,9.0,0.0,1.0,0.05,0,0.485
2025-10-18 17:00:00,24.66,79.87,Saturday,1,0,2,6.97,0.0,0.92,0.03,0,0.595
2025-10-18 18:00:00,26.14,77.3,Saturday,1,0,1,8.72,0.0,0.88,0.6,0,0.429
2025-10-18 19:00:00,20.12,69.12,Saturday,1,0,0,0.0,0.0,0.0,0.0,0,0.221
2025-10-18 20:00:00,21.37,74.3,Saturday,1,0,3,14.49,0.0,0.32,0.63,0,0.395
2025-10-18 21:00:00,25.99,77.61,Saturday,1,0,2,13.27,0.0,0.62,0.93,0,0.253
2025-10-18 22:00:00,22.83,83.03,Saturday,1,0,2,13.39,0.0,0.91,0.61,0,0.837
2025-10-18 23:00:00,21.65,82.47,Saturday,1,0,1,15.08,0.0,0.71,0.42,0,0.727
2025-10-19 00:00:00,19.98,78.06,Sunday,1,0,0,0.0,0.0,0.0,0.0,0,0.214
2025-10-19 01:00:00,20.51,86.73,Sunday,1,0,3,16.0,0.0,1.0,0.07,0,0.714
2025-10-19 02:00:00,18.21,91.52,Sunday,1,0,2,12.08,0.0,0.78,0.12,0,0.428
2025-10-19 03:00:00,23.72,83.84,Sunday,1,0,4,15.43,0.0,1.0,0.15,0,0.339
2025-10-19 04:00:00,19.19,88.17,Sunday,1,0,2,9.4,0.0,0.74,0.17,0,0.492
2025-10-19 05:00:00,18.51,81.05,Sunday,1,0,3,12.65,0.0,0.95,0.04,0,0.428
2025-10-19 06:00:00,19.19,88.6,Sunday,1,0,2,11.74,0.0,0.87,0.05,0,0.298
2025-10-19 07:00:00,19.57,83.62,Sunday,1,0,2,10.53,0.0,0.61,0.08,0,0.335
2025-10-19 08:00:00,19.44,85.56,Sunday,1,0,3,8.35,0.0,0.49,0.05,0,0.396
2025-10-19 09:00:00,19.77,84.53,Sunday,1,0,3,4.87,0.0,0.76,0.11,0,0.275
2025-10-19 10:00:00,17.0,84.59,Sunday,1,0,0,0.0,0.0,0.0,0.0,0,0.26
2025-10-19 11:00:00,18.08,79.93,Sunday,1,0,1,3.57,0.0,0.65,0.03,0,0.454
2025-10-19 12:00:00,20.62,81.53,Sunday,1,0,2,3.59,0.0,0.88,0.08,0,0.554
2025-10-19 13:00:00,19.01,88.33,Sunday,1,0,3,4.49,0.0,0.69,0.15,0,0.485
2025-10-19 14:00:00,20.73,79.64,Sunday,1,0,0,0.0,0.0,0.0,0.0,0,0.153
2025-10-19 15:00:00,22.23,84.96,Sunday,1,0,3,6.83,0.0,1.0,0.05,0,0.335
2025-10-19 16:00:00,23.65,82.9,Sunday,1,0,3,6.46,0.0,0.78,0.13,0,0.441
2025-10-19 17:00:00,19.66,81.31,Sunday,1,0,1,9.2,0.0,0.6,0.19,0,0.313
2025-10-19 18:00:00,24.62,85.29,Sunday,1,0,3,7.94,0.0,1.0,0.99,0,0.762
2025-10-19 19:00:00,23.21,77.83,Sunday,1,0,1,11.35,0.0,0.6,0.34,0,0.838
2025-10-19 20:00:00,25.01,85.54,Sunday,1,0,0,0.0,0.0,0.0,0.0,0,0.206
2025-10-19 21:00:00,25.03,80.14,Sunday,1,0,3,15.06,0.0,0.38,0.72,0,0.341
2025-10-19 22:00:00,26.23,76.82,Sunday,1,0,2,16.0,0.0,1.0,0.92,0,0.586
2025-10-19 23:00:00,25.29,73.3,Sunday,1,0,0,0.0,0.0,0.0,0.0,0,0.214
2025-10-20 00:00:00,24.66,77.87,Monday,0,0,4,12.06,0.0,0.74,0.03,0,0.56
2025-10-20 01:00:00,24.11,77.78,Monday,0,0,1,12.62,0.0,0.49,0.08,0,0.268
2025-10-20 02:00:00,21.26,75.08,Monday,0,0,2,16.0,0.0,0.94,0.13,0,0.558
2025-10-20 03:00:00,20.02,81.4,Monday,0,0,2,13.32,0.0,0.77,0.09,0,0.425
2025-10-20 04:00:00,20.81,77.76,Monday,0,0,2,15.12,0.0,1.0,0.16,0,0.262
2025-10-20 05:00:00,19.93,85.49,Monday,0,0,2,12.64,0.0,0.6,0.03,0,0.495
2025-10-20 06:00:00,17.58,91.21,Monday,0,0,2,10.38,0.0,0.42,0.17,0,0.437
2025-10-20 07:00:00,18.57,77.66,Monday,0,0,1,8.9,0.0,0.83,0.2,0,0.631
2025-10-20 08:00:00,17.67,93.16,Monday,0,0,3,5.78,0.0,0.9,0.07,0,0.418
2025-10-20 09:00:00,16.3,85.19,Monday,0,0,0,0.0,0.0,0.0,0.0,0,0.319
2025-10-20 10:00:00,20.46,77.21,Monday,0,0,0,0.0,0.0,0.0,0.0,0,0.168
2025-10-20 11:00:00,18.71,87.45,Monday,0,1,2,4.65,0.0,0.76,0.07,0,0.54
2025-10-20 12:00:00,22.92,77.64,Monday,0,0,0,0.0,0.0,0.0,0.0,0,0.284
2025-10-20 13:00:00,17.03,84.76,Monday,0,0,0,0.0,0.0,0.0,0.0,0,0.268
2025-10-20 14:00:00,19.73,80.72,Monday,0,0,0,0.0,0.0,0.0,0.0,0,0.155
2025-10-20 15:00:00,21.57,77.0,Monday,0,0,0,0.0,0.0,0.0,0.0,0,0.201
2025-10-20 16:00:00,24.28,82.27,Monday,0,0,2,6.16,0.0,0.35,0.05,0,0.21
2025-10-20 17:00:00,23.57,77.85,Monday,0,0,3,9.96,0.0,0.6,0.2,0,0.591
2025-10-20 18:00:00,23.89,71.81,Monday,0,0,4,11.13,0.0,1.0,0.6,0,0.545
2025-10-20 19:00:00,21.6,83.81,Monday,0,0,2,14.57,0.0,0.76,0.6,0,0.276
2025-10-20 20:00:00,21.65,74.99,Monday,0,0,3,12.77,0.0,0.5,0.64,0,0.402
2025-10-20 21:00:00,24.21,72.94,Monday,0,0,0,0.0,0.0,0.0,0.0,0,0.48
2025-10-20 22:00:00,20.88,87.67,Monday,0,0,3,15.03,0.0,0.74,0.98,0,0.728
2025-10-20 23:00:00,21.9,74.81,Monday,0,0,0,0.0,0.0,0.0,0.0,0,0.261
2025-10-21 00:00:00,23.14,68.1,Tuesday,0,0,0,0.0,0.0,0.0,0.0,0,0.15
2025-10-21 01:00:00,19.74,85.85,Tuesday,0,0,3,14.96,0.0,1.0,0.18,0,0.512
2025-10-21 02:00:00,23.62,77.72,Tuesday,0,0,1,15.02,0.0,0.42,0.01,0,0.183
2025-10-21 03:00:00,22.16,79.47,Tuesday,0,0,2,14.32,0.0,1.0,0.03,0,0.28
2025-10-21 04:00:00,16.41,84.16,Tuesday,0,0,1,13.17,0.0,0.94,0.03,0,0.643
2025-10-21 05:00:00,16.93,86.42,Tuesday,0,0,3,12.89,0.0,0.77,0.03,0,0.706
2025-10-21 06:00:00,14.02,84.12,Tuesday,0,0,3,10.78,0.0,0.54,0.02,0,0.428
2025-10-21 07:00:00,16.43,93.1,Tuesday,0,0,0,0.0,0.0,0.0,0.0,0,0.105
2025-10-21 08:00:00,19.11,75.92,Tuesday,0,0,2,5.6,0.0,0.76,0.07,0,0.302
2025-10-21 09:00:00,17.09,87.34,Tuesday,0,0,0,0.0,0.0,0.0,0.0,0,0.142
2025-10-21 10:00:00,18.97,86.64,Tuesday,0,0,0,0.0,0.0,0.0,0.0,0,0.508
2025-10-21 11:00:00,15.87,82.42,Tuesday,0,0,0,0.0,0.0,0.0,0.0,0,0.209
2025-10-21 12:00:00,20.67,76.78,Tuesday,0,0,0,0.0,0.0,0.0,0.0,0,0.19
2025-10-21 13:00:00,18.96,88.52,Tuesday,0,0,0,0.0,0.0,0.0,0.0,0,0.201
2025-10-21 14:00:00,20.76,76.86,Tuesday,0,0,0,0.0,0.0,0.0,0.0,0,0.19
2025-10-21 15:00:00,21.34,78.26,Tuesday,0,0,0,0.0,0.0,0.0,0.0,0,0.195
2025-10-21 16:00:00,19.95,86.99,Tuesday,0,0,2,7.69,0.0,0.61,0.15,1,0.89
2025-10-21 17:00:00,20.78,81.97,Tuesday,0,1,4,8.34,0.0,0.89,0.18,0,1.006
2025-10-21 18:00:00,25.07,68.95,Tuesday,0,0,1,12.66,0.0,0.85,0.49,0,0.481
2025-10-21 19:00:00,24.35,87.32,Tuesday,0,0,3,11.52,0.0,0.65,0.98,0,0.254
2025-10-21 20:00:00,25.62,74.79,Tuesday,0,0,2,8.69,0.0,1.0,0.37,0,0.705
2025-10-21 21:00:00,24.22,76.69,Tuesday,0,0,4,9.89,0.0,0.79,0.52,0,0.518
2025-10-21 22:00:00,23.59,80.55,Tuesday,0,0,2,16.0,0.0,0.85,0.93,0,0.459
2025-10-21 23:00:00,19.75,85.85,Tuesday,0,0,2,12.08,0.0,1.0,0.96,0,0.448
2025-10-22 00:00:00,21.75,90.73,Wednesday,0,0,3,14.18,0.0,0.96,0.04,0,0.546
2025-10-22 01:00:00,21.46,72.88,Wednesday,0,0,2,13.01,0.0,0.35,0.16,0,0.501
2025-10-22 02:00:00,24.25,82.8,Wednesday,0,0,2,13.88,0.0,0.94,0.18,0,0.738
2025-10-22 03:00:00,21.19,85.14,Wednesday,0,0,2,14.11,0.0,0.76,0.05,0,0.422
2025-10-22 04:00:00,22.0,80.01,Wednesday,0,0,2,11.5,0.0,0.64,0.05,0,0.476
2025-10-22 05:00:00,19.69,86.72,Wednesday,0,0,1,10.07,0.0,0.76,0.04,0,0.345
2025-10-22 06:00:00,16.86,90.0,Wednesday,0,0,2,11.09,0.0,0.67,0.14,0,0.325
2025-10-22 07:00:00,18.05,77.35,Wednesday,0,0,2,12.65,0.0,0.78,0.01,0,0.358
2025-10-22 08:00:00,18.16,92.91,Wednesday,0,0,3,8.31,0.0,0.74,0.01,0,0.427
2025-10-22 09:00:00,16.15,78.17,Wednesday,0,0,4,5.09,0.0,0.92,0.03,0,0.242
2025-10-22 10:00:00,17.44,79.12,Wednesday,0,0,0,0.0,0.0,0.0,0.0,0,0.24
2025-10-22 11:00:00,18.24,82.77,Wednesday,0,0,0,0.0,0.0,0.0,0.0,0,0.321
2025-10-22 12:00:00,22.12,90.21,Wednesday,0,0,0,0.0,0.0,0.0,0.0,0,0.455
2025-10-22 13:00:00,16.21,84.37,Wednesday,0,0,0,0.0,0.0,0.0,0.0,0,0.269
2025-10-22 14:00:00,22.9,79.73,Wednesday,0,0,0,0.0,0.0,0.0,0.0,0,0.411
2025-10-22 15:00:00,19.82,89.82,Wednesday,0,0,0,0.0,0.0,0.0,0.0,0,0.262
2025-10-22 16:00:00,19.76,81.21,Wednesday,0,0,3,7.58,0.0,0.86,0.14,0,0.664
2025-10-22 17:00:00,24.98,72.13,Wednesday,0,0,3,8.14,0.0,0.94,0.16,0,0.489
2025-10-22 18:00:00,24.65,76.23,Wednesday,0,0,0,0.0,0.0,0.0,0.0,0,0.196
2025-10-22 19:00:00,25.89,84.05,Wednesday,0,0,1,10.76,0.0,0.83,0.4,0,0.512
2025-10-22 20:00:00,25.18,78.2,Wednesday,0,0,2,14.63,0.0,0.79,0.42,0,0.649
2025-10-22 21:00:00,27.34,85.55,Wednesday,0,0,1,13.53,0.67,1.0,0.65,0,1.546
2025-10-22 22:00:00,24.34,82.29,Wednesday,0,0,4,13.99,0.0,0.67,0.48,0,0.634
2025-10-22 23:00:00,22.57,76.96,Wednesday,0,0,2,15.69,0.0,0.55,0.91,0,0.573
2025-10-23 00:00:00,22.85,80.19,Thursday,0,0,3,15.54,0.0,1.0,0.14,0,0.57
2025-10-23 01:00:00,23.75,74.86,Thursday,0,0,3,15.73,0.0,0.84,0.12,0,0.492
2025-10-23 02:00:00,19.33,79.76,Thursday,0,0,2,14.13,0.0,0.88,0.11,0,1.033
2025-10-23 03:00:00,18.78,95.0,Thursday,0,0,3,15.54,0.0,1.0,0.04,0,0.583
2025-10-23 04:00:00,18.68,88.78,Thursday,0,0,1,13.99,0.0,0.77,0.17,0,0.253
2025-10-23 05:00:00,14.82,91.46,Thursday,0,0,2,11.28,0.0,0.65,0.09,0,0.584
2025-10-23 06:00:00,18.38,80.84,Thursday,0,0,4,11.23,0.0,0.78,0.09,0,0.308
2025-10-23 07:00:00,14.44,95.0,Thursday,0,0,0,0.0,0.0,0.0,0.0,0,0.272
2025-10-23 08:00:00,17.83,89.95,Thursday,0,0,0,0.0,0.0,0.0,0.0,0,0.308
2025-10-23 09:00:00,19.39,92.45,Thursday,0,0,3,7.7,0.0,0.54,0.11,0,0.521
2025-10-23 10:00:00,17.28,94.12,Thursday,0,0,0,0.0,0.0,0.0,0.0,0,0.224
2025-10-23 11:00:00,21.63,73.64,Thursday,0,0,0,0.0,0.0,0.0,0.0,0,0.352
2025-10-23 12:00:00,16.61,80.01,Thursday,0,0,0,0.0,0.0,0.0,0.0,0,0.257
2025-10-23 13:00:00,22.1,75.59,Thursday,0,0,0,0.0,0.0,0.0,0.0,0,0.444
2025-10-23 14:00:00,21.95,76.03,Thursday,0,0,3,4.58,0.0,0.78,0.05,0,0.394
2025-10-23 15:00:00,18.42,85.54,Thursday,0,0,3,8.05,0.0,0.72,0.15,0,0.313
2025-10-23 16:00:00,27.11,73.26,Thursday,0,0,0,0.0,0.0,0.0,0.0,0,0.185
2025-10-23 17:00:00,22.74,90.4,Thursday,0,0,2,10.68,0.0,0.65,0.03,0,0.498
2025-10-23 18:00:00,21.75,90.45,Thursday,0,0,2,10.08,0.0,0.47,0.32,0,0.474
2025-10-23 19:00:00,21.1,81.48,Thursday,0,0,1,10.01,0.0,0.12,0.37,0,0.591
2025-10-23 20:00:00,23.34,89.27,Thursday,0,0,2,11.82,0.0,0.76,0.68,0,0.682
2025-10-23 21:00:00,23.4,86.88,Thursday,0,0,0,0.0,0.0,0.0,0.0,0,0.179
2025-10-23 22:00:00,23.52,77.08,Thursday,0,0,4,15.05,0.0,1.0,0.82,0,0.621
2025-10-23 23:00:00,22.32,70.37,Thursday,0,0,2,12.99,0.0,0.53,0.65,0,0.411
2025-10-24 00:00:00,23.37,78.37,Friday,0,0,3,13.56,0.0,0.94,0.12,0,0.409
2025-10-24 01:00:00,20.81,78.54,Friday,0,0,1,14.34,0.0,0.13,0.06,0,0.354
2025-10-24 02:00:00,17.25,86.01,Friday,0,0,1,14.28,0.0,0.43,0.04,0,0.521
2025-10-24 03:00:00,19.69,83.23,Friday,0,0,4,14.61,0.0,0.85,0.18,0,0.465
2025-10-24 04:00:00,14.97,87.34,Friday,0,0,3,12.9,0.0,0.92,0.03,0,0.416
2025-10-24 05:00:00,19.25,85.79,Friday,0,0,0,0.0,0.0,0.0,0.0,0,0.295
2025-10-24 06:00:00,16.37,79.7,Friday,0,0,2,10.35,0.0,0.55,0.12,0,0.276
2025-10-24 07:00:00,18.13,86.24,Friday,0,0,2,8.95,0.0,0.76,0.17,0,0.674
2025-10-24 08:00:00,20.1,80.21,Friday,0,0,2,7.12,0.0,0.73,0.01,0,0.486
2025-10-24 09:00:00,16.13,86.98,Friday,0,0,3,6.64,0.0,0.89,0.06,0,0.404
2025-10-24 10:00:00,20.05,87.25,Friday,0,0,0,0.0,0.0,0.0,0.0,0,0.321
2025-10-24 11:00:00,17.83,78.33,Friday,0,0,0,0.0,0.0,0.0,0.0,0,0.238
2025-10-24 12:00:00,22.39,78.94,Friday,0,0,2,5.82,0.0,0.86,0.08,0,0.446
2025-10-24 13:00:00,19.3,82.54,Friday,0,0,0,0.0,0.0,0.0,0.0,0,0.128
2025-10-24 14:00:00,19.22,80.63,Friday,0,0,0,0.0,0.0,0.0,0.0,0,0.201
2025-10-24 15:00:00,22.75,84.53,Friday,0,0,0,0.0,0.0,0.0,0.0,0,0.29
2025-10-24 16:00:00,21.45,77.59,Friday,0,0,0,0.0,0.0,0.0,0.0,0,0.209
2025-10-24 17:00:00,21.34,78.52,Friday,0,0,3,6.06,0.0,0.9,0.05,0,0.56
2025-10-24 18:00:00,22.47,76.73,Friday,0,0,1,9.64,0.0,0.5,0.71,0,0.411
2025-10-24 19:00:00,23.55,84.76,Friday,0,0,3,10.43,0.0,0.33,0.49,0,0.525
2025-10-24 20:00:00,26.15,74.5,Friday,0,0,2,14.07,0.0,1.0,0.55,0,0.637
2025-10-24 21:00:00,20.15,84.66,Friday,0,0,2,15.3,0.0,0.57,0.94,0,0.728
2025-10-24 22:00:00,23.37,89.34,Friday,0,0,2,16.0,0.0,0.6,0.44,0,0.453
2025-10-24 23:00:00,23.98,78.54,Friday,0,0,0,0.0,0.0,0.0,0.0,0,0.367
2025-10-25 00:00:00,22.58,85.74,Saturday,1,0,2,15.96,0.0,0.49,0.06,0,0.65
2025-10-25 01:00:00,23.87,87.37,Saturday,1,1,4,12.91,0.0,0.8,0.09,0,0.628
2025-10-25 02:00:00,20.6,87.1,Saturday,1,0,2,16.0,0.0,0.75,0.18,0,0.369
2025-10-25 03:00:00,19.63,82.75,Saturday,1,0,2,15.41,0.0,0.73,0.04,0,0.435
2025-10-25 04:00:00,20.3,85.44,Saturday,1,0,3,10.43,0.0,1.0,0.07,0,0.445
2025-10-25 05:00:00,18.79,77.15,Saturday,1,1,3,12.0,0.0,0.87,0.19,0,0.918
2025-10-25 06:00:00,17.43,80.91,Saturday,1,0,1,9.18,0.0,0.99,0.15,0,0.546
2025-10-25 07:00:00,18.77,80.59,Saturday,1,0,2,11.48,0.0,0.69,0.05,0,0.32
2025-10-25 08:00:00,16.56,95.0,Saturday,1,0,2,6.04,0.0,0.57,0.02,0,0.437
2025-10-25 09:00:00,16.74,81.37,Saturday,1,0,2,6.6,0.0,1.0,0.19,0,0.555
2025-10-25 10:00:00,17.19,80.9,Saturday,1,0,3,5.95,0.0,0.61,0.03,0,0.318
2025-10-25 11:00:00,21.05,76.34,Saturday,1,0,0,0.0,0.0,0.0,0.0,0,0.302
2025-10-25 12:00:00,13.44,91.21,Saturday,1,0,3,8.22,0.0,0.86,0.07,0,0.667
2025-10-25 13:00:00,20.67,82.61,Saturday,1,0,2,7.71,0.0,0.56,0.02,0,0.397
2025-10-25 14:00:00,20.8,87.22,Saturday,1,0,2,3.21,0.0,0.56,0.02,0,0.348
2025-10-25 15:00:00,18.49,87.22,Saturday,1,0,2,7.2,0.0,0.68,0.06,0,0.619
2025-10-25 16:00:00,22.79,73.09,Saturday,1,0,1,7.48,0.0,0.94,0.07,0,0.397
2025-10-25 17:00:00,23.71,75.12,Saturday,1,0,0,0.0,0.0,0.0,0.0,0,0.153
2025-10-25 18:00:00,24.39,85.37,Saturday,1,0,3,10.32,0.0,0.41,0.46,0,0.411
2025-10-25 19:00:00,18.86,82.51,Saturday,1,0,0,0.0,0.0,0.0,0.0,0,0.262
2025-10-25 20:00:00,26.19,82.86,Saturday,1,0,3,10.94,0.0,0.85,0.71,0,0.816
2025-10-25 21:00:00,22.3,79.68,Saturday,1,0,2,12.93,0.0,0.64,0.73,0,0.452
2025-10-25 22:00:00,24.57,73.55,Saturday,1,0,1,14.15,0.0,0.71,0.67,0,0.241
2025-10-25 23:00:00,24.19,77.21,Saturday,1,0,2,15.12,0.0,0.69,0.51,0,0.643
2025-10-26 00:00:00,20.66,77.07,Sunday,1,0,3,14.14,0.0,0.66,0.18,0,0.463
2025-10-26 01:00:00,22.7,77.24,Sunday,1,0,2,16.0,0.0,1.0,0.06,0,0.448
2025-10-26 02:00:00,20.04,83.47,Sunday,1,0,2,15.13,0.0,1.0,0.12,0,0.457
2025-10-26 03:00:00,16.23,88.45,Sunday,1,0,1,14.85,0.0,0.62,0.18,0,0.53
2025-10-26 04:00:00,21.34,73.35,Sunday,1,0,1,12.29,0.0,0.64,0.1,0,0.478
2025-10-26 05:00:00,17.22,84.92,Sunday,1,1,2,9.74,0.0,0.73,0.11,0,0.333
2025-10-26 06:00:00,16.6,82.63,Sunday,1,0,2,11.33,0.0,0.41,0.11,0,0.29
2025-10-26 07:00:00,17.11,81.86,Sunday,1,0,3,7.22,0.0,0.88,0.06,0,0.36
2025-10-26 08:00:00,18.22,84.76,Sunday,1,0,2,4.47,0.0,0.8,0.08,0,0.315
2025-10-26 09:00:00,17.73,81.79,Sunday,1,0,1,7.31,0.0,0.79,0.17,0,0.426
2025-10-26 10:00:00,19.12,90.2,Sunday,1,0,2,4.54,0.0,0.29,0.08,0,0.519
2025-10-26 11:00:00,16.2,91.86,Sunday,1,0,2,4.67,0.0,0.18,0.08,0,0.473
2025-10-26 12:00:00,17.9,90.3,Sunday,1,0,2,6.04,0.0,0.66,0.02,0,0.527
2025-10-26 13:00:00,19.75,80.25,Sunday,1,0,3,3.77,0.0,0.92,0.09,0,0.655
2025-10-26 14:00:00,24.15,73.95,Sunday,1,0,1,3.27,0.0,0.31,0.02,0,0.429
2025-10-26 15:00:00,21.31,81.73,Sunday,1,0,4,8.29,0.0,0.97,0.05,0,0.481
2025-10-26 16:00:00,24.19,77.98,Sunday,1,0,2,7.41,0.0,0.67,0.2,0,0.21
2025-10-26 17:00:00,22.93,76.82,Sunday,1,0,2,10.59,0.0,0.54,0.18,0,0.686
2025-10-26 18:00:00,22.46,74.41,Sunday,1,0,4,10.94,0.0,0.77,0.84,0,0.814
2025-10-26 19:00:00,23.19,79.42,Sunday,1,0,0,0.0,0.0,0.0,0.0,0,0.341
2025-10-26 20:00:00,23.43,77.39,Sunday,1,0,1,12.75,0.0,0.12,0.59,0,0.638
2025-10-26 21:00:00,24.72,81.69,Sunday,1,0,2,13.78,0.0,1.0,0.62,0,0.421
2025-10-26 22:00:00,25.81,80.6,Sunday,1,0,2,16.0,0.0,0.74,0.66,0,0.554
2025-10-26 23:00:00,23.5,84.85,Sunday,1,0,2,16.0,0.0,0.57,0.74,0,0.34
2025-10-27 00:00:00,24.37,72.27,Monday,0,0,3,14.12,0.0,0.61,0.17,0,0.433
2025-10-27 01:00:00,19.77,84.71,Monday,0,0,2,15.57,0.0,0.56,0.12,0,0.425
2025-10-27 02:00:00,19.99,78.87,Monday,0,0,1,13.4,0.0,0.66,0.2,0,0.367
2025-10-27 03:00:00,18.65,77.61,Monday,0,0,2,13.07,0.0,0.72,0.05,0,0.689
2025-10-27 04:00:00,19.8,80.54,Monday,0,0,1,13.35,0.0,0.92,0.15,0,0.414
2025-10-27 05:00:00,17.97,89.67,Monday,0,0,0,0.0,0.0,0.0,0.0,0,0.33
2025-10-27 06:00:00,19.45,81.13,Monday,0,0,2,10.22,0.0,0.49,0.19,0,0.546
2025-10-27 07:00:00,16.16,93.78,Monday,0,0,2,9.28,0.0,0.62,0.05,0,0.497
2025-10-27 08:00:00,17.81,87.21,Monday,0,0,2,6.99,0.0,1.0,0.07,0,0.561
2025-10-27 09:00:00,19.07,81.36,Monday,0,0,0,0.0,0.0,0.0,0.0,0,0.329
2025-10-27 10:00:00,14.42,93.32,Monday,0,0,0,0.0,0.0,0.0,0.0,0,0.14
2025-10-27 11:00:00,22.43,82.54,Monday,0,0,0,0.0,0.0,0.0,0.0,0,0.276
2025-10-27 12:00:00,18.72,78.98,Monday,0,0,0,0.0,0.0,0.0,0.0,0,0.248
2025-10-27 13:00:00,16.31,95.0,Monday,0,0,0,0.0,0.0,0.0,0.0,0,0.318
2025-10-27 14:00:00,21.02,82.88,Monday,0,0,3,4.32,0.0,0.49,0.15,0,0.294
2025-10-27 15:00:00,21.57,81.18,Monday,0,0,0,0.0,0.0,0.0,0.0,0,0.191
2025-10-27 16:00:00,22.09,76.34,Monday,0,0,3,7.79,0.0,0.65,0.06,0,0.455
2025-10-27 17:00:00,24.64,84.22,Monday,0,0,2,10.24,0.0,0.85,0.03,0,0.718
2025-10-27 18:00:00,24.68,80.88,Monday,0,0,1,9.52,0.0,1.0,0.37,0,0.365
2025-10-27 19:00:00,24.17,81.89,Monday,0,0,1,12.83,0.0,0.44,0.94,0,0.369
2025-10-27 20:00:00,24.54,75.87,Monday,0,0,0,0.0,0.0,0.0,0.0,0,0.186
2025-10-27 21:00:00,23.44,83.57,Monday,0,0,2,14.04,0.0,0.55,0.6,0,0.482
2025-10-27 22:00:00,26.53,81.18,Monday,0,0,3,13.57,0.0,1.0,0.78,0,0.627
2025-10-27 23:00:00,20.19,78.98,Monday,0,0,1,16.0,0.0,0.99,0.62,0,0.814
2025-10-28 00:00:00,22.49,73.18,Tuesday,0,0,0,0.0,0.0,0.0,0.0,0,0.241
2025-10-28 01:00:00,21.63,83.94,Tuesday,0,0,0,0.0,0.0,0.0,0.0,0,0.282
2025-10-28 02:00:00,22.2,72.65,Tuesday,0,0,0,0.0,0.0,0.0,0.0,0,0.295
2025-10-28 03:00:00,18.44,84.66,Tuesday,0,0,2,11.26,0.0,0.73,0.11,0,0.429
2025-10-28 04:00:00,16.1,83.78,Tuesday,0,0,3,13.07,0.0,0.83,0.18,0,0.427
2025-10-28 05:00:00,18.9,89.59,Tuesday,0,0,2,11.61,0.0,0.95,0.13,0,0.651
2025-10-28 06:00:00,18.64,81.76,Tuesday,0,0,2,11.29,0.0,0.69,0.09,0,0.465
2025-10-28 07:00:00,20.52,87.57,Tuesday,0,0,0,0.0,0.0,0.0,0.0,0,0.372
2025-10-28 08:00:00,15.45,84.03,Tuesday,0,0,3,7.71,0.0,0.82,0.0,0,0.498
2025-10-28 09:00:00,19.92,87.58,Tuesday,0,0,0,0.0,0.0,0.0,0.0,0,0.308
2025-10-28 10:00:00,22.4,90.64,Tuesday,0,0,3,4.32,0.0,0.37,0.09,0,0.241
2025-10-28 11:00:00,17.93,79.02,Tuesday,0,0,3,5.35,0.0,0.28,0.12,0,0.29
2025-10-28 12:00:00,16.91,86.74,Tuesday,0,0,2,3.91,0.0,0.62,0.2,0,0.485
2025-10-28 13:00:00,19.23,95.0,Tuesday,0,0,1,3.93,0.0,0.57,0.13,0,0.373
2025-10-28 14:00:00,20.76,82.15,Tuesday,0,0,2,4.87,0.0,0.57,0.08,1,1.506
2025-10-28 15:00:00,22.53,80.54,Tuesday,0,0,0,0.0,0.0,0.0,0.0,0,0.217
2025-10-28 16:00:00,21.17,85.39,Tuesday,0,0,0,0.0,0.0,0.0,0.0,0,0.276
2025-10-28 17:00:00,25.66,77.62,Tuesday,0,0,1,8.22,0.0,0.6,0.12,0,0.517
2025-10-28 18:00:00,21.33,72.77,Tuesday,0,0,1,8.73,0.0,0.68,0.41,0,0.21
2025-10-28 19:00:00,20.5,87.71,Tuesday,0,0,3,12.51,0.0,0.68,0.33,0,0.363
2025-10-28 20:00:00,25.73,67.33,Tuesday,0,0,1,14.04,0.0,0.71,0.86,0,0.537
2025-10-28 21:00:00,19.54,80.83,Tuesday,0,0,4,14.76,0.0,0.71,0.69,0,0.535
2025-10-28 22:00:00,22.97,85.87,Tuesday,0,0,2,16.0,0.0,0.55,0.35,0,0.401
2025-10-28 23:00:00,28.47,73.1,Tuesday,0,0,3,15.12,0.85,0.69,0.93,0,2.405
2025-10-29 00:00:00,22.21,77.04,Wednesday,0,0,1,15.23,0.0,0.75,0.06,0,0.428
2025-10-29 01:00:00,19.49,87.35,Wednesday,0,0,4,13.77,0.0,0.99,0.13,0,0.545
2025-10-29 02:00:00,20.63,77.68,Wednesday,0,0,1,16.0,0.0,0.38,0.11,0,0.547
2025-10-29 03:00:00,19.87,76.51,Wednesday,0,0,1,13.4,0.0,0.76,0.08,0,0.462
2025-10-29 04:00:00,19.52,84.3,Wednesday,0,0,1,12.04,0.0,0.79,0.06,0,0.567
2025-10-29 05:00:00,19.81,81.76,Wednesday,0,0,0,0.0,0.0,0.0,0.0,0,0.205
2025-10-29 06:00:00,16.27,79.64,Wednesday,0,0,2,10.95,0.0,0.81,0.03,0,0.237
2025-10-29 07:00:00,20.87,84.9,Wednesday,0,0,3,8.83,0.0,0.42,0.05,0,0.58
2025-10-29 08:00:00,18.18,86.46,Wednesday,0,0,2,7.78,0.0,0.79,0.17,0,0.638
2025-10-29 09:00:00,19.14,81.47,Wednesday,0,0,3,5.98,0.0,0.78,0.18,1,1.191
2025-10-29 10:00:00,17.01,83.74,Wednesday,0,1,3,5.37,0.0,0.89,0.08,0,0.334
2025-10-29 11:00:00,20.93,84.02,Wednesday,0,0,0,0.0,0.0,0.0,0.0,0,0.325
2025-10-29 12:00:00,18.77,89.56,Wednesday,0,0,1,7.13,0.0,0.62,0.02,0,0.313
2025-10-29 13:00:00,20.46,80.67,Wednesday,0,0,1,2.47,0.0,1.0,0.04,0,0.386
2025-10-29 14:00:00,19.05,86.62,Wednesday,0,0,0,0.0,0.0,0.0,0.0,0,0.272
2025-10-29 15:00:00,19.72,85.58,Wednesday,0,0,2,8.1,0.0,0.41,0.14,0,0.31
2025-10-29 16:00:00,23.47,83.77,Wednesday,0,0,0,0.0,0.0,0.0,0.0,0,0.44
2025-10-29 17:00:00,22.06,80.84,Wednesday,0,0,2,8.6,0.0,0.84,0.19,1,0.582
2025-10-29 18:00:00,21.8,76.32,Wednesday,0,0,2,11.47,0.0,0.57,0.99,0,0.521
2025-10-29 19:00:00,22.47,77.96,Wednesday,0,0,2,10.16,0.0,0.72,0.31,1,0.715
2025-10-29 20:00:00,24.99,79.72,Wednesday,0,0,2,12.9,0.0,1.0,0.61,0,0.377
2025-10-29 21:00:00,22.5,89.34,Wednesday,0,0,0,0.0,0.0,0.0,0.0,0,0.341
2025-10-29 22:00:00,23.12,77.27,Wednesday,0,0,1,14.38,0.0,0.32,0.6,0,0.648
2025-10-29 23:00:00,22.88,83.93,Wednesday,0,0,2,16.0,0.0,0.96,0.92,0,0.687
2025-10-30 00:00:00,18.78,81.95,Thursday,0,0,0,0.0,0.0,0.0,0.0,0,0.317
2025-10-30 01:00:00,18.86,84.08,Thursday,0,0,0,0.0,0.0,0.0,0.0,0,0.226
2025-10-30 02:00:00,21.34,88.87,Thursday,0,0,4,12.41,0.0,0.72,0.03,0,0.558
2025-10-30 03:00:00,18.63,87.55,Thursday,0,0,3,13.07,0.0,0.7,0.18,0,0.061
2025-10-30 04:00:00,21.14,75.27,Thursday,0,1,3,9.78,0.0,0.53,0.09,0,0.158
2025-10-30 05:00:00,20.35,79.32,Thursday,0,0,1,10.85,0.0,0.89,0.03,0,0.599
2025-10-30 06:00:00,19.43,89.29,Thursday,0,0,4,11.45,0.0,0.56,0.16,0,0.114
2025-10-30 07:00:00,21.11,82.21,Thursday,0,0,3,6.66,0.0,0.54,0.1,0,0.6
2025-10-30 08:00:00,17.58,78.93,Thursday,0,0,0,0.0,0.0,0.0,0.0,0,0.324
2025-10-30 09:00:00,19.0,79.3,Thursday,0,0,0,0.0,0.0,0.0,0.0,0,0.26
2025-10-30 10:00:00,17.08,88.64,Thursday,0,0,0,0.0,0.0,0.0,0.0,0,0.239
2025-10-30 11:00:00,23.03,84.75,Thursday,0,0,3,5.77,0.0,0.42,0.14,0,0.545
2025-10-30 12:00:00,22.81,80.06,Thursday,0,0,0,0.0,0.0,0.0,0.0,0,0.208
2025-10-30 13:00:00,19.98,94.9,Thursday,0,0,0,0.0,0.0,0.0,0.0,0,0.428
2025-10-30 14:00:00,21.43,85.33,Thursday,0,0,0,0.0,0.0,0.0,0.0,0,0.199
2025-10-30 15:00:00,23.96,77.72,Thursday,0,0,0,0.0,0.0,0.0,0.0,0,0.182
2025-10-30 16:00:00,21.97,76.65,Thursday,0,0,2,7.56,0.0,0.86,0.07,0,0.653
2025-10-30 17:00:00,21.67,76.12,Thursday,0,0,2,7.91,0.0,1.0,0.07,0,0.57
2025-10-30 18:00:00,24.91,79.76,Thursday,0,0,2,8.6,0.0,0.28,0.43,0,0.521
2025-10-30 19:00:00,23.77,76.66,Thursday,0,0,2,13.93,0.0,0.72,0.47,0,0.617
2025-10-30 20:00:00,24.06,87.21,Thursday,0,0,1,13.73,0.0,1.0,0.94,0,1.061
2025-10-30 21:00:00,22.13,87.91,Thursday,0,0,3,10.2,0.0,0.83,0.99,0,0.677
2025-10-30 22:00:00,20.24,85.45,Thursday,0,0,3,13.96,0.0,1.0,0.46,0,0.635
2025-10-30 23:00:00,23.28,73.65,Thursday,0,0,2,15.45,0.0,0.59,0.58,0,0.327
2025-10-31 00:00:00,23.86,75.66,Friday,0,0,2,16.0,0.0,0.44,0.17,0,0.412
2025-10-31 01:00:00,21.1,87.78,Friday,0,0,2,13.18,0.0,1.0,0.13,0,0.731
2025-10-31 02:00:00,23.32,76.7,Friday,0,0,1,14.97,0.0,0.77,0.01,0,0.344
2025-10-31 03:00:00,18.69,89.29,Friday,0,0,2,12.94,0.0,0.96,0.15,0,0.339
2025-10-31 04:00:00,17.34,87.27,Friday,0,0,1,10.7,0.0,0.97,0.17,0,0.301
2025-10-31 05:00:00,18.49,84.12,Friday,0,0,3,13.31,0.0,1.0,0.18,0,0.415
2025-10-31 06:00:00,17.99,80.8,Friday,0,0,2,8.55,0.0,0.82,0.16,0,0.303
2025-10-31 07:00:00,19.22,82.73,Friday,0,1,2,10.16,0.0,0.83,0.09,0,0.463
2025-10-31 08:00:00,16.34,86.74,Friday,0,0,0,0.0,0.0,0.0,0.0,0,0.36
2025-10-31 09:00:00,20.3,87.39,Friday,0,0,0,0.0,0.0,0.0,0.0,0,0.144
2025-10-31 10:00:00,21.68,76.56,Friday,0,0,0,0.0,0.0,0.0,0.0,0,0.317
2025-10-31 11:00:00,18.54,82.5,Friday,0,0,0,0.0,0.0,0.0,0.0,0,0.352
2025-10-31 12:00:00,21.48,81.39,Friday,0,0,0,0.0,0.0,0.0,0.0,0,0.256
2025-10-31 13:00:00,18.06,87.56,Friday,0,0,0,0.0,0.0,0.0,0.0,0,0.19
2025-10-31 14:00:00,22.67,75.55,Friday,0,0,0,0.0,0.0,0.0,0.0,0,0.311
2025-10-31 15:00:00,23.4,72.86,Friday,0,0,2,8.55,0.0,0.95,0.01,0,0.343
2025-10-31 16:00:00,23.79,82.46,Friday,0,0,2,8.03,0.0,0.81,0.01,1,0.687
2025-10-31 17:00:00,22.83,72.37,Friday,0,0,4,9.81,0.0,1.0,0.18,0,0.307
2025-10-31 18:00:00,18.01,90.71,Friday,0,0,2,10.55,0.0,1.0,0.6,1,0.655
2025-10-31 19:00:00,22.48,79.49,Friday,0,0,1,12.03,0.0,0.78,0.36,0,0.425
2025-10-31 20:00:00,22.61,72.42,Friday,0,0,1,11.0,0.0,0.84,0.4,0,0.531
2025-10-31 21:00:00,21.87,78.41,Friday,0,0,3,12.12,0.0,0.43,0.95,0,0.284
2025-10-31 22:00:00,23.55,81.2,Friday,0,0,2,13.52,0.0,0.71,0.57,0,0.188
2025-10-31 23:00:00,22.1,77.94,Friday,0,0,1,15.6,0.0,1.0,0.83,0,0.797
2025-11-01 00:00:00,20.02,82.58,Saturday,1,0,3,14.12,0.0,0.75,0.1,0,0.41
2025-11-01 01:00:00,18.87,87.22,Saturday,1,1,3,14.39,0.0,0.98,0.08,0,0.921
2025-11-01 02:00:00,18.71,82.65,Saturday,1,0,2,14.22,0.0,0.74,0.18,0,0.662
2025-11-01 03:00:00,21.24,76.7,Saturday,1,0,1,15.66,0.0,0.72,0.17,0,0.32
2025-11-01 04:00:00,17.31,83.42,Saturday,1,0,1,13.4,0.0,0.89,0.18,0,0.588
2025-11-01 05:00:00,16.95,92.32,Saturday,1,0,1,9.1,0.0,0.02,0.09,0,0.531
2025-11-01 06:00:00,16.58,94.0,Saturday,1,0,2,10.24,0.0,0.84,0.04,0,0.209
2025-11-01 07:00:00,17.71,74.46,Saturday,1,0,3,8.25,0.0,0.19,0.12,0,0.319
2025-11-01 08:00:00,17.82,89.91,Saturday,1,0,3,7.16,0.0,0.73,0.04,0,0.718
2025-11-01 09:00:00,11.62,91.29,Saturday,1,0,2,6.47,0.0,0.54,0.07,0,0.264
2025-11-01 10:00:00,19.24,87.8,Saturday,1,1,2,7.36,0.0,0.46,0.19,0,0.401
2025-11-01 11:00:00,20.47,79.33,Saturday,1,0,1,3.95,0.0,1.0,0.17,0,0.474
2025-11-01 12:00:00,16.61,76.71,Saturday,1,0,1,5.31,0.0,1.0,0.09,0,0.715
2025-11-01 13:00:00,17.48,87.69,Saturday,1,0,0,0.0,0.0,0.0,0.0,0,0.364
2025-11-01 14:00:00,19.19,78.52,Saturday,1,0,1,5.34,0.0,1.0,0.12,0,0.421
2025-11-01 15:00:00,19.42,76.08,Saturday,1,0,3,5.51,0.0,1.0,0.15,0,0.312
2025-11-01 16:00:00,21.9,74.19,Saturday,1,0,1,6.37,0.0,0.71,0.04,0,0.322
2025-11-01 17:00:00,18.62,86.75,Saturday,1,0,1,8.07,0.0,0.28,0.18,0,0.46
2025-11-01 18:00:00,20.59,82.67,Saturday,1,0,2,11.11,0.0,0.73,0.81,0,0.519
2025-11-01 19:00:00,25.67,81.31,Saturday,1,0,1,10.76,0.0,0.59,0.59,0,0.423
2025-11-01 20:00:00,21.33,84.65,Saturday,1,0,0,0.0,0.0,0.0,0.0,0,0.168
2025-11-01 21:00:00,25.14,75.77,Saturday,1,0,2,11.8,0.0,0.85,0.8,0,0.757
2025-11-01 22:00:00,23.24,79.23,Saturday,1,0,2,13.62,0.0,0.59,0.31,0,0.44
2025-11-01 23:00:00,18.87,80.96,Saturday,1,0,3,15.17,0.0,1.0,0.33,0,0.459
2025-11-02 00:00:00,22.65,79.07,Sunday,1,1,3,12.5,0.0,0.62,0.07,0,0.533
2025-11-02 01:00:00,20.57,77.15,Sunday,1,0,0,0.0,0.0,0.0,0.0,0,0.202
2025-11-02 02:00:00,19.18,85.19,Sunday,1,0,2,13.44,0.0,0.91,0.01,0,0.586
2025-11-02 03:00:00,19.67,88.18,Sunday,1,0,2,16.0,0.0,0.74,0.11,0,0.675
2025-11-02 04:00:00,19.36,79.0,Sunday,1,0,0,0.0,0.0,0.0,0.0,0,0.186
2025-11-02 05:00:00,19.15,89.67,Sunday,1,0,1,8.54,0.0,0.79,0.19,0,0.475
2025-11-02 06:00:00,19.52,83.5,Sunday,1,0,2,10.42,0.0,0.4,0.01,0,0.401
2025-11-02 07:00:00,17.84,85.65,Sunday,1,0,3,8.23,0.0,0.83,0.0,0,0.308
2025-11-02 08:00:00,14.53,78.93,Sunday,1,0,2,7.93,0.0,0.52,0.16,0,0.455
2025-11-02 09:00:00,16.25,76.84,Sunday,1,0,2,8.89,0.0,0.79,0.15,0,0.525
2025-11-02 10:00:00,22.7,80.79,Sunday,1,0,1,6.73,0.0,0.6,0.03,0,0.425
2025-11-02 11:00:00,19.18,87.18,Sunday,1,0,3,4.83,0.0,0.7,0.19,0,0.418
2025-11-02 12:00:00,22.77,76.65,Sunday,1,0,1,2.9,0.0,0.76,0.17,0,0.325
2025-11-02 13:00:00,21.74,89.29,Sunday,1,0,3,6.48,0.0,0.93,0.05,0,0.41
2025-11-02 14:00:00,20.44,85.78,Sunday,1,0,1,6.43,0.0,0.61,0.14,0,0.552
2025-11-02 15:00:00,21.32,76.77,Sunday,1,0,3,8.2,0.0,0.05,0.09,0,0.404
2025-11-02 16:00:00,21.44,81.36,Sunday,1,0,2,7.29,0.0,0.51,0.11,0,0.36
2025-11-02 17:00:00,18.99,95.0,Sunday,1,0,2,9.15,0.0,0.78,0.16,0,0.274
2025-11-02 18:00:00,22.63,73.92,Sunday,1,0,3,9.63,0.0,1.0,0.35,0,0.32
2025-11-02 19:00:00,25.08,80.57,Sunday,1,0,1,11.42,0.0,0.82,0.84,0,0.58
2025-11-02 20:00:00,21.92,79.16,Sunday,1,0,0,0.0,0.0,0.0,0.0,0,0.195
2025-11-02 21:00:00,23.64,82.76,Sunday,1,0,4,14.01,0.0,0.79,0.43,0,0.897
2025-11-02 22:00:00,24.13,85.12,Sunday,1,0,2,14.9,0.0,0.8,0.91,0,1.262
2025-11-02 23:00:00,20.49,80.13,Sunday,1,0,0,0.0,0.0,0.0,0.0,0,0.272
2025-11-03 00:00:00,20.69,87.47,Monday,0,0,1,15.91,0.0,1.0,0.02,0,0.53
2025-11-03 01:00:00,18.95,94.55,Monday,0,0,3,16.0,0.0,1.0,0.02,0,0.495
2025-11-03 02:00:00,18.52,84.16,Monday,0,0,1,16.0,0.0,0.51,0.16,0,0.372
2025-11-03 03:00:00,16.91,89.21,Monday,0,0,3,12.01,0.0,0.81,0.12,0,0.537
2025-11-03 04:00:00,16.88,82.36,Monday,0,0,2,13.5,0.0,0.45,0.19,0,0.643
2025-11-03 05:00:00,20.44,82.2,Monday,0,0,2,13.3,0.0,1.0,0.19,0,0.496
2025-11-03 06:00:00,15.76,85.44,Monday,0,0,1,9.47,0.0,0.79,0.04,0,0.21
2025-11-03 07:00:00,17.33,88.89,Monday,0,0,2,10.8,0.0,0.75,0.17,0,0.469
2025-11-03 08:00:00,16.1,92.04,Monday,0,0,0,0.0,0.0,0.0,0.0,0,0.231
2025-11-03 09:00:00,19.23,82.65,Monday,0,0,2,6.57,0.0,0.69,0.03,0,0.633
2025-11-03 10:00:00,19.76,90.38,Monday,0,0,0,0.0,0.0,0.0,0.0,0,0.278
2025-11-03 11:00:00,19.44,90.66,Monday,0,0,0,0.0,0.0,0.0,0.0,0,0.195
2025-11-03 12:00:00,19.05,87.59,Monday,0,0,0,0.0,0.0,0.0,0.0,0,0.207
2025-11-03 13:00:00,18.81,80.99,Monday,0,0,0,0.0,0.0,0.0,0.0,0,0.295
2025-11-03 14:00:00,17.86,81.37,Monday,0,0,0,0.0,0.0,0.0,0.0,0,0.19
2025-11-03 15:00:00,24.28,74.59,Monday,0,0,0,0.0,0.0,0.0,0.0,0,0.405
2025-11-03 16:00:00,20.13,87.12,Monday,0,0,0,0.0,0.0,0.0,0.0,0,0.223
2025-11-03 17:00:00,23.32,73.46,Monday,0,0,0,0.0,0.0,0.0,0.0,0,0.359
2025-11-03 18:00:00,24.51,81.83,Monday,0,0,3,11.81,0.0,0.83,0.73,0,0.358
2025-11-03 19:00:00,21.9,75.38,Monday,0,0,2,14.09,0.0,0.79,0.47,1,0.75
2025-11-03 20:00:00,24.87,82.23,Monday,0,0,1,9.17,0.0,0.77,0.68,0,0.567
2025-11-03 21:00:00,24.28,78.74,Monday,0,0,1,14.32,0.0,0.57,0.77,0,0.68
2025-11-03 22:00:00,25.71,84.03,Monday,0,0,0,0.0,0.0,0.0,0.0,0,0.274
2025-11-03 23:00:00,21.28,87.06,Monday,0,0,3,12.79,0.0,0.82,0.52,0,0.742
2025-11-04 00:00:00,19.19,90.41,Tuesday,0,0,0,0.0,0.0,0.0,0.0,0,0.163
2025-11-04 01:00:00,19.87,89.92,Tuesday,0,0,4,13.41,0.0,0.74,0.11,0,0.353
2025-11-04 02:00:00,20.38,82.88,Tuesday,0,0,1,14.72,0.0,0.71,0.08,0,0.565
2025-11-04 03:00:00,19.33,77.31,Tuesday,0,0,3,13.58,0.0,0.5,0.19,0,0.946
2025-11-04 04:00:00,17.79,79.22,Tuesday,0,0,3,10.03,0.0,0.58,0.12,0,0.513
2025-11-04 05:00:00,14.44,77.07,Tuesday,0,0,3,12.28,0.0,0.63,0.04,0,0.269
2025-11-04 06:00:00,18.25,78.66,Tuesday,0,0,2,10.45,0.0,0.99,0.0,0,0.106
2025-11-04 07:00:00,20.65,82.26,Tuesday,0,0,2,8.76,0.0,0.44,0.11,0,0.289
2025-11-04 08:00:00,17.84,81.65,Tuesday,0,0,2,6.53,0.0,0.42,0.15,0,0.597
2025-11-04 09:00:00,18.2,83.22,Tuesday,0,0,0,0.0,0.0,0.0,0.0,0,0.234
2025-11-04 10:00:00,18.43,86.37,Tuesday,0,0,0,0.0,0.0,0.0,0.0,0,0.243
2025-11-04 11:00:00,18.6,82.24,Tuesday,0,0,0,0.0,0.0,0.0,0.0,0,0.194
2025-11-04 12:00:00,20.18,76.73,Tuesday,0,0,0,0.0,0.0,0.0,0.0,0,0.329
2025-11-04 13:00:00,19.94,82.29,Tuesday,0,0,0,0.0,0.0,0.0,0.0,0,0.365
2025-11-04 14:00:00,19.44,78.51,Tuesday,0,0,0,0.0,0.0,0.0,0.0,0,0.212
2025-11-04 15:00:00,19.35,81.74,Tuesday,0,0,0,0.0,0.0,0.0,0.0,0,0.171
2025-11-04 16:00:00,21.05,88.27,Tuesday,0,0,0,0.0,0.0,0.0,0.0,0,0.394
2025-11-04 17:00:00,22.69,78.73,Tuesday,0,0,3,9.33,0.0,0.38,0.01,0,0.341
2025-11-04 18:00:00,22.03,89.53,Tuesday,0,0,3,8.96,0.0,0.9,0.37,0,0.179
2025-11-04 19:00:00,23.47,86.54,Tuesday,0,0,3,11.07,0.0,0.53,0.46,0,0.484
2025-11-04 20:00:00,23.79,76.19,Tuesday,0,0,3,12.44,0.0,0.86,0.98,0,0.594
2025-11-04 21:00:00,24.4,72.99,Tuesday,0,0,2,15.78,0.0,0.59,0.44,0,0.094
2025-11-04 22:00:00,24.91,77.82,Tuesday,0,0,0,0.0,0.0,0.0,0.0,0,0.218
2025-11-04 23:00:00,22.26,86.23,Tuesday,0,0,3,12.72,0.0,0.76,0.6,0,0.817
2025-11-05 00:00:00,19.15,80.82,Wednesday,0,0,1,16.0,0.0,0.48,0.09,0,0.35
2025-11-05 01:00:00,20.16,86.9,Wednesday,0,0,4,15.29,0.0,1.0,0.19,0,0.424
2025-11-05 02:00:00,20.08,88.47,Wednesday,0,0,3,15.15,0.0,0.65,0.05,0,0.491
2025-11-05 03:00:00,15.92,82.3,Wednesday,0,0,2,14.5,0.0,0.61,0.08,0,0.384
2025-11-05 04:00:00,21.0,78.22,Wednesday,0,0,2,13.66,0.0,0.63,0.17,0,0.439
2025-11-05 05:00:00,18.14,87.74,Wednesday,0,0,2,12.64,0.0,0.85,0.1,0,0.555
2025-11-05 06:00:00,18.09,84.98,Wednesday,0,0,3,11.16,0.0,0.39,0.0,0,0.225
2025-11-05 07:00:00,19.56,79.46,Wednesday,0,0,3,10.4,0.0,0.78,0.11,0,0.345
2025-11-05 08:00:00,15.87,84.46,Wednesday,0,0,1,7.75,0.0,0.33,0.17,0,0.579
2025-11-05 09:00:00,18.14,83.82,Wednesday,0,0,3,8.07,0.0,0.73,0.14,0,0.467
2025-11-05 10:00:00,17.21,77.19,Wednesday,0,0,2,8.51,0.0,1.0,0.15,0,0.524
2025-11-05 11:00:00,17.55,88.53,Wednesday,0,0,0,0.0,0.0,0.0,0.0,0,0.304
2025-11-05 12:00:00,17.11,82.71,Wednesday,0,0,2,5.72,0.0,0.97,0.04,0,0.272
2025-11-05 13:00:00,22.22,66.58,Wednesday,0,0,0,0.0,0.0,0.0,0.0,0,0.149
2025-11-05 14:00:00,19.33,82.99,Wednesday,0,0,0,0.0,0.0,0.0,0.0,0,0.464
2025-11-05 15:00:00,22.04,76.96,Wednesday,0,0,0,0.0,0.0,0.0,0.0,0,0.252
2025-11-05 16:00:00,18.13,92.63,Wednesday,0,0,0,0.0,0.0,0.0,0.0,0,0.23
2025-11-05 17:00:00,24.25,75.75,Wednesday,0,0,0,0.0,0.0,0.0,0.0,0,0.337
2025-11-05 18:00:00,24.49,72.97,Wednesday,0,0,1,10.51,0.0,0.59,0.51,0,0.457
2025-11-05 19:00:00,23.07,82.27,Wednesday,0,0,2,13.58,0.0,0.69,0.39,0,0.342
2025-11-05 20:00:00,22.59,76.86,Wednesday,0,0,1,11.2,0.0,0.75,0.86,0,0.539
2025-11-05 21:00:00,23.62,75.35,Wednesday,0,0,3,14.17,0.0,0.66,0.35,0,0.341
2025-11-05 22:00:00,26.72,79.0,Wednesday,0,0,3,13.42,0.0,0.45,0.72,0,0.375
2025-11-05 23:00:00,18.95,78.24,Wednesday,0,0,3,15.98,0.0,1.0,0.99,0,0.819
2025-11-06 00:00:00,22.91,72.6,Thursday,0,0,2,16.0,0.0,1.0,0.07,0,0.528
2025-11-06 01:00:00,19.14,91.91,Thursday,0,0,2,16.0,0.0,0.83,0.17,0,0.484
2025-11-06 02:00:00,19.97,85.43,Thursday,0,0,2,13.69,0.0,0.82,0.06,0,0.687
2025-11-06 03:00:00,18.78,82.28,Thursday,0,0,2,13.75,0.0,0.8,0.08,0,0.56
2025-11-06 04:00:00,17.73,84.52,Thursday,0,0,1,13.71,0.0,0.64,0.08,0,0.336
2025-11-06 05:00:00,17.86,86.95,Thursday,0,0,3,12.28,0.0,0.61,0.12,0,0.317
2025-11-06 06:00:00,15.36,91.54,Thursday,0,0,1,6.27,0.0,1.0,0.18,0,0.346
2025-11-06 07:00:00,18.96,79.66,Thursday,0,0,3,7.67,0.0,0.91,0.13,0,0.611
2025-11-06 08:00:00,13.77,89.94,Thursday,0,0,2,8.36,0.0,0.42,0.17,0,0.273
2025-11-06 09:00:00,18.08,81.7,Thursday,0,0,0,0.0,0.0,0.0,0.0,0,0.452
2025-11-06 10:00:00,16.82,84.42,Thursday,0,0,0,0.0,0.0,0.0,0.0,0,0.323
2025-11-06 11:00:00,15.77,87.11,Thursday,0,0,0,0.0,0.0,0.0,0.0,0,0.2
2025-11-06 12:00:00,18.87,83.49,Thursday,0,0,0,0.0,0.0,0.0,0.0,0,0.193
2025-11-06 13:00:00,16.42,89.4,Thursday,0,0,2,6.07,0.0,0.38,0.18,0,0.481
2025-11-06 14:00:00,20.07,84.87,Thursday,0,0,0,0.0,0.0,0.0,0.0,0,0.203
2025-11-06 15:00:00,18.22,76.56,Thursday,0,0,1,7.99,0.0,1.0,0.09,0,0.434
2025-11-06 16:00:00,22.33,73.61,Thursday,0,0,0,0.0,0.0,0.0,0.0,0,0.309
2025-11-06 17:00:00,20.46,80.24,Thursday,0,0,1,8.43,0.0,1.0,0.0,0,0.363
2025-11-06 18:00:00,21.79,90.03,Thursday,0,1,3,10.04,0.0,0.83,0.58,0,0.745
2025-11-06 19:00:00,23.43,75.16,Thursday,0,0,3,9.89,0.0,0.78,0.62,0,0.801
2025-11-06 20:00:00,21.61,80.01,Thursday,0,0,1,14.1,0.0,0.51,0.91,1,1.509
2025-11-06 21:00:00,22.8,77.3,Thursday,0,0,1,12.57,0.0,0.59,0.42,0,0.224
2025-11-06 22:00:00,19.87,79.84,Thursday,0,0,2,14.18,0.0,0.66,0.32,0,0.571
2025-11-06 23:00:00,23.26,80.46,Thursday,0,0,2,16.0,0.0,0.39,0.5,0,0.612
2025-11-07 00:00:00,24.68,85.29,Friday,0,0,3,14.32,0.0,0.67,0.04,0,0.745
2025-11-07 01:00:00,25.8,79.56,Friday,0,0,2,14.32,0.0,0.53,0.02,0,0.803
2025-11-07 02:00:00,20.17,78.33,Friday,0,0,3,14.84,0.0,0.92,0.18,0,0.568
2025-11-07 03:00:00,20.64,95.0,Friday,0,0,1,12.92,0.0,0.0,0.04,0,0.407
2025-11-07 04:00:00,15.3,87.13,Friday,0,0,2,14.8,0.0,0.69,0.05,0,0.215
2025-11-07 05:00:00,20.59,79.09,Friday,0,0,4,9.92,0.0,0.51,0.14,0,0.363
2025-11-07 06:00:00,18.8,90.64,Friday,0,0,1,6.56,0.0,0.75,0.15,0,0.556
2025-11-07 07:00:00,16.23,83.55,Friday,0,0,2,9.97,0.0,1.0,0.08,0,0.245
2025-11-07 08:00:00,19.23,91.51,Friday,0,0,2,6.96,0.0,1.0,0.02,0,0.424
2025-11-07 09:00:00,16.65,81.17,Friday,0,0,2,5.25,0.0,0.63,0.1,1,0.467
2025-11-07 10:00:00,16.58,92.73,Friday,0,0,2,6.25,0.0,0.7,0.16,0,0.404
2025-11-07 11:00:00,18.74,84.64,Friday,0,0,3,5.8,0.0,0.54,0.18,0,0.315
2025-11-07 12:00:00,16.59,92.03,Friday,0,0,0,0.0,0.0,0.0,0.0,0,0.317
2025-11-07 13:00:00,21.06,91.05,Friday,0,0,3,6.95,0.0,0.93,0.14,1,0.967
2025-11-07 14:00:00,18.1,78.55,Friday,0,0,0,0.0,0.0,0.0,0.0,0,0.264
2025-11-07 15:00:00,18.89,89.88,Friday,0,0,4,9.43,0.0,1.0,0.04,0,0.212
2025-11-07 16:00:00,19.86,75.58,Friday,0,1,2,6.81,0.0,0.98,0.15,0,0.465
2025-11-07 17:00:00,23.49,74.12,Friday,0,0,2,8.94,0.0,0.97,0.11,0,0.656
2025-11-07 18:00:00,21.49,77.14,Friday,0,0,1,10.35,0.0,0.85,0.33,0,0.05
2025-11-07 19:00:00,20.47,84.59,Friday,0,0,3,10.8,0.0,0.52,0.59,0,0.482
2025-11-07 20:00:00,21.91,80.94,Friday,0,0,3,13.1,0.0,1.0,0.49,0,0.631
2025-11-07 21:00:00,22.84,79.11,Friday,0,0,1,14.25,0.0,0.67,0.48,0,0.733
2025-11-07 22:00:00,20.47,82.8,Friday,0,0,2,15.05,0.0,0.33,0.47,0,0.603
2025-11-07 23:00:00,20.05,85.41,Friday,0,0,4,14.34,0.0,0.77,0.56,0,0.708
2025-11-08 00:00:00,25.3,81.07,Saturday,1,0,2,14.69,0.0,0.46,0.07,0,0.55
2025-11-08 01:00:00,19.23,88.66,Saturday,1,0,2,13.98,0.0,0.6,0.13,0,0.628
2025-11-08 02:00:00,19.42,92.12,Saturday,1,0,4,13.2,0.0,0.93,0.05,0,0.605
2025-11-08 03:00:00,18.56,83.69,Saturday,1,0,0,0.0,0.0,0.0,0.0,0,0.232
2025-11-08 04:00:00,17.74,81.93,Saturday,1,0,4,14.77,0.0,0.74,0.14,0,0.346
2025-11-08 05:00:00,19.0,86.47,Saturday,1,0,3,14.35,0.0,1.0,0.07,0,0.5
2025-11-08 06:00:00,19.11,77.58,Saturday,1,0,2,11.97,0.0,0.19,0.01,0,0.326
2025-11-08 07:00:00,16.55,82.21,Saturday,1,0,1,8.01,0.0,1.0,0.11,0,0.602
2025-11-08 08:00:00,14.78,92.2,Saturday,1,0,1,8.11,0.0,0.79,0.15,0,0.237
2025-11-08 09:00:00,19.4,82.42,Saturday,1,0,2,3.39,0.0,0.73,0.15,0,0.463
2025-11-08 10:00:00,17.23,78.95,Saturday,1,0,0,0.0,0.0,0.0,0.0,0,0.139
2025-11-08 11:00:00,20.99,74.16,Saturday,1,0,2,4.59,0.0,0.91,0.15,0,0.486
2025-11-08 12:00:00,14.46,87.73,Saturday,1,0,3,7.81,0.0,1.0,0.04,0,0.647
2025-11-08 13:00:00,19.58,88.59,Saturday,1,0,3,5.56,0.0,0.69,0.15,0,0.433
2025-11-08 14:00:00,23.46,85.03,Saturday,1,0,2,5.75,0.0,0.72,0.01,0,0.33
2025-11-08 15:00:00,20.14,82.93,Saturday,1,0,4,6.36,0.0,0.9,0.15,0,0.521
2025-11-08 16:00:00,21.1,91.56,Saturday,1,0,3,7.06,0.0,0.23,0.01,0,0.488
2025-11-08 17:00:00,22.65,79.59,Saturday,1,0,4,9.5,0.0,0.73,0.15,0,0.517
2025-11-08 18:00:00,21.59,80.37,Saturday,1,1,3,9.01,0.0,0.87,0.95,0,0.812
2025-11-08 19:00:00,22.34,67.56,Saturday,1,0,0,0.0,0.0,0.0,0.0,0,0.12
2025-11-08 20:00:00,22.39,78.11,Saturday,1,0,2,14.65,0.0,0.55,0.88,0,0.692
2025-11-08 21:00:00,21.77,85.17,Saturday,1,0,4,13.7,0.0,0.71,0.55,0,0.483
2025-11-08 22:00:00,24.81,85.99,Saturday,1,0,2,13.86,0.0,0.6,0.41,0,0.352
2025-11-08 23:00:00,22.95,75.69,Saturday,1,0,2,14.72,0.0,0.69,0.78,0,0.567
2025-11-09 00:00:00,21.95,83.05,Sunday,1,0,0,0.0,0.0,0.0,0.0,0,0.186
2025-11-09 01:00:00,22.23,85.72,Sunday,1,0,1,15.04,0.0,1.0,0.06,0,0.445
2025-11-09 02:00:00,19.53,82.98,Sunday,1,0,1,13.42,0.0,0.47,0.04,0,0.666
2025-11-09 03:00:00,17.83,73.04,Sunday,1,0,2,14.75,0.0,0.96,0.03,0,0.405
2025-11-09 04:00:00,17.42,86.06,Sunday,1,0,3,11.43,0.0,0.6,0.03,0,0.422
2025-11-09 05:00:00,17.88,88.21,Sunday,1,0,1,10.94,0.0,0.83,0.05,0,0.686
2025-11-09 06:00:00,15.5,81.82,Sunday,1,0,2,10.34,0.0,0.91,0.18,0,0.435
2025-11-09 07:00:00,16.2,84.65,Sunday,1,0,3,7.5,0.0,1.0,0.08,0,0.542
2025-11-09 08:00:00,16.07,80.26,Sunday,1,0,2,4.82,0.0,0.85,0.0,0,0.148
2025-11-09 09:00:00,20.93,68.81,Sunday,1,0,4,7.14,0.0,0.65,0.06,0,0.355
2025-11-09 10:00:00,12.41,94.47,Sunday,1,0,0,0.0,0.0,0.0,0.0,0,0.313
2025-11-09 11:00:00,17.56,84.68,Sunday,1,0,0,0.0,0.0,0.0,0.0,0,0.217
2025-11-09 12:00:00,21.61,89.04,Sunday,1,0,1,6.17,0.0,0.79,0.1,0,0.397
2025-11-09 13:00:00,19.44,87.29,Sunday,1,0,4,5.8,0.0,0.42,0.03,0,0.512
2025-11-09 14:00:00,21.36,79.51,Sunday,1,0,0,0.0,0.0,0.0,0.0,0,0.247
2025-11-09 15:00:00,20.96,81.22,Sunday,1,0,3,5.12,0.0,0.65,0.13,0,0.324
2025-11-09 16:00:00,20.3,85.06,Sunday,1,0,1,6.85,0.0,0.93,0.18,1,0.173
2025-11-09 17:00:00,18.09,89.06,Sunday,1,0,4,9.57,0.0,0.44,0.1,0,0.505
2025-11-09 18:00:00,22.97,81.44,Sunday,1,0,4,9.8,0.0,0.62,0.36,0,0.397
2025-11-09 19:00:00,21.5,86.67,Sunday,1,0,0,0.0,0.0,0.0,0.0,0,0.321
2025-11-09 20:00:00,21.56,79.61,Sunday,1,0,3,11.18,0.0,0.68,0.97,0,0.827
2025-11-09 21:00:00,22.0,75.71,Sunday,1,0,4,12.88,0.0,0.77,0.97,0,0.404
2025-11-09 22:00:00,25.74,77.01,Sunday,1,0,2,14.88,0.0,0.79,0.57,0,0.565
2025-11-09 23:00:00,26.45,77.72,Sunday,1,0,1,14.99,0.0,0.8,0.83,0,0.895
2025-11-10 00:00:00,21.89,74.79,Monday,0,0,3,13.13,0.0,0.52,0.15,0,0.782
2025-11-10 01:00:00,19.94,75.87,Monday,0,0,2,16.0,0.0,0.95,0.1,0,0.663
2025-11-10 02:00:00,17.88,86.64,Monday,0,0,4,13.22,0.0,0.62,0.11,0,0.525
2025-11-10 03:00:00,20.07,80.41,Monday,0,0,2,14.2,0.0,0.75,0.07,0,0.545
2025-11-10 04:00:00,21.71,80.13,Monday,0,0,1,11.08,0.0,0.45,0.08,0,0.41
2025-11-10 05:00:00,17.44,83.01,Monday,0,0,0,0.0,0.0,0.0,0.0,0,0.344
2025-11-10 06:00:00,13.12,95.0,Monday,0,0,3,11.99,0.0,0.8,0.12,0,0.508
2025-11-10 07:00:00,18.31,90.33,Monday,0,0,0,0.0,0.0,0.0,0.0,0,0.498
2025-11-10 08:00:00,18.78,77.42,Monday,0,0,2,7.63,0.0,0.55,0.17,0,0.111
2025-11-10 09:00:00,14.25,85.01,Monday,0,0,0,0.0,0.0,0.0,0.0,0,0.115
2025-11-10 10:00:00,17.72,88.8,Monday,0,0,0,0.0,0.0,0.0,0.0,0,0.247
2025-11-10 11:00:00,18.69,86.69,Monday,0,0,0,0.0,0.0,0.0,0.0,0,0.263
2025-11-10 12:00:00,18.37,83.76,Monday,0,0,0,0.0,0.0,0.0,0.0,0,0.075
2025-11-10 13:00:00,17.8,78.79,Monday,0,0,0,0.0,0.0,0.0,0.0,0,0.262
2025-11-10 14:00:00,21.83,77.44,Monday,0,0,0,0.0,0.0,0.0,0.0,0,0.2
2025-11-10 15:00:00,20.05,79.87,Monday,0,0,0,0.0,0.0,0.0,0.0,0,0.433
2025-11-10 16:00:00,18.83,84.94,Monday,0,0,2,9.49,0.0,0.66,0.12,0,0.337
2025-11-10 17:00:00,18.43,92.43,Monday,0,0,3,7.55,0.0,1.0,0.16,0,0.491
2025-11-10 18:00:00,24.87,74.68,Monday,0,0,3,11.44,0.0,0.46,0.71,0,0.423
2025-11-10 19:00:00,24.01,73.76,Monday,0,0,3,9.44,0.0,0.84,0.46,0,0.599
2025-11-10 20:00:00,23.16,79.11,Monday,0,0,4,12.05,0.0,0.81,0.39,0,0.585
2025-11-10 21:00:00,22.11,85.76,Monday,0,0,0,0.0,0.0,0.0,0.0,0,0.187
2025-11-10 22:00:00,21.65,73.78,Monday,0,0,0,0.0,0.0,0.0,0.0,0,0.05
2025-11-10 23:00:00,20.19,89.6,Monday,0,0,2,16.0,0.0,0.41,0.34,0,0.509
2025-11-11 00:00:00,20.73,80.99,Tuesday,0,0,4,14.92,0.0,0.8,0.12,0,0.383
2025-11-11 01:00:00,16.96,81.56,Tuesday,0,0,0,0.0,0.0,0.0,0.0,0,0.222
2025-11-11 02:00:00,18.68,75.69,Tuesday,0,0,2,13.48,0.0,1.0,0.13,0,0.407
2025-11-11 03:00:00,18.67,87.23,Tuesday,0,0,3,13.09,0.0,0.69,0.03,0,0.582
2025-11-11 04:00:00,19.6,82.0,Tuesday,0,0,2,11.29,0.0,0.81,0.16,0,0.292
2025-11-11 05:00:00,17.81,85.33,Tuesday,0,0,1,11.5,0.0,0.74,0.11,0,0.637
2025-11-11 06:00:00,18.83,79.04,Tuesday,0,0,3,9.95,0.0,0.73,0.2,0,0.365
2025-11-11 07:00:00,19.53,81.33,Tuesday,0,0,4,8.02,0.0,1.0,0.15,0,0.642
2025-11-11 08:00:00,18.91,81.05,Tuesday,0,0,2,6.68,0.0,1.0,0.2,0,0.422
2025-11-11 09:00:00,17.95,83.84,Tuesday,0,0,0,0.0,0.0,0.0,0.0,0,0.229
2025-11-11 10:00:00,17.42,81.47,Tuesday,0,0,0,0.0,0.0,0.0,0.0,0,0.191
2025-11-11 11:00:00,16.11,78.33,Tuesday,0,0,0,0.0,0.0,0.0,0.0,0,0.236
2025-11-11 12:00:00,19.83,95.0,Tuesday,0,0,1,4.32,0.0,0.6,0.1,0,0.342
2025-11-11 13:00:00,22.25,73.66,Tuesday,0,0,0,0.0,0.0,0.0,0.0,0,0.141
2025-11-11 14:00:00,20.62,82.85,Tuesday,0,0,0,0.0,0.0,0.0,0.0,0,0.274
2025-11-11 15:00:00,24.23,69.83,Tuesday,0,0,3,3.72,0.0,1.0,0.02,0,0.491
2025-11-11 16:00:00,18.76,73.63,Tuesday,0,0,0,0.0,0.0,0.0,0.0,0,0.372
2025-11-11 17:00:00,20.05,82.95,Tuesday,0,0,1,10.05,0.0,0.6,0.07,0,0.366
2025-11-11 18:00:00,24.14,79.65,Tuesday,0,0,4,8.34,0.0,0.69,0.82,0,0.923
2025-11-11 19:00:00,23.38,85.77,Tuesday,0,0,0,0.0,0.0,0.0,0.0,0,0.29
2025-11-11 20:00:00,25.37,79.67,Tuesday,0,0,1,14.51,0.0,0.71,0.94,0,0.665
2025-11-11 21:00:00,22.87,79.17,Tuesday,0,0,0,0.0,0.0,0.0,0.0,0,0.211
2025-11-11 22:00:00,21.04,76.82,Tuesday,0,0,2,16.0,0.0,0.67,0.77,0,0.557
2025-11-11 23:00:00,21.74,88.43,Tuesday,0,0,1,13.46,0.0,0.92,0.53,0,0.744
2025-11-12 00:00:00,18.74,88.28,Wednesday,0,0,0,0.0,0.0,0.0,0.0,0,0.306
2025-11-12 01:00:00,18.75,77.4,Wednesday,0,0,2,14.35,0.0,0.49,0.16,0,0.62
2025-11-12 02:00:00,21.75,81.11,Wednesday,0,0,4,12.52,0.0,1.0,0.06,0,0.558
2025-11-12 03:00:00,20.8,82.5,Wednesday,0,0,4,14.14,0.0,0.54,0.16,0,0.582
2025-11-12 04:00:00,19.16,81.53,Wednesday,0,0,3,13.51,0.0,0.1,0.1,0,0.592
2025-11-12 05:00:00,14.78,91.06,Wednesday,0,0,3,12.69,0.0,0.79,0.13,0,0.637
2025-11-12 06:00:00,16.76,89.58,Wednesday,0,0,3,9.53,0.0,0.73,0.07,0,0.537
2025-11-12 07:00:00,14.9,86.14,Wednesday,0,0,2,10.78,0.0,0.79,0.17,0,0.437
2025-11-12 08:00:00,19.12,81.89,Wednesday,0,0,2,6.11,0.0,0.76,0.02,0,0.502
2025-11-12 09:00:00,16.05,93.55,Wednesday,0,0,2,6.67,0.0,1.0,0.04,0,0.544
2025-11-12 10:00:00,15.45,91.26,Wednesday,0,0,0,0.0,0.0,0.0,0.0,0,0.261
2025-11-12 11:00:00,17.93,84.72,Wednesday,0,0,0,0.0,0.0,0.0,0.0,0,0.214
2025-11-12 12:00:00,17.35,76.74,Wednesday,0,0,1,6.81,0.0,0.64,0.09,0,0.791
2025-11-12 13:00:00,21.9,82.51,Wednesday,0,0,0,0.0,0.0,0.0,0.0,0,0.276
2025-11-12 14:00:00,18.68,87.18,Wednesday,0,0,0,0.0,0.0,0.0,0.0,0,0.13
2025-11-12 15:00:00,18.26,70.29,Wednesday,0,0,0,0.0,0.0,0.0,0.0,0,0.141
2025-11-12 16:00:00,17.63,85.9,Wednesday,0,0,0,0.0,0.0,0.0,0.0,0,0.223
2025-11-12 17:00:00,22.07,78.56,Wednesday,0,0,0,0.0,0.0,0.0,0.0,0,0.293
2025-11-12 18:00:00,21.59,79.97,Wednesday,0,0,1,8.55,0.0,1.0,0.56,0,0.409
2025-11-12 19:00:00,20.33,77.67,Wednesday,0,0,1,10.67,0.0,0.53,0.51,0,0.692
2025-11-12 20:00:00,25.14,77.13,Wednesday,0,0,2,14.54,0.0,0.58,0.66,0,0.484
2025-11-12 21:00:00,24.1,85.77,Wednesday,0,0,1,15.09,0.0,1.0,0.33,0,0.379
2025-11-12 22:00:00,22.55,77.97,Wednesday,0,0,2,14.26,0.0,0.41,0.55,0,0.447
2025-11-12 23:00:00,24.58,83.21,Wednesday,0,0,0,0.0,0.0,0.0,0.0,0,0.228
2025-11-13 00:00:00,22.69,76.04,Thursday,0,0,1,13.94,0.0,1.0,0.05,0,0.525
2025-11-13 01:00:00,19.3,86.93,Thursday,0,0,3,16.0,0.0,1.0,0.09,0,0.401
2025-11-13 02:00:00,18.13,84.19,Thursday,0,0,3,16.0,0.0,0.35,0.09,0,0.509
2025-11-13 03:00:00,20.7,83.63,Thursday,0,0,0,0.0,0.0,0.0,0.0,0,0.113
2025-11-13 04:00:00,19.22,83.24,Thursday,0,0,1,12.39,0.0,0.91,0.08,0,0.448
2025-11-13 05:00:00,18.19,87.34,Thursday,0,0,1,12.35,0.0,0.94,0.02,0,0.478
2025-11-13 06:00:00,15.88,73.37,Thursday,0,1,3,9.91,0.0,0.75,0.19,0,0.481
2025-11-13 07:00:00,18.2,77.02,Thursday,0,0,1,5.97,0.0,0.58,0.13,0,0.305
2025-11-13 08:00:00,15.64,88.51,Thursday,0,0,3,9.8,0.0,0.68,0.04,0,0.458
2025-11-13 09:00:00,16.92,75.05,Thursday,0,0,0,0.0,0.0,0.0,0.0,0,0.341
2025-11-13 10:00:00,20.01,79.84,Thursday,0,0,3,6.23,0.0,0.44,0.05,0,0.161
2025-11-13 11:00:00,16.69,85.21,Thursday,0,0,0,0.0,0.0,0.0,0.0,0,0.334
2025-11-13 12:00:00,15.67,82.26,Thursday,0,0,0,0.0,0.0,0.0,0.0,0,0.286
2025-11-13 13:00:00,17.33,81.44,Thursday,0,0,2,1.2,0.0,0.68,0.15,0,0.591
2025-11-13 14:00:00,21.79,82.25,Thursday,0,0,0,0.0,0.0,0.0,0.0,0,0.311
2025-11-13 15:00:00,21.24,86.43,Thursday,0,0,3,9.12,0.0,0.66,0.11,0,0.268
2025-11-13 16:00:00,21.27,76.57,Thursday,0,0,1,8.28,0.0,1.0,0.14,0,0.297
2025-11-13 17:00:00,21.21,78.54,Thursday,0,1,2,5.78,0.0,0.35,0.04,0,0.31
2025-11-13 18:00:00,23.47,75.72,Thursday,0,0,2,8.76,0.0,0.75,0.47,0,0.534
2025-11-13 19:00:00,21.37,69.16,Thursday,0,0,0,0.0,0.0,0.0,0.0,0,0.181
2025-11-13 20:00:00,23.55,80.01,Thursday,0,0,1,11.33,0.0,0.46,0.76,0,0.413
2025-11-13 21:00:00,21.58,85.75,Thursday,0,0,4,13.29,0.0,0.8,0.45,0,0.874
2025-11-13 22:00:00,20.98,86.7,Thursday,0,0,2,16.0,0.0,0.52,0.58,0,0.563
2025-11-13 23:00:00,20.98,77.27,Thursday,0,1,3,16.0,0.0,0.44,0.8,0,0.694
2025-11-14 00:00:00,20.83,75.5,Friday,0,0,3,14.55,0.0,0.91,0.11,0,0.682
2025-11-14 01:00:00,20.69,81.99,Friday,0,1,4,14.45,0.0,1.0,0.1,0,0.874
2025-11-14 02:00:00,20.43,86.26,Friday,0,0,1,13.13,0.0,0.65,0.17,0,0.319
2025-11-14 03:00:00,12.59,89.95,Friday,0,0,3,15.17,0.0,0.9,0.08,0,0.718
2025-11-14 04:00:00,17.05,86.6,Friday,0,0,2,14.31,0.0,0.87,0.11,0,0.664
2025-11-14 05:00:00,17.18,90.75,Friday,0,0,1,9.29,0.0,0.79,0.12,0,0.675
2025-11-14 06:00:00,20.11,78.7,Friday,0,0,4,7.42,0.0,0.58,0.07,0,0.418
2025-11-14 07:00:00,15.16,85.76,Friday,0,0,2,8.23,0.0,0.5,0.01,0,0.366
2025-11-14 08:00:00,17.29,93.11,Friday,0,0,2,7.21,0.0,0.55,0.1,0,0.444
2025-11-14 09:00:00,19.79,81.7,Friday,0,0,2,6.85,0.0,0.71,0.1,1,0.911
2025-11-14 10:00:00,15.04,80.63,Friday,0,0,0,0.0,0.0,0.0,0.0,0,0.334
2025-11-14 11:00:00,18.59,80.42,Friday,0,0,1,4.1,0.0,0.46,0.1,0,0.306
2025-11-14 12:00:00,17.06,80.46,Friday,0,0,2,4.88,0.0,0.7,0.1,0,0.356
2025-11-14 13:00:00,18.32,85.8,Friday,0,0,0,0.0,0.0,0.0,0.0,0,0.26
2025-11-14 14:00:00,18.56,79.32,Friday,0,0,0,0.0,0.0,0.0,0.0,0,0.249
2025-11-14 15:00:00,19.46,84.34,Friday,0,0,0,0.0,0.0,0.0,0.0,0,0.188
2025-11-14 16:00:00,26.4,73.06,Friday,0,0,0,0.0,0.0,0.0,0.0,0,0.14
2025-11-14 17:00:00,23.64,68.6,Friday,0,0,3,10.04,0.0,0.81,0.06,0,0.328
2025-11-14 18:00:00,24.58,79.91,Friday,0,0,2,9.46,0.0,0.63,0.54,0,0.514
2025-11-14 19:00:00,23.79,79.84,Friday,0,0,2,9.9,0.0,0.71,0.51,0,0.798
2025-11-14 20:00:00,20.11,84.99,Friday,0,0,4,11.43,0.0,0.72,0.83,0,0.579
2025-11-14 21:00:00,23.61,75.89,Friday,0,0,2,14.69,0.0,0.79,0.36,0,0.183
2025-11-14 22:00:00,24.53,74.52,Friday,0,0,0,0.0,0.0,0.0,0.0,0,0.274
2025-11-14 23:00:00,20.59,83.98,Friday,0,0,3,14.16,0.0,0.64,0.47,0,0.796
2025-11-15 00:00:00,23.24,87.18,Saturday,1,0,1,13.28,0.0,0.69,0.08,0,0.61
2025-11-15 01:00:00,22.05,80.71,Saturday,1,0,3,15.78,0.0,0.78,0.05,0,0.63
2025-11-15 02:00:00,23.34,81.62,Saturday,1,0,1,15.02,0.0,0.01,0.18,0,0.476
2025-11-15 03:00:00,18.47,82.27,Saturday,1,0,2,15.72,0.0,0.89,0.1,0,0.723
2025-11-15 04:00:00,16.53,77.91,Saturday,1,0,2,13.39,0.0,0.51,0.08,0,0.32
2025-11-15 05:00:00,17.23,89.83,Saturday,1,0,3,11.91,0.0,0.68,0.18,0,0.696
2025-11-15 06:00:00,19.99,87.05,Saturday,1,0,1,10.87,0.0,0.58,0.19,0,0.43
2025-11-15 07:00:00,13.81,91.62,Saturday,1,0,3,8.32,0.0,0.94,0.09,0,0.744
2025-11-15 08:00:00,13.28,87.64,Saturday,1,0,4,7.67,0.0,1.0,0.0,0,0.485
2025-11-15 09:00:00,17.26,87.95,Saturday,1,0,1,7.86,0.0,0.72,0.01,0,0.508
2025-11-15 10:00:00,16.61,90.02,Saturday,1,0,3,4.44,0.0,0.73,0.12,0,0.454
2025-11-15 11:00:00,17.89,92.5,Saturday,1,0,0,0.0,0.0,0.0,0.0,0,0.171
2025-11-15 12:00:00,20.2,87.26,Saturday,1,0,1,5.96,0.0,0.75,0.18,0,0.285
2025-11-15 13:00:00,18.23,84.41,Saturday,1,0,4,8.2,0.0,1.0,0.18,0,0.654
2025-11-15 14:00:00,16.63,78.99,Saturday,1,0,2,3.91,0.0,1.0,0.16,0,0.198
2025-11-15 15:00:00,24.46,79.27,Saturday,1,0,2,4.7,0.0,0.71,0.17,0,0.411
2025-11-15 16:00:00,19.71,84.05,Saturday,1,0,2,8.06,0.0,0.89,0.17,0,0.709
2025-11-15 17:00:00,20.22,85.85,Saturday,1,0,1,8.89,0.0,0.54,0.17,0,0.25
2025-11-15 18:00:00,24.59,85.14,Saturday,1,0,3,9.31,0.0,0.56,0.68,0,0.703
2025-11-15 19:00:00,22.21,80.04,Saturday,1,0,1,9.39,0.0,0.49,0.63,0,0.659
2025-11-15 20:00:00,22.89,90.41,Saturday,1,0,1,12.1,0.0,1.0,0.6,0,0.896
2025-11-15 21:00:00,23.77,70.31,Saturday,1,0,4,13.86,0.0,0.93,0.57,0,0.802
2025-11-15 22:00:00,24.55,80.5,Saturday,1,0,4,12.37,0.0,0.65,0.51,0,0.49
2025-11-15 23:00:00,21.52,77.14,Saturday,1,0,2,14.21,0.0,0.8,0.72,0,1.013
2025-11-16 00:00:00,24.24,69.15,Sunday,1,0,1,15.57,0.0,0.94,0.19,0,0.574
2025-11-16 01:00:00,16.93,84.25,Sunday,1,0,2,16.0,0.0,1.0,0.03,0,0.541
2025-11-16 02:00:00,21.37,73.98,Sunday,1,0,3,13.9,0.0,0.85,0.13,0,0.381
2025-11-16 03:00:00,17.71,83.75,Sunday,1,0,1,12.33,0.0,0.77,0.19,0,0.163
2025-11-16 04:00:00,20.97,81.8,Sunday,1,0,1,12.67,0.0,1.0,0.04,0,0.591
2025-11-16 05:00:00,18.14,89.77,Sunday,1,0,3,10.98,0.0,0.47,0.17,0,0.505
2025-11-16 06:00:00,16.19,78.39,Sunday,1,0,0,0.0,0.0,0.0,0.0,0,0.148
2025-11-16 07:00:00,18.3,88.57,Sunday,1,0,1,8.03,0.0,1.0,0.08,0,0.659
2025-11-16 08:00:00,18.61,84.24,Sunday,1,0,1,6.62,0.0,0.64,0.18,0,0.399
2025-11-16 09:00:00,18.26,89.21,Sunday,1,0,3,6.5,0.0,1.0,0.01,0,0.376
2025-11-16 10:00:00,15.55,84.35,Sunday,1,0,2,4.57,0.0,1.0,0.09,0,0.444
2025-11-16 11:00:00,17.01,78.53,Sunday,1,0,1,4.35,0.0,1.0,0.1,0,0.57
2025-11-16 12:00:00,18.49,77.77,Sunday,1,0,0,0.0,0.0,0.0,0.0,0,0.346
2025-11-16 13:00:00,19.15,76.81,Sunday,1,0,0,0.0,0.0,0.0,0.0,0,0.184
2025-11-16 14:00:00,21.35,83.67,Sunday,1,0,1,5.81,0.0,0.62,0.19,0,0.523
2025-11-16 15:00:00,17.15,92.45,Sunday,1,0,2,10.46,0.0,0.59,0.06,0,0.393
2025-11-16 16:00:00,22.1,77.78,Sunday,1,0,1,5.6,0.0,0.84,0.1,0,0.367
2025-11-16 17:00:00,21.6,84.2,Sunday,1,0,2,10.07,0.0,0.59,0.0,0,0.36
2025-11-16 18:00:00,21.09,73.9,Sunday,1,0,2,9.88,0.0,0.94,0.85,1,1.263
2025-11-16 19:00:00,21.56,81.99,Sunday,1,0,2,9.2,0.0,1.0,0.58,0,0.837
2025-11-16 20:00:00,22.62,83.49,Sunday,1,0,2,11.93,0.0,0.7,0.87,0,0.735
2025-11-16 21:00:00,16.42,78.48,Sunday,1,0,2,11.27,0.0,0.84,0.54,0,0.187
2025-11-16 22:00:00,21.34,80.28,Sunday,1,0,2,14.45,0.0,0.64,0.75,0,0.417
2025-11-16 23:00:00,20.55,85.59,Sunday,1,0,1,14.37,0.0,0.87,0.37,0,0.599
2025-11-17 00:00:00,22.46,65.62,Monday,0,0,4,13.97,0.0,1.0,0.06,0,0.656
2025-11-17 01:00:00,19.33,89.78,Monday,0,0,1,13.24,0.0,0.85,0.19,0,0.353
2025-11-17 02:00:00,19.61,84.62,Monday,0,0,2,15.86,0.0,0.72,0.15,0,0.385
2025-11-17 03:00:00,22.0,84.28,Monday,0,0,0,0.0,0.0,0.0,0.0,0,0.271
2025-11-17 04:00:00,20.29,80.17,Monday,0,0,3,12.81,0.0,0.65,0.11,0,0.166
2025-11-17 05:00:00,19.5,74.33,Monday,0,0,1,11.56,0.0,0.65,0.13,0,0.611
2025-11-17 06:00:00,16.5,88.32,Monday,0,0,1,10.16,0.0,0.58,0.12,0,0.544
2025-11-17 07:00:00,18.08,83.81,Monday,0,0,2,8.22,0.0,0.36,0.18,0,0.312
2025-11-17 08:00:00,16.58,85.74,Monday,0,0,0,0.0,0.0,0.0,0.0,0,0.382
2025-11-17 09:00:00,16.75,90.86,Monday,0,0,0,0.0,0.0,0.0,0.0,0,0.328
2025-11-17 10:00:00,18.14,87.98,Monday,0,0,1,7.84,0.0,0.81,0.12,0,0.394
2025-11-17 11:00:00,16.81,94.98,Monday,0,0,1,5.2,0.0,0.51,0.15,0,0.493
2025-11-17 12:00:00,21.19,82.2,Monday,0,0,0,0.0,0.0,0.0,0.0,0,0.279
2025-11-17 13:00:00,18.94,80.0,Monday,0,0,0,0.0,0.0,0.0,0.0,0,0.239
2025-11-17 14:00:00,21.11,80.55,Monday,0,0,0,0.0,0.0,0.0,0.0,0,0.275
2025-11-17 15:00:00,23.4,81.52,Monday,0,0,0,0.0,0.0,0.0,0.0,0,0.31
2025-11-17 16:00:00,23.36,84.56,Monday,0,0,0,0.0,0.0,0.0,0.0,0,0.259
2025-11-17 17:00:00,19.59,75.54,Monday,0,0,1,8.29,0.0,0.78,0.13,0,0.326
2025-11-17 18:00:00,23.4,79.48,Monday,0,0,2,10.42,0.0,0.53,0.33,1,1.705
2025-11-17 19:00:00,24.43,86.56,Monday,0,1,3,12.23,0.0,1.0,0.8,0,0.234
2025-11-17 20:00:00,24.61,77.15,Monday,0,0,3,11.86,0.0,0.91,0.52,0,0.828
2025-11-17 21:00:00,20.9,86.35,Monday,0,0,1,15.09,0.0,0.42,0.87,0,0.454
2025-11-17 22:00:00,21.42,83.69,Monday,0,0,3,16.0,0.0,0.51,0.39,0,0.349
2025-11-17 23:00:00,23.91,83.76,Monday,0,0,3,14.44,0.0,0.73,0.47,0,0.543
2025-11-18 00:00:00,20.13,78.33,Tuesday,0,0,1,14.29,0.0,1.0,0.03,0,0.575
2025-11-18 01:00:00,20.24,78.26,Tuesday,0,0,1,14.67,0.0,0.66,0.05,0,0.611
2025-11-18 02:00:00,22.84,80.05,Tuesday,0,0,1,12.59,0.0,1.0,0.12,0,0.395
2025-11-18 03:00:00,19.14,75.61,Tuesday,0,0,2,11.03,0.0,0.83,0.09,0,0.593
2025-11-18 04:00:00,17.19,83.68,Tuesday,0,0,0,0.0,0.0,0.0,0.0,0,0.306
2025-11-18 05:00:00,16.3,87.09,Tuesday,0,0,2,9.85,0.0,0.65,0.09,0,0.553
2025-11-18 06:00:00,18.0,93.22,Tuesday,0,0,2,12.66,0.0,0.91,0.16,0,0.467
2025-11-18 07:00:00,14.7,89.28,Tuesday,0,0,1,8.02,0.0,0.96,0.17,0,0.401
2025-11-18 08:00:00,16.56,88.73,Tuesday,0,0,3,8.18,0.0,0.98,0.0,0,0.452
2025-11-18 09:00:00,17.7,90.39,Tuesday,0,0,2,5.52,0.0,0.8,0.18,0,0.358
2025-11-18 10:00:00,19.74,77.91,Tuesday,0,0,0,0.0,0.0,0.0,0.0,0,0.474
2025-11-18 11:00:00,19.08,82.5,Tuesday,0,0,0,0.0,0.0,0.0,0.0,0,0.358
2025-11-18 12:00:00,17.22,95.0,Tuesday,0,0,0,0.0,0.0,0.0,0.0,0,0.425
2025-11-18 13:00:00,21.35,80.89,Tuesday,0,0,3,6.18,0.0,0.76,0.02,0,0.598
2025-11-18 14:00:00,19.46,88.57,Tuesday,0,0,2,6.06,0.0,0.31,0.06,0,0.297
2025-11-18 15:00:00,18.55,88.62,Tuesday,0,0,0,0.0,0.0,0.0,0.0,0,0.346
2025-11-18 16:00:00,21.19,74.04,Tuesday,0,0,2,7.27,0.0,0.78,0.1,1,1.511
2025-11-18 17:00:00,24.71,79.81,Tuesday,0,0,3,8.87,0.0,0.43,0.19,0,0.489
2025-11-18 18:00:00,22.9,80.63,Tuesday,0,0,4,7.74,0.0,0.78,0.54,0,0.734
2025-11-18 19:00:00,22.92,81.52,Tuesday,0,0,2,12.55,0.0,0.49,0.47,0,0.456
2025-11-18 20:00:00,25.95,73.38,Tuesday,0,0,1,12.59,0.0,0.84,0.47,0,0.772
2025-11-18 21:00:00,20.32,76.62,Tuesday,0,0,2,13.35,0.0,0.9,0.98,0,0.612
2025-11-18 22:00:00,20.29,79.86,Tuesday,0,0,4,13.99,0.0,0.88,0.54,0,0.812
2025-11-18 23:00:00,19.21,82.72,Tuesday,0,0,2,14.41,0.0,1.0,0.92,0,0.703
2025-11-19 00:00:00,22.17,86.47,Wednesday,0,0,4,16.0,0.0,0.87,0.14,0,0.442
2025-11-19 01:00:00,21.08,90.62,Wednesday,0,0,2,13.44,0.0,0.95,0.14,0,0.491
2025-11-19 02:00:00,22.78,86.98,Wednesday,0,0,4,15.45,0.0,1.0,0.09,0,0.55
2025-11-19 03:00:00,19.66,87.1,Wednesday,0,0,1,11.13,0.0,0.64,0.0,0,0.599
2025-11-19 04:00:00,17.77,79.48,Wednesday,0,0,2,9.63,0.0,0.71,0.03,0,0.395
2025-11-19 05:00:00,17.88,82.36,Wednesday,0,0,2,13.41,0.0,0.66,0.05,0,0.527
2025-11-19 06:00:00,17.62,85.7,Wednesday,0,0,3,8.47,0.0,0.56,0.0,0,0.36
2025-11-19 07:00:00,14.09,84.65,Wednesday,0,0,2,8.86,0.0,0.68,0.04,0,0.474
2025-11-19 08:00:00,21.88,83.69,Wednesday,0,0,0,0.0,0.0,0.0,0.0,0,0.395
2025-11-19 09:00:00,18.04,87.87,Wednesday,0,0,0,0.0,0.0,0.0,0.0,0,0.153
2025-11-19 10:00:00,17.78,87.18,Wednesday,0,0,0,0.0,0.0,0.0,0.0,0,0.226
2025-11-19 11:00:00,18.99,88.54,Wednesday,0,0,0,0.0,0.0,0.0,0.0,0,0.182
2025-11-19 12:00:00,19.78,78.18,Wednesday,0,0,0,0.0,0.0,0.0,0.0,0,0.202
2025-11-19 13:00:00,18.97,88.09,Wednesday,0,0,0,0.0,0.0,0.0,0.0,0,0.184
2025-11-19 14:00:00,18.87,80.04,Wednesday,0,0,3,5.59,0.0,0.4,0.12,1,1.455
2025-11-19 15:00:00,21.86,76.12,Wednesday,0,0,0,0.0,0.0,0.0,0.0,0,0.35
2025-11-19 16:00:00,22.2,83.18,Wednesday,0,0,0,0.0,0.0,0.0,0.0,0,0.299
2025-11-19 17:00:00,20.67,87.98,Wednesday,0,0,2,6.3,0.0,1.0,0.14,0,0.414
2025-11-19 18:00:00,25.15,80.3,Wednesday,0,0,3,7.49,0.0,1.0,0.48,0,0.708
2025-11-19 19:00:00,23.43,79.52,Wednesday,0,0,2,10.64,0.0,0.72,0.65,0,0.742
2025-11-19 20:00:00,24.32,80.17,Wednesday,0,0,3,14.28,0.0,1.0,0.55,0,0.889
2025-11-19 21:00:00,25.4,78.32,Wednesday,0,0,1,14.0,0.0,0.41,0.47,0,0.486
2025-11-19 22:00:00,22.64,74.5,Wednesday,0,0,1,16.0,0.0,0.44,0.71,0,0.763
2025-11-19 23:00:00,22.69,73.86,Wednesday,0,0,4,14.94,0.0,1.0,0.75,0,0.531
2025-11-20 00:00:00,22.96,79.44,Thursday,0,0,2,16.0,0.0,0.52,0.19,0,0.056
2025-11-20 01:00:00,19.47,83.37,Thursday,0,0,4,16.0,0.0,0.74,0.09,0,0.672
2025-11-20 02:00:00,20.1,82.47,Thursday,0,0,1,12.91,0.0,0.31,0.16,0,0.364
2025-11-20 03:00:00,19.45,86.37,Thursday,0,0,2,13.64,0.0,0.04,0.09,0,0.562
2025-11-20 04:00:00,16.78,84.32,Thursday,0,0,2,11.42,0.0,0.49,0.05,0,0.464
2025-11-20 05:00:00,22.05,83.47,Thursday,0,0,4,11.08,0.0,0.66,0.1,0,0.672
2025-11-20 06:00:00,14.87,86.39,Thursday,0,0,4,12.49,0.0,0.52,0.09,0,0.266
2025-11-20 07:00:00,14.77,95.0,Thursday,0,0,1,7.74,0.0,0.91,0.05,0,0.259
2025-11-20 08:00:00,19.37,83.47,Thursday,0,1,3,5.72,0.0,1.0,0.07,1,1.605
2025-11-20 09:00:00,18.39,95.0,Thursday,0,0,0,0.0,0.0,0.0,0.0,0,0.315
2025-11-20 10:00:00,15.56,88.26,Thursday,0,0,0,0.0,0.0,0.0,0.0,0,0.318
2025-11-20 11:00:00,18.97,82.36,Thursday,0,0,3,10.79,0.0,0.88,0.06,0,0.212
2025-11-20 12:00:00,21.14,76.97,Thursday,0,0,3,7.21,0.0,0.44,0.19,0,0.473
2025-11-20 13:00:00,19.17,76.03,Thursday,0,0,0,0.0,0.0,0.0,0.0,0,0.455
2025-11-20 14:00:00,24.68,73.33,Thursday,0,0,2,5.62,0.0,0.76,0.03,0,0.395
2025-11-20 15:00:00,17.67,80.19,Thursday,0,0,3,5.52,0.0,0.54,0.01,0,0.403
2025-11-20 16:00:00,22.75,82.0,Thursday,0,0,0,0.0,0.0,0.0,0.0,0,0.168
2025-11-20 17:00:00,24.22,76.07,Thursday,0,0,3,6.94,0.0,0.79,0.02,0,0.425
2025-11-20 18:00:00,24.2,79.65,Thursday,0,0,4,8.45,0.0,0.93,0.92,0,0.681
2025-11-20 19:00:00,22.53,86.63,Thursday,0,0,3,10.44,0.0,0.28,0.98,0,0.341
2025-11-20 20:00:00,22.48,79.83,Thursday,0,0,1,11.46,0.0,0.58,0.36,0,0.378
2025-11-20 21:00:00,23.7,89.57,Thursday,0,0,2,14.51,0.0,0.87,0.96,0,0.92
2025-11-20 22:00:00,24.07,72.96,Thursday,0,0,2,13.83,0.0,0.94,0.81,0,0.382
2025-11-20 23:00:00,23.21,78.86,Thursday,0,0,1,16.0,0.0,1.0,0.81,0,0.635
2025-11-21 00:00:00,23.37,76.77,Friday,0,0,4,13.78,0.0,1.0,0.02,0,0.742
2025-11-21 01:00:00,18.94,88.13,Friday,0,1,2,16.0,0.0,0.58,0.15,0,0.595
2025-11-21 02:00:00,19.59,71.67,Friday,0,0,3,12.59,0.0,1.0,0.01,0,0.239
2025-11-21 03:00:00,17.53,77.5,Friday,0,0,2,14.46,0.0,0.89,0.12,0,0.559
2025-11-21 04:00:00,17.81,83.94,Friday,0,0,2,11.75,0.0,1.0,0.08,0,0.379
2025-11-21 05:00:00,19.71,90.52,Friday,0,0,1,12.63,0.0,0.87,0.09,0,0.194
2025-11-21 06:00:00,17.6,85.79,Friday,0,0,1,6.34,0.0,1.0,0.16,0,0.47
2025-11-21 07:00:00,21.8,74.13,Friday,0,0,2,7.53,0.0,1.0,0.01,0,0.202
2025-11-21 08:00:00,17.35,78.9,Friday,0,0,3,9.25,0.0,0.89,0.15,0,0.369
2025-11-21 09:00:00,17.21,93.37,Friday,0,0,0,0.0,0.0,0.0,0.0,0,0.367
2025-11-21 10:00:00,17.59,81.56,Friday,0,0,0,0.0,0.0,0.0,0.0,0,0.269
2025-11-21 11:00:00,16.73,80.73,Friday,0,0,0,0.0,0.0,0.0,0.0,0,0.28
2025-11-21 12:00:00,18.4,91.33,Friday,0,0,3,5.58,0.0,0.73,0.03,0,0.66
2025-11-21 13:00:00,21.26,86.43,Friday,0,0,0,0.0,0.0,0.0,0.0,0,0.298
2025-11-21 14:00:00,20.21,88.68,Friday,0,0,0,0.0,0.0,0.0,0.0,0,0.412
2025-11-21 15:00:00,19.35,78.33,Friday,0,0,0,0.0,0.0,0.0,0.0,0,0.361
2025-11-21 16:00:00,19.84,75.02,Friday,0,0,0,0.0,0.0,0.0,0.0,0,0.211
2025-11-21 17:00:00,21.31,81.98,Friday,0,0,1,10.25,0.0,0.46,0.05,0,0.733
2025-11-21 18:00:00,22.73,81.72,Friday,0,0,1,9.23,0.0,0.83,0.65,1,1.028
2025-11-21 19:00:00,25.05,79.78,Friday,0,1,3,13.52,0.0,1.0,0.71,0,0.66
2025-11-21 20:00:00,20.59,89.36,Friday,0,0,4,14.11,0.0,0.46,0.85,0,0.677
2025-11-21 21:00:00,22.32,71.74,Friday,0,0,1,13.34,0.0,0.79,0.71,0,0.575
2025-11-21 22:00:00,22.86,84.22,Friday,0,0,3,11.89,0.0,0.58,0.46,0,0.492
2025-11-21 23:00:00,18.82,78.08,Friday,0,0,2,11.28,0.0,1.0,0.92,0,0.708
2025-11-22 00:00:00,20.0,86.78,Saturday,1,0,4,16.0,0.0,1.0,0.05,0,0.411
2025-11-22 01:00:00,19.55,80.53,Saturday,1,0,3,12.41,0.0,0.89,0.19,0,0.672
2025-11-22 02:00:00,18.57,79.72,Saturday,1,0,3,12.95,0.0,0.97,0.02,0,0.699
2025-11-22 03:00:00,19.57,79.84,Saturday,1,0,2,14.25,0.0,1.0,0.15,0,0.556
2025-11-22 04:00:00,18.21,76.88,Saturday,1,0,3,10.55,0.0,0.94,0.01,0,0.462
2025-11-22 05:00:00,16.88,85.51,Saturday,1,0,2,14.95,0.0,0.54,0.17,0,0.602
2025-11-22 06:00:00,18.17,80.28,Saturday,1,0,1,10.36,0.0,0.64,0.03,0,0.378
2025-11-22 07:00:00,20.21,86.25,Saturday,1,0,4,10.92,0.0,0.64,0.12,0,0.522
2025-11-22 08:00:00,19.95,85.74,Saturday,1,0,3,9.06,0.0,0.32,0.07,1,0.997
2025-11-22 09:00:00,13.64,95.0,Saturday,1,0,1,2.66,0.0,0.99,0.12,0,0.436
2025-11-22 10:00:00,18.44,85.73,Saturday,1,0,0,0.0,0.0,0.0,0.0,0,0.221
2025-11-22 11:00:00,17.56,87.3,Saturday,1,0,0,0.0,0.0,0.0,0.0,0,0.228
2025-11-22 12:00:00,18.78,90.6,Saturday,1,0,2,4.91,0.0,0.57,0.14,0,0.552
2025-11-22 13:00:00,18.51,80.7,Saturday,1,0,0,0.0,0.0,0.0,0.0,0,0.153
2025-11-22 14:00:00,20.21,74.87,Saturday,1,0,2,7.25,0.0,0.89,0.09,0,0.405
2025-11-22 15:00:00,21.05,82.55,Saturday,1,0,2,8.93,0.0,1.0,0.13,0,0.494
2025-11-22 16:00:00,20.46,74.97,Saturday,1,0,2,5.71,0.0,0.97,0.12,0,0.396
2025-11-22 17:00:00,20.51,94.31,Saturday,1,0,4,8.82,0.0,0.72,0.13,0,0.367
2025-11-22 18:00:00,21.79,88.16,Saturday,1,0,4,12.1,0.0,0.74,0.81,1,1.627
2025-11-22 19:00:00,23.32,90.33,Saturday,1,0,1,10.98,0.0,0.46,0.45,0,0.684
2025-11-22 20:00:00,24.08,79.14,Saturday,1,0,2,12.8,0.0,0.91,0.32,0,0.466
2025-11-22 21:00:00,24.44,81.26,Saturday,1,0,1,13.86,0.0,0.73,0.45,0,0.296
2025-11-22 22:00:00,21.71,78.66,Saturday,1,0,3,16.0,0.0,0.52,0.81,0,0.759
2025-11-22 23:00:00,22.63,84.54,Saturday,1,0,0,0.0,0.0,0.0,0.0,0,0.36
2025-11-23 00:00:00,23.23,73.51,Sunday,1,0,2,16.0,0.0,1.0,0.07,0,0.355
2025-11-23 01:00:00,22.88,67.2,Sunday,1,0,3,16.0,0.0,0.71,0.11,0,0.581
2025-11-23 02:00:00,19.9,78.64,Sunday,1,0,3,13.99,0.0,0.61,0.03,0,0.596
2025-11-23 03:00:00,18.83,76.28,Sunday,1,0,2,13.99,0.0,0.61,0.05,0,0.633
2025-11-23 04:00:00,18.85,90.93,Sunday,1,0,2,15.58,0.0,0.85,0.01,0,0.463
2025-11-23 05:00:00,15.81,95.0,Sunday,1,0,2,9.58,0.0,0.45,0.14,0,0.591
2025-11-23 06:00:00,17.06,78.14,Sunday,1,0,2,11.14,0.0,0.77,0.1,0,0.436
2025-11-23 07:00:00,18.44,90.36,Sunday,1,0,2,9.86,0.0,0.65,0.01,0,0.466
2025-11-23 08:00:00,18.16,88.92,Sunday,1,0,1,7.09,0.0,0.88,0.06,0,0.528
2025-11-23 09:00:00,16.62,77.7,Sunday,1,0,0,0.0,0.0,0.0,0.0,0,0.283
2025-11-23 10:00:00,17.8,82.53,Sunday,1,0,1,5.31,0.0,0.47,0.07,0,0.38
2025-11-23 11:00:00,16.4,82.84,Sunday,1,0,2,6.22,0.0,0.92,0.0,0,0.504
2025-11-23 12:00:00,19.77,86.45,Sunday,1,0,4,7.21,0.0,0.86,0.06,0,0.494
2025-11-23 13:00:00,19.09,77.18,Sunday,1,0,3,6.28,0.0,0.7,0.02,1,1.268
2025-11-23 14:00:00,19.5,82.45,Sunday,1,0,3,3.78,0.0,0.64,0.0,0,0.362
2025-11-23 15:00:00,20.13,78.96,Sunday,1,0,0,0.0,0.0,0.0,0.0,0,0.301
2025-11-23 16:00:00,21.39,83.62,Sunday,1,0,0,0.0,0.0,0.0,0.0,0,0.417
2025-11-23 17:00:00,21.32,80.23,Sunday,1,0,2,8.34,0.0,0.52,0.18,0,0.361
2025-11-23 18:00:00,23.78,76.42,Sunday,1,0,2,9.02,0.0,0.58,0.65,0,0.396
2025-11-23 19:00:00,22.19,79.46,Sunday,1,0,0,0.0,0.0,0.0,0.0,0,0.202
2025-11-23 20:00:00,25.87,87.4,Sunday,1,0,2,14.11,0.0,0.61,0.82,0,0.559
2025-11-23 21:00:00,25.54,75.43,Sunday,1,0,1,10.72,0.0,0.97,0.93,0,0.662
2025-11-23 22:00:00,20.99,76.4,Sunday,1,0,3,15.98,0.0,0.72,0.74,0,0.23
2025-11-23 23:00:00,22.25,83.39,Sunday,1,0,1,14.15,0.0,0.63,0.39,0,0.244
2025-11-24 00:00:00,20.33,81.48,Monday,0,0,1,15.43,0.0,0.83,0.15,0,0.612
2025-11-24 01:00:00,20.19,75.25,Monday,0,0,0,0.0,0.0,0.0,0.0,0,0.131
2025-11-24 02:00:00,23.61,90.41,Monday,0,0,0,0.0,0.0,0.0,0.0,0,0.337
2025-11-24 03:00:00,18.67,81.93,Monday,0,0,2,12.52,0.0,0.67,0.07,0,0.69
2025-11-24 04:00:00,19.15,81.38,Monday,0,0,1,11.13,0.0,0.24,0.02,0,0.051
2025-11-24 05:00:00,18.85,84.33,Monday,0,0,1,12.43,0.0,0.26,0.0,0,0.481
2025-11-24 06:00:00,15.6,95.0,Monday,0,0,2,10.45,0.0,0.52,0.14,0,0.407
2025-11-24 07:00:00,15.56,78.09,Monday,0,0,2,11.61,0.0,0.45,0.18,0,0.399
2025-11-24 08:00:00,14.83,88.53,Monday,0,0,1,8.27,0.0,0.91,0.06,0,0.545
2025-11-24 09:00:00,15.51,95.0,Monday,0,0,3,5.49,0.0,1.0,0.13,0,0.47
2025-11-24 10:00:00,12.27,90.1,Monday,0,0,0,0.0,0.0,0.0,0.0,0,0.323
2025-11-24 11:00:00,18.86,77.35,Monday,0,0,0,0.0,0.0,0.0,0.0,0,0.324
2025-11-24 12:00:00,22.2,77.43,Monday,0,0,1,4.22,0.0,0.4,0.06,0,0.404
2025-11-24 13:00:00,19.49,83.99,Monday,0,0,0,0.0,0.0,0.0,0.0,0,0.177
2025-11-24 14:00:00,17.45,91.45,Monday,0,0,0,0.0,0.0,0.0,0.0,0,0.372
2025-11-24 15:00:00,19.62,81.14,Monday,0,0,1,8.04,0.0,0.29,0.12,0,0.561
2025-11-24 16:00:00,20.68,86.03,Monday,0,0,0,0.0,0.0,0.0,0.0,0,0.45
2025-11-24 17:00:00,20.29,75.06,Monday,0,0,1,11.65,0.0,0.48,0.14,0,0.484
2025-11-24 18:00:00,24.15,71.55,Monday,0,0,2,11.49,0.0,1.0,0.92,0,0.831
2025-11-24 19:00:00,24.36,76.16,Monday,0,0,2,9.45,0.0,0.93,0.43,0,0.875
2025-11-24 20:00:00,20.92,88.86,Monday,0,0,4,13.31,0.0,0.68,0.33,0,0.525
2025-11-24 21:00:00,24.2,79.06,Monday,0,0,3,15.97,0.0,0.81,0.39,0,0.532
2025-11-24 22:00:00,25.35,79.14,Monday,0,0,3,12.05,0.0,0.79,0.61,0,0.824
2025-11-24 23:00:00,25.55,78.9,Monday,0,0,2,14.81,0.0,0.77,0.35,0,0.543
2025-11-25 00:00:00,26.66,82.05,Tuesday,0,0,1,13.4,0.0,1.0,0.16,0,0.74
2025-11-25 01:00:00,19.15,80.21,Tuesday,0,0,1,15.02,0.0,1.0,0.08,0,0.408
2025-11-25 02:00:00,25.09,81.36,Tuesday,0,0,2,16.0,0.0,1.0,0.19,0,0.418
2025-11-25 03:00:00,18.59,79.62,Tuesday,0,0,2,15.55,0.0,0.83,0.09,0,0.558
2025-11-25 04:00:00,17.44,94.72,Tuesday,0,0,1,12.22,0.0,0.67,0.07,0,0.491
2025-11-25 05:00:00,18.47,79.88,Tuesday,0,0,1,12.29,0.0,0.44,0.19,0,0.322
2025-11-25 06:00:00,16.36,81.37,Tuesday,0,0,3,7.74,0.0,0.5,0.08,0,0.614
2025-11-25 07:00:00,17.82,87.21,Tuesday,0,0,2,6.08,0.0,1.0,0.07,0,0.337
2025-11-25 08:00:00,14.63,87.74,Tuesday,0,0,0,0.0,0.0,0.0,0.0,0,0.264
2025-11-25 09:00:00,16.67,87.13,Tuesday,0,0,0,0.0,0.0,0.0,0.0,0,0.198
2025-11-25 10:00:00,19.72,83.89,Tuesday,0,0,0,0.0,0.0,0.0,0.0,0,0.267
2025-11-25 11:00:00,17.78,79.05,Tuesday,0,0,0,0.0,0.0,0.0,0.0,0,0.241
2025-11-25 12:00:00,18.76,91.69,Tuesday,0,0,0,0.0,0.0,0.0,0.0,0,0.267
2025-11-25 13:00:00,20.08,86.9,Tuesday,0,0,0,0.0,0.0,0.0,0.0,0,0.226
2025-11-25 14:00:00,22.11,87.4,Tuesday,0,0,0,0.0,0.0,0.0,0.0,0,0.323
2025-11-25 15:00:00,17.8,81.84,Tuesday,0,0,0,0.0,0.0,0.0,0.0,0,0.204
2025-11-25 16:00:00,22.55,82.28,Tuesday,0,0,0,0.0,0.0,0.0,0.0,0,0.325
2025-11-25 17:00:00,21.64,82.01,Tuesday,0,0,2,7.77,0.0,0.78,0.0,0,0.62
2025-11-25 18:00:00,22.9,85.53,Tuesday,0,0,1,8.96,0.0,0.76,0.82,0,0.489
2025-11-25 19:00:00,24.81,83.97,Tuesday,0,0,3,8.59,0.0,0.61,0.52,0,0.579
2025-11-25 20:00:00,20.85,82.7,Tuesday,0,0,4,11.96,0.0,0.67,0.38,0,0.708
2025-11-25 21:00:00,21.08,73.94,Tuesday,0,0,2,15.39,0.0,0.63,0.8,0,0.724
2025-11-25 22:00:00,19.12,92.19,Tuesday,0,0,1,13.7,0.0,0.21,0.93,0,0.62
2025-11-25 23:00:00,21.13,84.26,Tuesday,0,0,0,0.0,0.0,0.0,0.0,0,0.287
2025-11-26 00:00:00,23.9,75.95,Wednesday,0,0,3,13.94,0.0,0.36,0.16,0,0.518
2025-11-26 01:00:00,20.56,84.03,Wednesday,0,0,3,12.9,0.0,0.53,0.06,0,0.596
2025-11-26 02:00:00,17.59,77.11,Wednesday,0,0,0,0.0,0.0,0.0,0.0,0,0.36
2025-11-26 03:00:00,18.35,89.26,Wednesday,0,0,4,13.87,0.0,0.69,0.2,0,0.323
2025-11-26 04:00:00,15.82,78.9,Wednesday,0,0,2,16.0,0.0,1.0,0.07,0,0.344
2025-11-26 05:00:00,15.86,85.13,Wednesday,0,0,1,12.76,0.0,0.55,0.18,0,0.457
2025-11-26 06:00:00,18.1,85.43,Wednesday,0,0,2,10.93,0.0,0.65,0.18,0,0.542
2025-11-26 07:00:00,14.99,92.2,Wednesday,0,0,2,11.69,0.0,0.79,0.03,0,0.347
2025-11-26 08:00:00,19.0,83.93,Wednesday,0,0,3,8.2,0.0,0.74,0.05,0,0.449
2025-11-26 09:00:00,16.98,88.4,Wednesday,0,0,2,8.08,0.0,1.0,0.03,0,0.338
2025-11-26 10:00:00,17.56,84.56,Wednesday,0,0,3,5.99,0.0,0.91,0.06,0,0.564
2025-11-26 11:00:00,17.38,84.7,Wednesday,0,0,0,0.0,0.0,0.0,0.0,0,0.103
2025-11-26 12:00:00,19.89,83.02,Wednesday,0,0,0,0.0,0.0,0.0,0.0,0,0.268
2025-11-26 13:00:00,20.63,80.98,Wednesday,0,0,2,4.71,0.0,0.95,0.08,0,0.425
2025-11-26 14:00:00,20.6,73.52,Wednesday,0,0,4,4.83,0.0,0.5,0.2,0,0.544
2025-11-26 15:00:00,21.79,77.04,Wednesday,0,0,0,0.0,0.0,0.0,0.0,0,0.223
2025-11-26 16:00:00,21.12,82.72,Wednesday,0,0,0,0.0,0.0,0.0,0.0,0,0.061
2025-11-26 17:00:00,23.1,78.47,Wednesday,0,0,1,10.85,0.0,0.58,0.19,0,0.554
2025-11-26 18:00:00,21.99,79.93,Wednesday,0,0,4,9.45,0.0,1.0,0.67,0,0.773
2025-11-26 19:00:00,22.9,78.27,Wednesday,0,0,3,11.08,0.0,0.33,0.49,0,0.834
2025-11-26 20:00:00,22.51,75.93,Wednesday,0,0,0,0.0,0.0,0.0,0.0,0,0.327
2025-11-26 21:00:00,22.08,78.17,Wednesday,0,0,1,14.7,0.0,0.91,0.32,0,0.68
2025-11-26 22:00:00,21.36,79.74,Wednesday,0,0,2,14.34,0.0,0.79,0.79,0,0.708
2025-11-26 23:00:00,22.96,79.86,Wednesday,0,0,0,0.0,0.0,0.0,0.0,0,0.443
2025-11-27 00:00:00,23.86,80.99,Thursday,0,0,1,14.0,0.0,0.66,0.11,0,0.409
2025-11-27 01:00:00,22.89,79.0,Thursday,0,0,2,14.19,0.0,0.87,0.16,0,0.537
2025-11-27 02:00:00,17.74,79.39,Thursday,0,0,4,13.79,0.0,0.4,0.0,0,0.354
2025-11-27 03:00:00,21.55,74.12,Thursday,0,0,3,13.91,0.0,0.0,0.16,0,0.652
2025-11-27 04:00:00,17.93,95.0,Thursday,0,0,2,13.2,0.0,0.77,0.05,0,0.472
2025-11-27 05:00:00,18.96,77.79,Thursday,0,0,4,9.87,0.0,0.56,0.14,0,0.841
2025-11-27 06:00:00,15.77,83.71,Thursday,0,0,3,10.61,0.0,0.52,0.15,0,0.562
2025-11-27 07:00:00,17.36,87.46,Thursday,0,0,4,9.61,0.0,0.36,0.17,0,0.501
2025-11-27 08:00:00,17.57,86.49,Thursday,0,0,4,6.8,0.0,1.0,0.19,0,0.539
2025-11-27 09:00:00,14.43,90.12,Thursday,0,0,0,0.0,0.0,0.0,0.0,0,0.297
2025-11-27 10:00:00,18.5,81.64,Thursday,0,0,0,0.0,0.0,0.0,0.0,0,0.07
2025-11-27 11:00:00,20.3,83.42,Thursday,0,0,4,2.91,0.0,0.71,0.15,0,0.452
2025-11-27 12:00:00,18.19,84.44,Thursday,0,0,0,0.0,0.0,0.0,0.0,0,0.289
2025-11-27 13:00:00,21.67,79.43,Thursday,0,0,0,0.0,0.0,0.0,0.0,0,0.242
2025-11-27 14:00:00,19.66,84.03,Thursday,0,0,0,0.0,0.0,0.0,0.0,0,0.229
2025-11-27 15:00:00,22.31,85.7,Thursday,0,0,1,9.36,0.0,1.0,0.09,0,0.341
2025-11-27 16:00:00,17.51,84.63,Thursday,0,0,0,0.0,0.0,0.0,0.0,0,0.226
2025-11-27 17:00:00,26.48,76.59,Thursday,0,0,2,8.78,0.0,0.94,0.15,0,0.495
2025-11-27 18:00:00,25.29,83.08,Thursday,0,0,1,10.51,0.0,1.0,0.88,0,0.559
2025-11-27 19:00:00,22.39,85.16,Thursday,0,0,1,9.69,0.0,0.94,0.72,1,0.913
2025-11-27 20:00:00,19.45,90.91,Thursday,0,0,3,13.86,0.0,0.59,0.3,0,0.36
2025-11-27 21:00:00,23.42,70.64,Thursday,0,0,1,14.11,0.0,0.77,0.4,0,0.531
2025-11-27 22:00:00,20.0,87.02,Thursday,0,0,3,12.91,0.0,0.98,0.91,0,0.786
2025-11-27 23:00:00,22.92,82.88,Thursday,0,0,2,15.39,0.0,0.49,0.39,0,0.513
2025-11-28 00:00:00,22.24,76.05,Friday,0,0,2,16.0,0.0,0.68,0.06,0,0.459
2025-11-28 01:00:00,19.08,84.58,Friday,0,0,3,12.83,0.0,0.35,0.14,0,0.58
2025-11-28 02:00:00,22.02,85.94,Friday,0,0,2,15.92,0.0,1.0,0.01,0,0.526
2025-11-28 03:00:00,20.68,77.75,Friday,0,0,2,12.86,0.0,0.85,0.03,0,0.454
2025-11-28 04:00:00,20.26,84.48,Friday,0,0,0,0.0,0.0,0.0,0.0,0,0.439
2025-11-28 05:00:00,17.9,88.75,Friday,0,0,2,12.75,0.0,0.37,0.18,0,0.64
2025-11-28 06:00:00,14.86,81.77,Friday,0,0,2,12.01,0.0,1.0,0.11,0,0.71
2025-11-28 07:00:00,18.86,82.81,Friday,0,0,2,7.02,0.0,0.83,0.12,0,0.417
2025-11-28 08:00:00,16.52,87.14,Friday,0,0,0,0.0,0.0,0.0,0.0,0,0.169
2025-11-28 09:00:00,14.6,83.38,Friday,0,0,0,0.0,0.0,0.0,0.0,0,0.265
2025-11-28 10:00:00,19.84,78.25,Friday,0,0,3,4.74,0.0,0.51,0.18,0,0.333
2025-11-28 11:00:00,21.66,80.33,Friday,0,0,0,0.0,0.0,0.0,0.0,0,0.288
2025-11-28 12:00:00,18.43,87.92,Friday,0,0,0,0.0,0.0,0.0,0.0,0,0.323
2025-11-28 13:00:00,23.11,82.92,Friday,0,0,2,7.28,0.0,0.8,0.18,0,0.412
2025-11-28 14:00:00,20.17,78.04,Friday,0,0,3,7.28,0.0,0.29,0.01,1,0.694
2025-11-28 15:00:00,20.09,85.68,Friday,0,0,0,0.0,0.0,0.0,0.0,0,0.249
2025-11-28 16:00:00,20.37,77.99,Friday,0,0,2,4.49,0.0,0.96,0.1,1,0.967
2025-11-28 17:00:00,25.07,69.89,Friday,0,0,2,8.16,0.0,0.7,0.12,0,0.542
2025-11-28 18:00:00,21.2,79.59,Friday,0,0,2,11.51,0.0,0.88,0.48,0,0.617
2025-11-28 19:00:00,24.22,84.31,Friday,0,0,4,8.76,0.0,0.88,0.69,0,0.519
2025-11-28 20:00:00,22.0,83.98,Friday,0,0,1,11.72,0.0,0.24,0.91,0,0.575
2025-11-28 21:00:00,22.07,80.63,Friday,0,0,1,14.13,0.0,1.0,0.79,0,0.159
2025-11-28 22:00:00,24.45,76.41,Friday,0,0,3,12.59,0.0,0.61,0.54,0,0.726
2025-11-28 23:00:00,21.44,79.26,Friday,0,0,2,16.0,0.0,0.57,0.98,0,0.762
2025-11-29 00:00:00,20.77,82.35,Saturday,1,0,2,16.0,0.0,0.58,0.02,0,0.712
2025-11-29 01:00:00,22.82,74.62,Saturday,1,0,2,15.19,0.0,1.0,0.16,0,0.557
2025-11-29 02:00:00,22.88,78.17,Saturday,1,0,0,0.0,0.0,0.0,0.0,0,0.417
2025-11-29 03:00:00,20.39,81.08,Saturday,1,0,2,12.72,0.0,0.87,0.15,0,0.813
2025-11-29 04:00:00,17.32,78.15,Saturday,1,0,3,13.38,0.0,0.63,0.16,0,0.26
2025-11-29 05:00:00,16.96,81.04,Saturday,1,0,2,10.4,0.0,1.0,0.16,0,0.338
2025-11-29 06:00:00,17.55,86.76,Saturday,1,0,3,9.7,0.0,0.75,0.2,0,0.493
2025-11-29 07:00:00,17.68,84.63,Saturday,1,0,3,7.97,0.0,0.59,0.05,0,0.283
2025-11-29 08:00:00,15.22,85.26,Saturday,1,0,3,9.65,0.0,1.0,0.01,0,0.445
2025-11-29 09:00:00,18.41,79.38,Saturday,1,0,2,8.28,0.0,0.72,0.1,0,0.361
2025-11-29 10:00:00,17.56,92.58,Saturday,1,0,0,0.0,0.0,0.0,0.0,0,0.238
2025-11-29 11:00:00,14.79,83.0,Saturday,1,0,2,7.18,0.0,0.54,0.04,1,1.426
2025-11-29 12:00:00,16.83,86.61,Saturday,1,0,0,0.0,0.0,0.0,0.0,0,0.327
2025-11-29 13:00:00,18.32,81.57,Saturday,1,0,3,7.95,0.0,1.0,0.08,0,0.678
2025-11-29 14:00:00,19.87,82.8,Saturday,1,0,2,8.03,0.0,0.87,0.12,0,0.447
2025-11-29 15:00:00,24.18,81.03,Saturday,1,0,4,9.75,0.0,0.68,0.09,0,0.639
2025-11-29 16:00:00,21.93,73.91,Saturday,1,0,2,7.94,0.0,0.52,0.2,1,1.417
2025-11-29 17:00:00,20.61,81.92,Saturday,1,0,3,8.29,0.0,0.47,0.16,0,0.363
2025-11-29 18:00:00,23.0,85.76,Saturday,1,0,3,9.55,0.0,0.43,0.53,0,0.68
2025-11-29 19:00:00,22.27,89.27,Saturday,1,0,4,11.86,0.0,0.99,0.77,0,0.522
2025-11-29 20:00:00,23.59,78.62,Saturday,1,0,4,10.98,0.0,0.95,0.51,0,0.577
2025-11-29 21:00:00,23.94,79.16,Saturday,1,0,2,9.92,0.0,0.88,0.52,0,0.493
2025-11-29 22:00:00,24.78,89.26,Saturday,1,0,0,0.0,0.0,0.0,0.0,0,0.19
2025-11-29 23:00:00,22.08,86.3,Saturday,1,0,2,14.89,0.0,0.68,0.69,0,0.27
2025-11-30 00:00:00,24.45,75.41,Sunday,1,0,3,15.83,0.0,0.83,0.13,0,0.387
2025-11-30 01:00:00,22.41,77.23,Sunday,1,0,3,15.43,0.0,1.0,0.05,0,0.751
2025-11-30 02:00:00,18.73,88.43,Sunday,1,0,2,14.54,0.0,0.84,0.11,0,0.088
2025-11-30 03:00:00,23.2,74.56,Sunday,1,0,1,15.29,0.0,0.78,0.18,0,0.52
2025-11-30 04:00:00,19.09,88.76,Sunday,1,0,2,11.19,0.0,0.52,0.12,0,0.175
2025-11-30 05:00:00,16.38,87.43,Sunday,1,0,2,10.29,0.0,0.98,0.17,0,0.384
2025-11-30 06:00:00,20.38,84.75,Sunday,1,0,1,13.16,0.0,0.68,0.11,0,0.4
2025-11-30 07:00:00,20.84,80.46,Sunday,1,0,3,3.93,0.0,0.4,0.17,0,0.559
2025-11-30 08:00:00,16.94,82.1,Sunday,1,0,2,9.18,0.0,0.53,0.12,0,0.341
2025-11-30 09:00:00,16.2,93.23,Sunday,1,1,4,7.31,0.0,0.92,0.17,0,0.401
2025-11-30 10:00:00,17.09,83.88,Sunday,1,0,1,5.67,0.0,0.93,0.09,0,0.348
2025-11-30 11:00:00,19.17,81.2,Sunday,1,0,0,0.0,0.0,0.0,0.0,0,0.361
2025-11-30 12:00:00,20.8,81.38,Sunday,1,0,3,6.08,0.0,0.73,0.01,0,0.481
2025-11-30 13:00:00,20.25,83.24,Sunday,1,0,2,2.98,0.0,0.43,0.09,0,0.337
2025-11-30 14:00:00,20.18,77.18,Sunday,1,0,2,4.21,0.0,0.85,0.03,0,0.413
2025-11-30 15:00:00,23.47,76.55,Sunday,1,0,1,5.74,0.0,0.9,0.05,0,0.366
2025-11-30 16:00:00,20.94,78.57,Sunday,1,0,4,4.32,0.0,0.48,0.11,0,0.583
2025-11-30 17:00:00,23.98,83.15,Sunday,1,0,3,8.69,0.0,0.75,0.11,0,0.394
2025-11-30 18:00:00,22.08,76.2,Sunday,1,0,3,10.96,0.0,0.96,0.61,0,0.558
2025-11-30 19:00:00,23.68,70.41,Sunday,1,0,1,13.04,0.0,1.0,0.76,0,0.626
2025-11-30 20:00:00,22.8,70.15,Sunday,1,0,1,12.62,0.0,0.54,0.7,0,0.789
2025-11-30 21:00:00,22.8,72.63,Sunday,1,0,0,0.0,0.0,0.0,0.0,0,0.204
2025-11-30 22:00:00,21.92,87.58,Sunday,1,0,1,14.67,0.0,0.81,0.56,0,0.655
2025-11-30 23:00:00,24.54,78.49,Sunday,1,0,3,14.71,0.0,0.63,0.59,0,0.89
2025-12-01 00:00:00,21.06,84.06,Monday,0,0,2,16.0,0.0,0.73,0.13,0,0.544
2025-12-01 01:00:00,20.32,84.89,Monday,0,0,2,14.76,0.0,0.95,0.03,0,0.202
2025-12-01 02:00:00,24.69,78.56,Monday,0,0,1,15.66,0.0,0.95,0.1,0,0.476
2025-12-01 03:00:00,21.86,80.45,Monday,0,0,4,13.14,0.0,0.98,0.02,0,0.604
2025-12-01 04:00:00,15.08,92.15,Monday,0,0,0,0.0,0.0,0.0,0.0,0,0.278
2025-12-01 05:00:00,17.74,85.27,Monday,0,1,3,11.56,0.0,0.81,0.02,0,0.395
2025-12-01 06:00:00,15.02,93.98,Monday,0,0,2,9.1,0.0,0.69,0.02,0,0.389
2025-12-01 07:00:00,16.27,88.96,Monday,0,0,2,8.21,0.0,0.8,0.03,0,0.5
2025-12-01 08:00:00,12.23,86.41,Monday,0,0,2,8.59,0.0,0.62,0.18,1,0.743
2025-12-01 09:00:00,17.73,82.06,Monday,0,0,0,0.0,0.0,0.0,0.0,0,0.205
2025-12-01 10:00:00,16.22,82.26,Monday,0,0,0,0.0,0.0,0.0,0.0,0,0.195
2025-12-01 11:00:00,18.86,89.61,Monday,0,0,0,0.0,0.0,0.0,0.0,0,0.195
2025-12-01 12:00:00,16.45,83.67,Monday,0,0,0,0.0,0.0,0.0,0.0,0,0.216
2025-12-01 13:00:00,20.25,78.28,Monday,0,0,0,0.0,0.0,0.0,0.0,0,0.108
2025-12-01 14:00:00,20.13,83.98,Monday,0,0,0,0.0,0.0,0.0,0.0,0,0.277
2025-12-01 15:00:00,24.36,78.09,Monday,0,0,3,4.45,0.0,0.67,0.14,0,0.421
2025-12-01 16:00:00,24.92,79.55,Monday,0,0,3,7.78,0.0,0.97,0.12,0,0.314
2025-12-01 17:00:00,24.41,87.98,Monday,0,1,4,10.78,0.0,1.0,0.02,0,0.322
2025-12-01 18:00:00,22.89,84.47,Monday,0,0,2,10.11,0.0,1.0,0.74,0,0.389
2025-12-01 19:00:00,27.35,76.02,Monday,0,0,0,0.0,0.0,0.0,0.0,0,0.292
2025-12-01 20:00:00,21.08,74.49,Monday,0,0,4,12.21,0.0,0.94,0.39,0,0.498
2025-12-01 21:00:00,21.25,78.88,Monday,0,0,0,0.0,0.0,0.0,0.0,0,0.154
2025-12-01 22:00:00,23.32,83.06,Monday,0,0,1,15.97,0.0,1.0,0.53,0,0.621
2025-12-01 23:00:00,27.05,70.3,Monday,0,0,2,16.0,1.0,1.0,0.54,0,1.724
2025-12-02 00:00:00,22.01,91.39,Tuesday,0,0,4,13.37,0.0,0.16,0.16,0,0.519
2025-12-02 01:00:00,21.32,81.38,Tuesday,0,0,0,0.0,0.0,0.0,0.0,0,0.343
2025-12-02 02:00:00,18.28,84.29,Tuesday,0,0,3,14.92,0.0,0.64,0.01,0,0.707
2025-12-02 03:00:00,21.8,77.54,Tuesday,0,0,1,12.63,0.0,0.57,0.04,0,0.341
2025-12-02 04:00:00,21.09,84.0,Tuesday,0,0,1,13.25,0.0,0.52,0.11,0,0.527
2025-12-02 05:00:00,20.18,76.55,Tuesday,0,0,2,9.27,0.0,0.64,0.04,0,0.418
2025-12-02 06:00:00,17.15,95.0,Tuesday,0,0,4,10.39,0.0,0.68,0.03,0,0.429
2025-12-02 07:00:00,16.71,92.05,Tuesday,0,0,3,10.25,0.0,0.66,0.0,0,0.5
2025-12-02 08:00:00,15.55,91.43,Tuesday,0,0,4,7.58,0.0,0.24,0.2,0,0.406
2025-12-02 09:00:00,18.13,77.23,Tuesday,0,0,0,0.0,0.0,0.0,0.0,0,0.396
2025-12-02 10:00:00,16.33,86.83,Tuesday,0,0,3,6.94,0.0,1.0,0.08,0,0.485
2025-12-02 11:00:00,16.64,91.57,Tuesday,0,0,0,0.0,0.0,0.0,0.0,0,0.374
2025-12-02 12:00:00,18.61,86.71,Tuesday,0,0,1,5.93,0.0,0.34,0.05,1,1.308
2025-12-02 13:00:00,19.22,78.19,Tuesday,0,1,3,5.12,0.0,0.77,0.16,1,0.728
2025-12-02 14:00:00,19.91,79.33,Tuesday,0,0,0,0.0,0.0,0.0,0.0,0,0.479
2025-12-02 15:00:00,22.49,78.0,Tuesday,0,0,3,7.82,0.0,0.79,0.14,0,0.564
2025-12-02 16:00:00,22.52,77.22,Tuesday,0,0,3,9.6,0.0,0.57,0.03,0,0.268
2025-12-02 17:00:00,22.48,87.91,Tuesday,0,0,0,0.0,0.0,0.0,0.0,0,0.209
2025-12-02 18:00:00,23.8,69.47,Tuesday,0,0,1,11.35,0.0,0.93,0.93,0,0.595
2025-12-02 19:00:00,21.99,83.99,Tuesday,0,0,2,12.06,0.0,0.69,0.91,0,0.764
2025-12-02 20:00:00,24.07,72.38,Tuesday,0,0,3,13.04,0.0,0.62,0.66,0,0.422
2025-12-02 21:00:00,24.04,74.05,Tuesday,0,0,1,13.39,0.0,0.6,0.39,0,0.851
2025-12-02 22:00:00,20.77,71.76,Tuesday,0,0,2,13.34,0.0,0.8,0.88,0,0.418
2025-12-02 23:00:00,24.79,75.44,Tuesday,0,0,0,0.0,0.0,0.0,0.0,0,0.253
2025-12-03 00:00:00,20.79,89.34,Wednesday,0,0,1,12.65,0.0,0.76,0.03,0,0.428
2025-12-03 01:00:00,21.82,82.19,Wednesday,0,0,1,14.85,0.0,0.51,0.06,0,0.33
2025-12-03 02:00:00,22.97,73.83,Wednesday,0,0,2,12.42,0.0,0.49,0.12,0,0.382
2025-12-03 03:00:00,21.77,86.0,Wednesday,0,0,2,14.16,0.0,0.59,0.05,0,0.428
2025-12-03 04:00:00,19.44,89.16,Wednesday,0,0,2,15.12,0.0,0.82,0.09,0,0.375
2025-12-03 05:00:00,18.1,84.73,Wednesday,0,0,0,0.0,0.0,0.0,0.0,0,0.225
2025-12-03 06:00:00,19.98,92.69,Wednesday,0,0,1,8.54,0.0,1.0,0.12,0,0.336
2025-12-03 07:00:00,19.19,87.33,Wednesday,0,0,4,11.98,0.0,0.54,0.15,0,0.133
2025-12-03 08:00:00,16.76,88.83,Wednesday,0,0,2,8.75,0.0,0.93,0.14,0,0.424
2025-12-03 09:00:00,16.55,81.59,Wednesday,0,0,0,0.0,0.0,0.0,0.0,0,0.281
2025-12-03 10:00:00,14.55,90.54,Wednesday,0,0,0,0.0,0.0,0.0,0.0,0,0.309
2025-12-03 11:00:00,19.03,84.46,Wednesday,0,0,2,6.05,0.0,0.37,0.05,0,0.478
2025-12-03 12:00:00,19.23,85.79,Wednesday,0,0,0,0.0,0.0,0.0,0.0,0,0.243
2025-12-03 13:00:00,22.14,77.15,Wednesday,0,0,1,3.27,0.0,0.94,0.18,0,0.49
2025-12-03 14:00:00,21.52,81.77,Wednesday,0,0,3,7.91,0.0,0.79,0.16,0,0.552
2025-12-03 15:00:00,24.05,74.77,Wednesday,0,0,0,0.0,0.0,0.0,0.0,0,0.243
2025-12-03 16:00:00,21.12,70.76,Wednesday,0,0,0,0.0,0.0,0.0,0.0,0,0.222
2025-12-03 17:00:00,25.05,82.95,Wednesday,0,1,3,10.24,0.0,0.84,0.19,0,0.637
2025-12-03 18:00:00,22.52,72.72,Wednesday,0,0,2,10.47,0.0,0.77,0.87,0,0.519
2025-12-03 19:00:00,25.17,78.38,Wednesday,0,0,3,11.96,0.0,0.93,0.74,0,0.523
2025-12-03 20:00:00,21.25,83.04,Wednesday,0,0,3,13.28,0.0,0.32,0.69,0,0.652
2025-12-03 21:00:00,24.2,80.36,Wednesday,0,0,2,13.0,0.0,0.91,0.93,0,0.313
2025-12-03 22:00:00,19.9,81.17,Wednesday,0,0,2,15.3,0.0,0.61,0.61,0,0.76
2025-12-03 23:00:00,22.52,81.59,Wednesday,0,0,1,14.44,0.0,0.82,1.0,0,0.957
2025-12-04 00:00:00,23.17,82.0,Thursday,0,0,0,0.0,0.0,0.0,0.0,0,0.343
2025-12-04 01:00:00,20.71,85.53,Thursday,0,0,3,16.0,0.0,0.54,0.03,0,0.687
2025-12-04 02:00:00,18.99,92.08,Thursday,0,0,2,14.28,0.0,0.65,0.04,0,0.423
2025-12-04 03:00:00,21.62,82.21,Thursday,0,0,0,0.0,0.0,0.0,0.0,0,0.121
2025-12-04 04:00:00,19.19,83.55,Thursday,0,0,0,0.0,0.0,0.0,0.0,0,0.194
2025-12-04 05:00:00,17.87,79.88,Thursday,0,0,4,10.75,0.0,0.52,0.12,0,0.6
2025-12-04 06:00:00,18.35,86.16,Thursday,0,0,3,12.89,0.0,0.85,0.11,0,0.679
2025-12-04 07:00:00,22.72,83.39,Thursday,0,0,3,6.51,0.0,0.54,0.03,0,0.309
2025-12-04 08:00:00,19.95,81.58,Thursday,0,0,2,7.58,0.0,0.89,0.09,0,0.524
2025-12-04 09:00:00,20.07,85.16,Thursday,0,0,2,4.66,0.0,1.0,0.19,0,0.65
2025-12-04 10:00:00,19.06,81.88,Thursday,0,0,0,0.0,0.0,0.0,0.0,0,0.163
2025-12-04 11:00:00,19.05,86.71,Thursday,0,0,0,0.0,0.0,0.0,0.0,0,0.531
2025-12-04 12:00:00,15.06,91.51,Thursday,0,0,0,0.0,0.0,0.0,0.0,0,0.141
2025-12-04 13:00:00,18.88,88.0,Thursday,0,0,0,0.0,0.0,0.0,0.0,0,0.161
2025-12-04 14:00:00,20.01,83.08,Thursday,0,0,3,8.03,0.0,0.72,0.04,0,0.515
2025-12-04 15:00:00,18.28,78.85,Thursday,0,0,0,0.0,0.0,0.0,0.0,0,0.289
2025-12-04 16:00:00,20.29,79.18,Thursday,0,0,0,0.0,0.0,0.0,0.0,0,0.33
2025-12-04 17:00:00,19.43,85.99,Thursday,0,0,2,10.1,0.0,0.67,0.18,0,0.504
2025-12-04 18:00:00,23.41,91.68,Thursday,0,0,3,13.26,0.0,0.56,0.72,0,0.493
2025-12-04 19:00:00,25.25,76.07,Thursday,0,0,3,10.47,0.0,0.56,0.84,0,0.197
2025-12-04 20:00:00,25.87,79.5,Thursday,0,0,2,11.22,0.0,0.9,0.68,0,0.509
2025-12-04 21:00:00,24.52,75.65,Thursday,0,1,3,12.89,0.0,0.99,0.67,0,0.941
2025-12-04 22:00:00,21.74,76.06,Thursday,0,0,3,13.45,0.0,0.69,0.62,0,0.423
2025-12-04 23:00:00,19.52,79.55,Thursday,0,0,2,12.0,0.0,0.88,0.79,0,0.808
2025-12-05 00:00:00,19.21,72.8,Friday,0,0,1,16.0,0.0,1.0,0.1,0,0.614
2025-12-05 01:00:00,19.37,89.84,Friday,0,0,2,14.2,0.0,0.54,0.0,0,0.526
2025-12-05 02:00:00,19.28,72.0,Friday,0,0,2,14.09,0.0,0.34,0.13,0,0.433
2025-12-05 03:00:00,19.81,81.35,Friday,0,0,2,14.48,0.0,0.96,0.08,0,0.473
2025-12-05 04:00:00,17.55,78.81,Friday,0,0,0,0.0,0.0,0.0,0.0,0,0.336
2025-12-05 05:00:00,19.36,78.65,Friday,0,0,3,9.55,0.0,0.62,0.04,0,0.234
2025-12-05 06:00:00,17.86,91.31,Friday,0,0,2,10.54,0.0,0.78,0.16,0,0.682
2025-12-05 07:00:00,18.0,85.31,Friday,0,0,1,6.88,0.0,1.0,0.06,0,0.298
2025-12-05 08:00:00,19.93,77.74,Friday,0,0,2,8.0,0.0,0.78,0.14,0,0.351
2025-12-05 09:00:00,15.85,83.28,Friday,0,0,0,0.0,0.0,0.0,0.0,0,0.154
2025-12-05 10:00:00,19.03,79.54,Friday,0,0,0,0.0,0.0,0.0,0.0,0,0.232
2025-12-05 11:00:00,18.73,83.43,Friday,0,0,0,0.0,0.0,0.0,0.0,0,0.189
2025-12-05 12:00:00,18.78,84.47,Friday,0,0,3,5.38,0.0,0.53,0.08,0,0.523
2025-12-05 13:00:00,21.69,90.45,Friday,0,0,0,0.0,0.0,0.0,0.0,0,0.259
2025-12-05 14:00:00,22.46,70.71,Friday,0,0,0,0.0,0.0,0.0,0.0,0,0.317
2025-12-05 15:00:00,19.95,82.37,Friday,0,0,0,0.0,0.0,0.0,0.0,0,0.273
2025-12-05 16:00:00,22.05,79.08,Friday,0,0,1,5.86,0.0,0.3,0.19,0,0.398
2025-12-05 17:00:00,23.5,84.08,Friday,0,0,0,0.0,0.0,0.0,0.0,0,0.289
2025-12-05 18:00:00,22.98,81.59,Friday,0,0,0,0.0,0.0,0.0,0.0,0,0.344
2025-12-05 19:00:00,24.83,81.11,Friday,0,0,3,10.43,0.0,0.97,0.47,0,0.728
2025-12-05 20:00:00,24.38,80.28,Friday,0,0,3,12.39,0.0,0.71,0.92,1,0.779
2025-12-05 21:00:00,27.07,71.47,Friday,0,0,2,13.67,0.0,0.84,0.67,0,0.74
2025-12-05 22:00:00,20.72,87.91,Friday,0,0,1,15.17,0.0,0.8,0.9,0,0.817
2025-12-05 23:00:00,22.78,83.99,Friday,0,0,3,15.06,0.0,0.37,0.59,0,0.642
2025-12-06 00:00:00,20.74,86.41,Saturday,1,0,1,15.18,0.0,0.61,0.16,0,0.46
2025-12-06 01:00:00,22.74,86.35,Saturday,1,0,1,15.63,0.0,0.69,0.1,0,0.599
2025-12-06 02:00:00,17.97,86.42,Saturday,1,0,2,12.95,0.0,0.72,0.02,0,0.388
2025-12-06 03:00:00,20.72,89.25,Saturday,1,0,2,12.29,0.0,0.87,0.1,0,0.676
2025-12-06 04:00:00,18.24,85.97,Saturday,1,0,2,11.94,0.0,0.98,0.07,0,0.625
2025-12-06 05:00:00,17.43,83.71,Saturday,1,0,1,10.25,0.0,0.84,0.1,0,0.8
2025-12-06 06:00:00,15.67,86.36,Saturday,1,0,1,7.37,0.0,1.0,0.05,0,0.38
2025-12-06 07:00:00,17.14,84.95,Saturday,1,0,3,9.57,0.0,0.86,0.15,0,0.665
2025-12-06 08:00:00,19.83,80.06,Saturday,1,0,2,6.0,0.0,0.62,0.0,0,0.485
2025-12-06 09:00:00,17.93,92.52,Saturday,1,0,1,9.18,0.0,1.0,0.03,0,0.283
2025-12-06 10:00:00,19.41,84.51,Saturday,1,0,2,5.92,0.0,0.45,0.11,0,0.23
2025-12-06 11:00:00,21.75,81.4,Saturday,1,0,0,0.0,0.0,0.0,0.0,0,0.288
2025-12-06 12:00:00,19.85,84.58,Saturday,1,0,2,6.0,0.0,0.71,0.01,0,0.599
2025-12-06 13:00:00,19.09,95.0,Saturday,1,0,1,5.22,0.0,0.54,0.13,0,0.636
2025-12-06 14:00:00,21.72,75.3,Saturday,1,0,0,0.0,0.0,0.0,0.0,0,0.264
2025-12-06 15:00:00,20.67,77.67,Saturday,1,0,0,0.0,0.0,0.0,0.0,0,0.261
2025-12-06 16:00:00,21.47,74.28,Saturday,1,0,3,6.1,0.0,0.29,0.0,1,0.98
2025-12-06 17:00:00,20.26,81.1,Saturday,1,0,1,6.51,0.0,0.8,0.1,0,0.164
2025-12-06 18:00:00,25.14,79.1,Saturday,1,0,2,8.08,0.0,0.49,0.49,0,0.669
2025-12-06 19:00:00,23.08,77.4,Saturday,1,0,4,9.24,0.0,0.78,0.67,0,0.982
2025-12-06 20:00:00,24.2,76.02,Saturday,1,0,3,11.96,0.0,0.72,0.78,0,0.226
2025-12-06 21:00:00,21.91,81.49,Saturday,1,0,4,13.46,0.0,0.86,0.48,0,0.493
2025-12-06 22:00:00,24.26,76.16,Saturday,1,0,4,12.01,0.0,0.18,0.59,0,0.469
2025-12-06 23:00:00,21.63,82.59,Saturday,1,0,2,16.0,0.0,0.5,0.57,0,0.553
2025-12-07 00:00:00,22.12,86.16,Sunday,1,0,2,15.21,0.0,0.78,0.18,0,0.674
2025-12-07 01:00:00,23.23,82.98,Sunday,1,0,3,16.0,0.0,1.0,0.17,0,0.771
2025-12-07 02:00:00,22.3,84.84,Sunday,1,0,0,0.0,0.0,0.0,0.0,0,0.316
2025-12-07 03:00:00,20.06,87.88,Sunday,1,0,2,16.0,0.0,0.64,0.2,0,0.608
2025-12-07 04:00:00,16.19,87.34,Sunday,1,0,3,13.62,0.0,0.97,0.19,0,0.41
2025-12-07 05:00:00,24.14,77.98,Sunday,1,0,2,8.36,0.0,0.6,0.17,0,0.423
2025-12-07 06:00:00,21.42,77.36,Sunday,1,0,2,8.21,0.0,0.86,0.12,0,0.474
2025-12-07 07:00:00,19.28,81.19,Sunday,1,0,2,9.18,0.0,0.76,0.04,0,0.406
2025-12-07 08:00:00,16.52,83.01,Sunday,1,0,1,4.88,0.0,1.0,0.04,1,0.794
2025-12-07 09:00:00,17.77,88.16,Sunday,1,0,3,5.12,0.0,0.92,0.1,0,0.774
2025-12-07 10:00:00,17.3,86.66,Sunday,1,0,3,3.28,0.0,0.63,0.18,0,0.429
2025-12-07 11:00:00,21.03,85.06,Sunday,1,1,2,8.38,0.0,0.37,0.08,0,0.317
2025-12-07 12:00:00,19.85,76.83,Sunday,1,0,0,0.0,0.0,0.0,0.0,0,0.356
2025-12-07 13:00:00,18.69,90.84,Sunday,1,0,1,4.66,0.0,0.82,0.08,0,0.357
2025-12-07 14:00:00,20.03,80.34,Sunday,1,0,0,0.0,0.0,0.0,0.0,0,0.243
2025-12-07 15:00:00,23.67,73.7,Sunday,1,0,1,8.35,0.0,0.76,0.02,0,0.091
2025-12-07 16:00:00,25.26,75.57,Sunday,1,0,2,9.47,0.0,0.81,0.14,0,0.213
2025-12-07 17:00:00,25.75,89.75,Sunday,1,0,1,7.87,0.0,0.55,0.16,0,0.356
2025-12-07 18:00:00,24.84,76.21,Sunday,1,0,2,9.54,0.0,0.72,0.77,0,0.568
2025-12-07 19:00:00,23.32,77.89,Sunday,1,1,3,9.65,0.0,0.75,0.92,0,0.587
2025-12-07 20:00:00,18.04,83.3,Sunday,1,0,4,12.33,0.0,0.39,0.42,0,0.443
2025-12-07 21:00:00,24.31,77.88,Sunday,1,0,1,12.32,0.0,0.6,0.58,0,0.535
2025-12-07 22:00:00,23.47,75.47,Sunday,1,0,2,12.72,0.0,0.85,0.87,0,0.797
2025-12-07 23:00:00,23.25,80.29,Sunday,1,0,4,16.0,0.0,0.92,0.67,0,0.547
2025-12-08 00:00:00,22.47,85.65,Monday,0,0,4,16.0,0.0,0.55,0.04,0,0.852
2025-12-08 01:00:00,19.27,84.73,Monday,0,0,2,13.51,0.0,0.87,0.11,0,0.672
2025-12-08 02:00:00,21.88,75.25,Monday,0,0,2,15.75,0.0,0.6,0.15,0,0.34
2025-12-08 03:00:00,21.24,79.66,Monday,0,0,1,14.0,0.0,0.53,0.04,0,0.283
2025-12-08 04:00:00,20.6,79.2,Monday,0,0,1,12.03,0.0,1.0,0.05,0,0.518
2025-12-08 05:00:00,20.46,82.35,Monday,0,0,2,13.68,0.0,0.65,0.09,0,0.691
2025-12-08 06:00:00,19.37,89.72,Monday,0,0,2,10.46,0.0,0.38,0.13,0,0.284
2025-12-08 07:00:00,17.24,84.24,Monday,0,0,3,11.37,0.0,0.64,0.06,0,0.143
2025-12-08 08:00:00,17.75,84.09,Monday,0,0,0,0.0,0.0,0.0,0.0,0,0.461
2025-12-08 09:00:00,18.14,93.06,Monday,0,0,0,0.0,0.0,0.0,0.0,0,0.464
2025-12-08 10:00:00,18.47,88.26,Monday,0,0,0,0.0,0.0,0.0,0.0,0,0.286
2025-12-08 11:00:00,20.55,84.87,Monday,0,0,0,0.0,0.0,0.0,0.0,0,0.309
2025-12-08 12:00:00,20.53,91.81,Monday,0,0,0,0.0,0.0,0.0,0.0,0,0.292
2025-12-08 13:00:00,23.84,81.49,Monday,0,0,3,6.91,0.0,0.6,0.19,0,0.283
2025-12-08 14:00:00,24.85,68.2,Monday,0,0,0,0.0,0.0,0.0,0.0,0,0.217
2025-12-08 15:00:00,21.8,85.05,Monday,0,0,0,0.0,0.0,0.0,0.0,0,0.232
2025-12-08 16:00:00,15.47,78.62,Monday,0,0,0,0.0,0.0,0.0,0.0,0,0.3
2025-12-08 17:00:00,25.22,80.06,Monday,0,0,2,10.31,0.0,0.78,0.09,0,0.365
2025-12-08 18:00:00,22.5,71.68,Monday,0,0,1,8.28,0.0,0.79,0.98,0,0.53
2025-12-08 19:00:00,22.33,78.07,Monday,0,0,2,9.58,0.0,0.68,0.44,0,0.867
2025-12-08 20:00:00,23.16,77.84,Monday,0,0,1,15.25,0.0,0.76,0.93,1,1.536
2025-12-08 21:00:00,22.97,75.98,Monday,0,0,2,12.77,0.0,0.68,0.57,0,0.777
2025-12-08 22:00:00,24.58,76.64,Monday,0,0,0,0.0,0.0,0.0,0.0,0,0.207
2025-12-08 23:00:00,20.19,87.49,Monday,0,0,2,13.81,0.0,0.9,0.37,0,0.606
2025-12-09 00:00:00,20.44,78.54,Tuesday,0,0,2,15.53,0.0,0.75,0.19,0,0.427
2025-12-09 01:00:00,22.27,83.18,Tuesday,0,0,2,12.73,0.0,0.67,0.14,0,0.671
2025-12-09 02:00:00,22.0,75.87,Tuesday,0,0,3,14.69,0.0,0.99,0.1,0,0.538
2025-12-09 03:00:00,21.25,80.42,Tuesday,0,0,2,11.43,0.0,0.55,0.05,0,0.676
2025-12-09 04:00:00,17.96,85.96,Tuesday,0,0,2,10.4,0.0,0.43,0.08,0,0.465
2025-12-09 05:00:00,16.99,80.22,Tuesday,0,0,2,9.25,0.0,0.41,0.2,0,0.468
2025-12-09 06:00:00,17.37,78.31,Tuesday,0,0,4,8.01,0.0,1.0,0.17,0,0.543
2025-12-09 07:00:00,18.41,86.39,Tuesday,0,0,1,9.79,0.0,1.0,0.1,0,0.498
2025-12-09 08:00:00,20.55,87.62,Tuesday,0,0,3,8.58,0.0,0.79,0.17,0,0.578
2025-12-09 09:00:00,14.29,87.24,Tuesday,0,0,0,0.0,0.0,0.0,0.0,0,0.194
2025-12-09 10:00:00,17.88,82.12,Tuesday,0,0,0,0.0,0.0,0.0,0.0,0,0.225
2025-12-09 11:00:00,16.36,86.56,Tuesday,0,0,2,7.24,0.0,1.0,0.1,0,0.222
2025-12-09 12:00:00,16.4,86.02,Tuesday,0,0,0,0.0,0.0,0.0,0.0,0,0.241
2025-12-09 13:00:00,21.84,82.06,Tuesday,0,0,0,0.0,0.0,0.0,0.0,0,0.314
2025-12-09 14:00:00,21.86,68.19,Tuesday,0,0,0,0.0,0.0,0.0,0.0,0,0.282
2025-12-09 15:00:00,22.46,74.94,Tuesday,0,0,0,0.0,0.0,0.0,0.0,0,0.151
2025-12-09 16:00:00,24.03,74.64,Tuesday,0,0,0,0.0,0.0,0.0,0.0,0,0.297
2025-12-09 17:00:00,22.13,81.33,Tuesday,0,0,1,12.83,0.0,1.0,0.12,0,0.348
2025-12-09 18:00:00,22.7,81.0,Tuesday,0,0,3,8.77,0.0,0.73,0.3,0,0.399
2025-12-09 19:00:00,27.71,78.74,Tuesday,0,0,4,12.13,0.69,0.88,0.92,0,1.676
2025-12-09 20:00:00,23.43,80.7,Tuesday,0,0,2,14.74,0.0,0.66,0.84,0,0.673
2025-12-09 21:00:00,25.1,71.41,Tuesday,0,0,1,16.0,0.0,0.8,0.49,0,0.778
2025-12-09 22:00:00,23.49,86.6,Tuesday,0,0,3,14.6,0.0,0.84,0.46,0,0.836
2025-12-09 23:00:00,19.67,89.16,Tuesday,0,0,2,12.87,0.0,0.7,0.34,0,0.937
2025-12-10 00:00:00,18.7,77.38,Wednesday,0,0,3,12.31,0.0,0.81,0.07,0,0.671
2025-12-10 01:00:00,20.61,83.61,Wednesday,0,0,2,16.0,0.0,0.57,0.1,0,0.469
2025-12-10 02:00:00,22.78,77.02,Wednesday,0,0,4,14.84,0.0,0.88,0.14,0,0.929
2025-12-10 03:00:00,21.52,81.83,Wednesday,0,0,0,0.0,0.0,0.0,0.0,0,0.206
2025-12-10 04:00:00,21.02,86.85,Wednesday,0,0,1,12.92,0.0,0.61,0.1,0,0.579
2025-12-10 05:00:00,16.98,95.0,Wednesday,0,0,0,0.0,0.0,0.0,0.0,0,0.206
2025-12-10 06:00:00,21.19,85.19,Wednesday,0,0,2,10.82,0.0,1.0,0.16,0,0.47
2025-12-10 07:00:00,16.24,87.36,Wednesday,0,0,4,9.29,0.0,0.72,0.06,0,0.628
2025-12-10 08:00:00,18.26,82.37,Wednesday,0,0,4,6.61,0.0,0.86,0.03,0,0.435
2025-12-10 09:00:00,17.96,85.25,Wednesday,0,0,0,0.0,0.0,0.0,0.0,0,0.4
2025-12-10 10:00:00,17.97,91.13,Wednesday,0,0,1,4.8,0.0,0.89,0.15,0,0.438
2025-12-10 11:00:00,21.16,81.23,Wednesday,0,0,0,0.0,0.0,0.0,0.0,0,0.206
2025-12-10 12:00:00,18.11,79.77,Wednesday,0,0,2,4.41,0.0,0.49,0.04,0,0.528
2025-12-10 13:00:00,17.67,76.5,Wednesday,0,0,4,6.05,0.0,0.56,0.09,0,0.548
2025-12-10 14:00:00,20.91,84.24,Wednesday,0,0,0,0.0,0.0,0.0,0.0,0,0.319
2025-12-10 15:00:00,20.93,82.9,Wednesday,0,0,0,0.0,0.0,0.0,0.0,0,0.16
2025-12-10 16:00:00,28.46,71.66,Wednesday,0,0,3,9.62,0.83,0.8,0.07,0,2.065
2025-12-10 17:00:00,24.22,83.84,Wednesday,0,0,3,8.15,0.0,0.72,0.16,0,0.407
2025-12-10 18:00:00,22.74,77.93,Wednesday,0,0,3,10.14,0.0,0.42,0.68,0,0.575
2025-12-10 19:00:00,21.87,80.14,Wednesday,0,0,0,0.0,0.0,0.0,0.0,0,0.328
2025-12-10 20:00:00,20.49,81.97,Wednesday,0,0,3,10.01,0.0,0.8,0.56,0,0.62
2025-12-10 21:00:00,21.93,79.01,Wednesday,0,0,3,15.14,0.0,0.71,0.87,0,0.706
2025-12-10 22:00:00,23.68,80.37,Wednesday,0,0,3,15.18,0.0,0.79,0.31,0,0.615
2025-12-10 23:00:00,25.57,83.25,Wednesday,0,0,2,15.58,0.0,0.36,0.52,0,0.586
2025-12-11 00:00:00,24.4,72.83,Thursday,0,0,3,16.0,0.0,0.75,0.02,0,0.569
2025-12-11 01:00:00,22.06,83.08,Thursday,0,0,2,13.13,0.0,0.23,0.15,0,0.698
2025-12-11 02:00:00,20.29,83.1,Thursday,0,0,1,12.27,0.0,0.42,0.13,0,0.421
2025-12-11 03:00:00,20.58,82.74,Thursday,0,0,2,15.4,0.0,0.51,0.16,0,0.398
2025-12-11 04:00:00,18.44,88.26,Thursday,0,0,0,0.0,0.0,0.0,0.0,0,0.198
2025-12-11 05:00:00,21.85,81.08,Thursday,0,0,1,11.62,0.0,0.55,0.03,0,0.127
2025-12-11 06:00:00,17.94,86.76,Thursday,0,0,1,7.8,0.0,0.82,0.09,0,0.482
2025-12-11 07:00:00,17.82,88.04,Thursday,0,0,3,10.91,0.0,1.0,0.06,0,0.537
2025-12-11 08:00:00,13.89,85.48,Thursday,0,0,2,8.51,0.0,0.62,0.17,0,0.621
2025-12-11 09:00:00,17.63,86.13,Thursday,0,0,0,0.0,0.0,0.0,0.0,0,0.112
2025-12-11 10:00:00,19.78,81.44,Thursday,0,0,0,0.0,0.0,0.0,0.0,0,0.261
2025-12-11 11:00:00,16.83,84.69,Thursday,0,0,0,0.0,0.0,0.0,0.0,0,0.248
2025-12-11 12:00:00,18.02,82.67,Thursday,0,0,0,0.0,0.0,0.0,0.0,0,0.58
2025-12-11 13:00:00,21.53,83.48,Thursday,0,0,2,6.65,0.0,0.89,0.13,0,0.435
2025-12-11 14:00:00,18.22,84.51,Thursday,0,0,0,0.0,0.0,0.0,0.0,0,0.159
2025-12-11 15:00:00,23.56,81.27,Thursday,0,0,2,4.22,0.0,0.59,0.07,0,0.381
2025-12-11 16:00:00,21.42,81.14,Thursday,0,0,0,0.0,0.0,0.0,0.0,0,0.269
2025-12-11 17:00:00,22.3,72.41,Thursday,0,0,3,9.82,0.0,1.0,0.01,0,0.386
2025-12-11 18:00:00,21.45,81.35,Thursday,0,0,2,12.21,0.0,0.94,0.65,0,0.718
2025-12-11 19:00:00,24.45,78.81,Thursday,0,0,2,13.38,0.0,0.67,0.55,0,0.413
2025-12-11 20:00:00,28.3,76.24,Thursday,0,0,2,13.55,0.56,0.14,0.93,0,1.343
2025-12-11 21:00:00,25.18,74.87,Thursday,0,1,2,13.67,0.0,0.32,0.45,0,0.626
2025-12-11 22:00:00,21.92,74.8,Thursday,0,0,4,14.06,0.0,0.77,0.54,0,0.67
2025-12-11 23:00:00,25.04,81.09,Thursday,0,0,1,15.58,0.0,0.68,0.69,0,0.498
2025-12-12 00:00:00,21.81,79.51,Friday,0,0,3,16.0,0.0,0.46,0.08,0,0.423
2025-12-12 01:00:00,24.13,79.64,Friday,0,0,3,14.51,0.0,0.72,0.09,0,0.682
2025-12-12 02:00:00,22.33,79.0,Friday,0,0,0,0.0,0.0,0.0,0.0,0,0.253
2025-12-12 03:00:00,14.8,87.15,Friday,0,0,1,15.25,0.0,0.59,0.05,0,0.228
2025-12-12 04:00:00,17.57,82.44,Friday,0,0,2,14.09,0.0,0.71,0.01,0,0.413
2025-12-12 05:00:00,20.45,77.25,Friday,0,0,1,10.54,0.0,0.5,0.19,0,0.463
2025-12-12 06:00:00,18.55,86.17,Friday,0,0,3,8.02,0.0,0.4,0.04,0,0.421
2025-12-12 07:00:00,16.14,82.96,Friday,0,0,2,6.14,0.0,0.41,0.13,0,0.44
2025-12-12 08:00:00,16.74,86.26,Friday,0,0,1,7.7,0.0,0.65,0.02,1,0.792
2025-12-12 09:00:00,14.55,89.46,Friday,0,0,0,0.0,0.0,0.0,0.0,0,0.196
2025-12-12 10:00:00,18.12,81.26,Friday,0,0,2,7.01,0.0,1.0,0.17,0,0.607
2025-12-12 11:00:00,22.73,74.02,Friday,0,0,1,2.6,0.0,0.98,0.1,0,0.583
2025-12-12 12:00:00,20.82,93.89,Friday,0,0,2,7.42,0.0,0.93,0.14,0,0.703
2025-12-12 13:00:00,24.04,76.22,Friday,0,0,0,0.0,0.0,0.0,0.0,0,0.247
2025-12-12 14:00:00,22.46,83.4,Friday,0,0,4,4.47,0.0,0.54,0.13,0,0.388
2025-12-12 15:00:00,23.5,89.05,Friday,0,0,2,5.65,0.0,0.4,0.02,0,0.492
2025-12-12 16:00:00,25.93,81.11,Friday,0,0,0,0.0,0.0,0.0,0.0,0,0.161
2025-12-12 17:00:00,23.68,77.69,Friday,0,0,4,10.98,0.0,1.0,0.12,0,0.371
2025-12-12 18:00:00,23.14,79.34,Friday,0,0,2,11.01,0.0,0.92,0.54,0,0.878
2025-12-12 19:00:00,25.63,73.27,Friday,0,0,2,11.44,0.0,0.72,0.65,0,0.548
2025-12-12 20:00:00,26.49,81.06,Friday,0,0,1,10.7,0.0,0.65,0.86,0,0.534
2025-12-12 21:00:00,22.91,82.71,Friday,0,0,4,13.45,0.0,0.88,0.69,0,0.477
2025-12-12 22:00:00,22.18,77.97,Friday,0,0,3,13.17,0.0,1.0,0.77,0,0.666
2025-12-12 23:00:00,23.25,74.37,Friday,0,0,1,10.88,0.0,0.91,0.63,0,0.412
2025-12-13 00:00:00,23.87,72.41,Saturday,1,0,2,13.96,0.0,0.47,0.1,0,0.741
2025-12-13 01:00:00,23.09,84.65,Saturday,1,0,4,15.74,0.0,0.56,0.13,0,0.533
2025-12-13 02:00:00,18.31,84.62,Saturday,1,0,0,0.0,0.0,0.0,0.0,0,0.119
2025-12-13 03:00:00,23.54,80.39,Saturday,1,0,2,13.32,0.0,0.53,0.07,0,0.43
2025-12-13 04:00:00,18.22,79.99,Saturday,1,0,2,14.06,0.0,0.63,0.08,0,0.402
2025-12-13 05:00:00,18.28,76.73,Saturday,1,0,3,12.59,0.0,1.0,0.12,0,0.686
2025-12-13 06:00:00,16.65,90.33,Saturday,1,0,0,0.0,0.0,0.0,0.0,0,0.347
2025-12-13 07:00:00,22.84,80.16,Saturday,1,0,3,5.42,0.0,0.36,0.12,0,0.397
2025-12-13 08:00:00,18.31,88.56,Saturday,1,0,4,6.24,0.0,1.0,0.0,0,0.433
2025-12-13 09:00:00,16.45,83.77,Saturday,1,0,3,7.83,0.0,1.0,0.2,0,0.649
2025-12-13 10:00:00,19.83,81.47,Saturday,1,0,1,6.32,0.0,0.73,0.01,0,0.319
2025-12-13 11:00:00,20.14,85.94,Saturday,1,0,1,5.32,0.0,0.75,0.17,0,0.58
2025-12-13 12:00:00,19.04,87.03,Saturday,1,0,3,4.09,0.0,0.22,0.18,0,0.33
2025-12-13 13:00:00,21.61,85.04,Saturday,1,0,1,5.51,0.0,0.65,0.04,0,0.466
2025-12-13 14:00:00,19.39,81.57,Saturday,1,0,3,5.92,0.0,0.56,0.16,0,0.151
2025-12-13 15:00:00,20.77,84.88,Saturday,1,0,3,3.69,0.0,0.77,0.1,0,0.409
2025-12-13 16:00:00,18.76,89.16,Saturday,1,0,2,7.82,0.0,1.0,0.08,0,0.314
2025-12-13 17:00:00,20.61,81.42,Saturday,1,0,2,7.93,0.0,0.86,0.03,0,0.418
2025-12-13 18:00:00,26.73,73.88,Saturday,1,0,1,11.26,0.0,1.0,0.91,0,0.81
2025-12-13 19:00:00,26.73,83.16,Saturday,1,0,1,11.81,0.0,0.4,0.66,0,0.458
2025-12-13 20:00:00,23.99,75.63,Saturday,1,0,3,15.43,0.0,0.36,0.49,1,0.252
2025-12-13 21:00:00,26.77,79.56,Saturday,1,0,1,13.54,0.0,1.0,0.86,0,0.224
2025-12-13 22:00:00,23.19,79.34,Saturday,1,0,4,12.69,0.0,0.78,0.83,0,0.692
2025-12-13 23:00:00,22.56,70.99,Saturday,1,0,2,11.1,0.0,0.87,0.63,0,0.481
2025-12-14 00:00:00,22.48,85.91,Sunday,1,0,3,13.59,0.0,0.74,0.16,0,0.411
2025-12-14 01:00:00,21.43,67.43,Sunday,1,0,1,15.4,0.0,0.8,0.04,0,0.676
2025-12-14 02:00:00,20.49,72.14,Sunday,1,0,2,15.28,0.0,0.92,0.1,0,0.503
2025-12-14 03:00:00,22.16,83.19,Sunday,1,0,2,12.63,0.0,0.81,0.12,0,0.757
2025-12-14 04:00:00,19.65,85.45,Sunday,1,0,1,11.85,0.0,0.61,0.11,0,0.496
2025-12-14 05:00:00,20.04,79.28,Sunday,1,0,3,11.4,0.0,1.0,0.13,0,0.484
2025-12-14 06:00:00,20.13,83.12,Sunday,1,0,4,10.57,0.0,0.77,0.14,0,0.507
2025-12-14 07:00:00,18.68,71.03,Sunday,1,0,1,10.24,0.0,0.7,0.08,0,0.265
2025-12-14 08:00:00,16.13,89.52,Sunday,1,0,2,6.62,0.0,0.66,0.05,0,0.518
2025-12-14 09:00:00,15.54,87.76,Sunday,1,0,3,5.35,0.0,0.84,0.09,0,0.459
2025-12-14 10:00:00,18.55,83.58,Sunday,1,0,3,8.71,0.0,0.69,0.02,0,0.543
2025-12-14 11:00:00,18.45,84.0,Sunday,1,0,1,7.85,0.0,0.24,0.15,0,0.467
2025-12-14 12:00:00,19.53,85.39,Sunday,1,1,3,4.21,0.0,0.69,0.16,0,0.365
2025-12-14 13:00:00,20.07,82.29,Sunday,1,0,1,6.88,0.0,0.48,0.19,0,0.252
2025-12-14 14:00:00,25.53,68.16,Sunday,1,0,1,8.98,0.0,0.82,0.18,0,0.427
2025-12-14 15:00:00,19.26,94.15,Sunday,1,0,1,8.44,0.0,0.74,0.03,0,0.304
2025-12-14 16:00:00,18.79,89.59,Sunday,1,0,2,6.36,0.0,0.58,0.11,0,0.511
2025-12-14 17:00:00,23.6,72.84,Sunday,1,0,2,8.86,0.0,0.99,0.14,0,0.61
2025-12-14 18:00:00,22.8,78.26,Sunday,1,0,2,7.37,0.0,0.73,0.45,0,0.355
2025-12-14 19:00:00,24.34,77.41,Sunday,1,0,1,9.85,0.0,0.66,0.34,1,0.713
2025-12-14 20:00:00,24.93,83.46,Sunday,1,0,2,12.48,0.0,0.66,0.42,0,0.486
2025-12-14 21:00:00,26.09,66.23,Sunday,1,0,1,13.87,0.0,0.65,0.48,0,0.398
2025-12-14 22:00:00,20.76,79.32,Sunday,1,0,1,13.29,0.0,0.88,0.83,0,0.585
2025-12-14 23:00:00,22.0,71.9,Sunday,1,0,2,10.7,0.0,0.56,0.56,0,0.294
2025-12-15 00:00:00,23.15,78.24,Monday,0,0,1,15.29,0.0,0.77,0.04,0,0.391
2025-12-15 01:00:00,23.04,77.4,Monday,0,0,3,15.92,0.0,0.62,0.11,0,0.452
2025-12-15 02:00:00,24.82,78.56,Monday,0,0,1,15.48,0.0,0.59,0.02,0,0.435
2025-12-15 03:00:00,21.82,77.84,Monday,0,0,3,13.23,0.0,0.87,0.17,0,0.375
2025-12-15 04:00:00,19.27,79.4,Monday,0,0,2,12.3,0.0,0.52,0.01,0,0.589
2025-12-15 05:00:00,17.15,88.16,Monday,0,0,2,11.66,0.0,0.88,0.17,0,0.702
2025-12-15 06:00:00,17.26,87.24,Monday,0,0,2,10.61,0.0,0.83,0.16,0,0.58
2025-12-15 07:00:00,16.91,88.04,Monday,0,0,1,8.57,0.0,1.0,0.06,0,0.38
2025-12-15 08:00:00,19.06,82.47,Monday,0,0,1,4.02,0.0,0.31,0.01,0,0.335
2025-12-15 09:00:00,18.44,81.04,Monday,0,0,0,0.0,0.0,0.0,0.0,0,0.2
2025-12-15 10:00:00,15.9,85.6,Monday,0,0,0,0.0,0.0,0.0,0.0,0,0.256
2025-12-15 11:00:00,17.97,86.83,Monday,0,0,0,0.0,0.0,0.0,0.0,0,0.259
2025-12-15 12:00:00,20.96,70.76,Monday,0,0,0,0.0,0.0,0.0,0.0,0,0.255
2025-12-15 13:00:00,20.73,83.81,Monday,0,0,0,0.0,0.0,0.0,0.0,0,0.231
2025-12-15 14:00:00,21.9,82.34,Monday,0,1,3,4.76,0.0,0.73,0.19,0,0.534
2025-12-15 15:00:00,22.34,80.7,Monday,0,0,0,0.0,0.0,0.0,0.0,0,0.344
2025-12-15 16:00:00,25.3,76.98,Monday,0,0,0,0.0,0.0,0.0,0.0,0,0.141
2025-12-15 17:00:00,23.42,66.59,Monday,0,0,4,9.25,0.0,0.74,0.16,0,0.458
2025-12-15 18:00:00,22.78,77.8,Monday,0,0,1,8.8,0.0,0.7,0.54,0,0.649
2025-12-15 19:00:00,22.13,89.53,Monday,0,0,0,0.0,0.0,0.0,0.0,0,0.37
2025-12-15 20:00:00,24.33,78.67,Monday,0,0,1,10.43,0.0,0.74,0.85,0,0.446
2025-12-15 21:00:00,19.38,81.52,Monday,0,0,1,16.0,0.0,0.7,0.86,0,0.343
2025-12-15 22:00:00,23.14,79.76,Monday,0,0,1,15.94,0.0,0.77,0.36,0,0.644
2025-12-15 23:00:00,22.63,81.91,Monday,0,0,2,14.42,0.0,0.76,0.31,0,0.337
2025-12-16 00:00:00,19.92,85.87,Tuesday,0,0,0,0.0,0.0,0.0,0.0,0,0.285
2025-12-16 01:00:00,19.98,81.37,Tuesday,0,0,1,13.08,0.0,0.77,0.18,0,0.401
2025-12-16 02:00:00,22.33,82.52,Tuesday,0,0,1,15.17,0.0,1.0,0.18,0,0.926
2025-12-16 03:00:00,20.51,90.42,Tuesday,0,0,1,14.8,0.0,0.51,0.06,0,0.305
2025-12-16 04:00:00,19.56,87.93,Tuesday,0,0,2,12.9,0.0,0.57,0.04,0,0.695
2025-12-16 05:00:00,19.31,94.83,Tuesday,0,0,4,12.65,0.0,1.0,0.2,0,0.832
2025-12-16 06:00:00,18.44,80.62,Tuesday,0,0,2,9.99,0.0,1.0,0.09,0,0.77
2025-12-16 07:00:00,20.22,90.69,Tuesday,0,0,0,0.0,0.0,0.0,0.0,0,0.347
2025-12-16 08:00:00,18.1,80.26,Tuesday,0,0,0,0.0,0.0,0.0,0.0,0,0.361
2025-12-16 09:00:00,15.35,88.45,Tuesday,0,0,0,0.0,0.0,0.0,0.0,0,0.213
2025-12-16 10:00:00,21.21,85.07,Tuesday,0,0,0,0.0,0.0,0.0,0.0,0,0.394
2025-12-16 11:00:00,19.42,80.47,Tuesday,0,0,0,0.0,0.0,0.0,0.0,0,0.206
2025-12-16 12:00:00,18.32,84.46,Tuesday,0,0,3,5.45,0.0,1.0,0.12,0,0.454
2025-12-16 13:00:00,17.84,88.99,Tuesday,0,0,0,0.0,0.0,0.0,0.0,0,0.148
2025-12-16 14:00:00,21.59,77.52,Tuesday,0,0,0,0.0,0.0,0.0,0.0,0,0.371
2025-12-16 15:00:00,21.44,89.55,Tuesday,0,0,0,0.0,0.0,0.0,0.0,0,0.366
2025-12-16 16:00:00,25.21,70.89,Tuesday,0,0,0,0.0,0.0,0.0,0.0,0,0.286
2025-12-16 17:00:00,22.37,90.06,Tuesday,0,0,2,7.67,0.0,1.0,0.07,0,0.414
2025-12-16 18:00:00,21.97,85.74,Tuesday,0,0,3,8.9,0.0,1.0,0.43,0,0.529
2025-12-16 19:00:00,25.39,77.2,Tuesday,0,0,0,0.0,0.0,0.0,0.0,0,0.208
2025-12-16 20:00:00,25.54,75.5,Tuesday,0,0,3,9.19,0.0,0.6,0.98,0,0.783
2025-12-16 21:00:00,24.08,76.3,Tuesday,0,0,0,0.0,0.0,0.0,0.0,0,0.229
2025-12-16 22:00:00,24.69,77.6,Tuesday,0,0,3,15.83,0.0,0.3,0.87,0,0.469
2025-12-16 23:00:00,22.93,79.62,Tuesday,0,0,2,15.11,0.0,0.41,0.49,0,0.305
2025-12-17 00:00:00,22.8,86.26,Wednesday,0,0,2,15.52,0.0,0.68,0.06,0,0.463
2025-12-17 01:00:00,23.75,88.97,Wednesday,0,0,0,0.0,0.0,0.0,0.0,0,0.233
2025-12-17 02:00:00,22.0,81.7,Wednesday,0,1,4,14.57,0.0,0.7,0.03,0,0.342
2025-12-17 03:00:00,19.79,78.46,Wednesday,0,0,2,15.23,0.0,0.61,0.11,0,0.392
2025-12-17 04:00:00,21.81,78.14,Wednesday,0,0,3,12.16,0.0,0.54,0.06,0,0.617
2025-12-17 05:00:00,14.5,86.54,Wednesday,0,0,3,12.19,0.0,1.0,0.16,0,0.936
2025-12-17 06:00:00,21.97,75.57,Wednesday,0,0,2,8.69,0.0,0.48,0.02,0,0.283
2025-12-17 07:00:00,14.91,81.19,Wednesday,0,0,1,9.5,0.0,0.29,0.0,0,0.357
2025-12-17 08:00:00,16.75,95.0,Wednesday,0,0,4,7.09,0.0,0.61,0.19,0,0.467
2025-12-17 09:00:00,17.9,85.9,Wednesday,0,0,0,0.0,0.0,0.0,0.0,0,0.156
2025-12-17 10:00:00,18.01,80.12,Wednesday,0,0,0,0.0,0.0,0.0,0.0,0,0.301
2025-12-17 11:00:00,20.57,86.07,Wednesday,0,0,2,5.84,0.0,0.56,0.18,0,0.565
2025-12-17 12:00:00,17.47,78.88,Wednesday,0,0,3,4.93,0.0,0.8,0.19,0,0.371
2025-12-17 13:00:00,20.57,76.51,Wednesday,0,0,0,0.0,0.0,0.0,0.0,0,0.17
2025-12-17 14:00:00,19.84,78.63,Wednesday,0,0,0,0.0,0.0,0.0,0.0,0,0.256
2025-12-17 15:00:00,22.18,88.81,Wednesday,0,0,0,0.0,0.0,0.0,0.0,0,0.311
2025-12-17 16:00:00,22.26,79.2,Wednesday,0,0,0,0.0,0.0,0.0,0.0,0,0.05
2025-12-17 17:00:00,23.16,67.44,Wednesday,0,0,2,9.17,0.0,0.56,0.15,0,0.41
2025-12-17 18:00:00,22.48,86.31,Wednesday,0,0,3,10.71,0.0,0.86,0.48,0,0.355
2025-12-17 19:00:00,22.86,78.4,Wednesday,0,0,1,10.76,0.0,1.0,0.81,0,0.526
2025-12-17 20:00:00,24.39,69.3,Wednesday,0,0,3,11.85,0.0,1.0,0.84,0,0.707
2025-12-17 21:00:00,25.47,75.99,Wednesday,0,0,2,12.33,0.0,0.86,0.78,0,0.507
2025-12-17 22:00:00,22.4,82.95,Wednesday,0,0,2,14.22,0.0,0.75,0.68,0,0.48
2025-12-17 23:00:00,21.43,83.23,Wednesday,0,0,3,13.85,0.0,1.0,0.58,0,0.952
2025-12-18 00:00:00,23.48,88.36,Thursday,0,0,3,15.44,0.0,0.78,0.11,0,0.25
2025-12-18 01:00:00,21.59,76.8,Thursday,0,0,3,13.64,0.0,0.63,0.15,0,0.596
2025-12-18 02:00:00,22.37,80.6,Thursday,0,0,4,14.15,0.0,0.58,0.11,0,0.801
2025-12-18 03:00:00,18.47,80.38,Thursday,0,0,1,12.12,0.0,0.55,0.08,0,0.205
2025-12-18 04:00:00,16.17,78.23,Thursday,0,0,0,0.0,0.0,0.0,0.0,0,0.209
2025-12-18 05:00:00,17.8,88.91,Thursday,0,0,2,11.33,0.0,1.0,0.14,0,0.371
2025-12-18 06:00:00,16.9,87.61,Thursday,0,1,2,10.02,0.0,0.56,0.15,0,0.52
2025-12-18 07:00:00,17.84,85.87,Thursday,0,0,2,9.6,0.0,1.0,0.17,0,0.31
2025-12-18 08:00:00,16.73,87.58,Thursday,0,0,3,10.16,0.0,0.7,0.04,0,0.425
2025-12-18 09:00:00,19.31,79.69,Thursday,0,0,2,6.59,0.0,1.0,0.1,0,0.257
2025-12-18 10:00:00,17.76,79.49,Thursday,0,0,0,0.0,0.0,0.0,0.0,0,0.198
2025-12-18 11:00:00,19.03,83.57,Thursday,0,0,2,6.94,0.0,0.75,0.15,0,0.515
2025-12-18 12:00:00,19.66,88.61,Thursday,0,1,4,2.96,0.0,0.35,0.1,1,1.265
2025-12-18 13:00:00,20.45,90.13,Thursday,0,0,0,0.0,0.0,0.0,0.0,0,0.125
2025-12-18 14:00:00,20.83,85.73,Thursday,0,0,0,0.0,0.0,0.0,0.0,0,0.185
2025-12-18 15:00:00,22.57,80.33,Thursday,0,0,0,0.0,0.0,0.0,0.0,0,0.278
2025-12-18 16:00:00,20.94,83.0,Thursday,0,0,0,0.0,0.0,0.0,0.0,0,0.192
2025-12-18 17:00:00,25.52,77.59,Thursday,0,0,3,9.13,0.0,0.66,0.09,0,0.273
2025-12-18 18:00:00,23.05,74.63,Thursday,0,0,0,0.0,0.0,0.0,0.0,0,0.209
2025-12-18 19:00:00,21.41,81.35,Thursday,0,0,0,0.0,0.0,0.0,0.0,0,0.226
2025-12-18 20:00:00,24.21,72.03,Thursday,0,0,1,13.82,0.0,0.61,0.85,0,0.134
2025-12-18 21:00:00,22.24,79.86,Thursday,0,0,3,15.38,0.0,0.65,0.41,0,0.882
2025-12-18 22:00:00,24.67,86.48,Thursday,0,0,4,16.0,0.0,0.81,0.59,0,1.005
2025-12-18 23:00:00,26.97,80.34,Thursday,0,0,1,15.66,0.0,1.0,0.65,0,0.849
2025-12-19 00:00:00,20.96,77.02,Friday,0,0,0,0.0,0.0,0.0,0.0,0,0.227
2025-12-19 01:00:00,22.25,80.11,Friday,0,0,0,0.0,0.0,0.0,0.0,0,0.204
2025-12-19 02:00:00,17.72,80.38,Friday,0,0,2,10.85,0.0,0.55,0.2,0,0.605
2025-12-19 03:00:00,20.92,81.36,Friday,0,0,3,15.09,0.0,0.57,0.03,0,0.323
2025-12-19 04:00:00,17.78,89.7,Friday,0,0,2,12.79,0.0,0.38,0.18,0,0.642
2025-12-19 05:00:00,17.63,87.9,Friday,0,0,1,10.67,0.0,0.93,0.18,0,0.39
2025-12-19 06:00:00,16.3,95.0,Friday,0,0,4,7.1,0.0,0.4,0.13,0,0.551
2025-12-19 07:00:00,19.3,89.1,Friday,0,0,2,6.93,0.0,0.19,0.01,0,0.326
2025-12-19 08:00:00,19.69,83.8,Friday,0,0,3,4.85,0.0,0.93,0.1,0,0.465
2025-12-19 09:00:00,18.02,87.67,Friday,0,0,0,0.0,0.0,0.0,0.0,0,0.246
2025-12-19 10:00:00,16.72,84.44,Friday,0,0,0,0.0,0.0,0.0,0.0,0,0.209
2025-12-19 11:00:00,21.62,75.41,Friday,0,0,1,3.21,0.0,0.83,0.0,0,0.433
2025-12-19 12:00:00,18.03,90.81,Friday,0,0,0,0.0,0.0,0.0,0.0,0,0.376
2025-12-19 13:00:00,16.21,90.96,Friday,0,0,0,0.0,0.0,0.0,0.0,0,0.201
2025-12-19 14:00:00,21.7,79.76,Friday,0,0,0,0.0,0.0,0.0,0.0,0,0.306
2025-12-19 15:00:00,19.66,84.17,Friday,0,0,1,6.99,0.0,0.92,0.16,0,0.436
2025-12-19 16:00:00,24.16,84.96,Friday,0,0,0,0.0,0.0,0.0,0.0,0,0.466
2025-12-19 17:00:00,22.31,84.65,Friday,0,0,2,8.25,0.0,0.28,0.07,0,0.488
2025-12-19 18:00:00,24.56,71.08,Friday,0,0,0,0.0,0.0,0.0,0.0,0,0.349
2025-12-19 19:00:00,26.3,78.05,Friday,0,0,2,10.87,0.0,1.0,0.83,0,0.461
2025-12-19 20:00:00,21.7,80.13,Friday,0,0,3,12.87,0.0,0.85,0.86,1,1.044
2025-12-19 21:00:00,22.76,85.59,Friday,0,0,1,13.97,0.0,0.4,0.35,0,0.547
2025-12-19 22:00:00,23.34,84.65,Friday,0,0,3,13.54,0.0,0.57,0.95,0,0.501
2025-12-19 23:00:00,25.76,83.9,Friday,0,0,3,16.0,0.0,0.62,0.68,0,0.493
2025-12-20 00:00:00,21.19,75.84,Saturday,1,0,1,13.74,0.0,0.17,0.14,0,0.677
2025-12-20 01:00:00,20.58,78.06,Saturday,1,0,3,15.41,0.0,0.78,0.13,0,0.514
2025-12-20 02:00:00,21.74,86.51,Saturday,1,0,1,13.82,0.0,0.66,0.13,0,0.441
2025-12-20 03:00:00,19.06,80.39,Saturday,1,0,0,0.0,0.0,0.0,0.0,0,0.208
2025-12-20 04:00:00,19.65,75.21,Saturday,1,0,0,0.0,0.0,0.0,0.0,0,0.322
2025-12-20 05:00:00,15.96,88.8,Saturday,1,0,3,10.3,0.0,0.57,0.04,0,0.553
2025-12-20 06:00:00,22.26,77.73,Saturday,1,0,3,10.99,0.0,0.96,0.07,0,0.453
2025-12-20 07:00:00,15.55,95.0,Saturday,1,0,2,8.56,0.0,0.8,0.13,0,0.229
2025-12-20 08:00:00,17.3,86.41,Saturday,1,0,2,9.55,0.0,0.62,0.11,0,0.444
2025-12-20 09:00:00,17.92,85.17,Saturday,1,0,2,5.04,0.0,0.86,0.12,0,0.549
2025-12-20 10:00:00,21.72,79.11,Saturday,1,0,2,2.37,0.0,0.84,0.06,0,0.616
2025-12-20 11:00:00,16.37,93.72,Saturday,1,1,2,5.76,0.0,0.51,0.06,0,0.527
2025-12-20 12:00:00,22.95,81.64,Saturday,1,0,4,7.58,0.0,0.71,0.09,0,0.479
2025-12-20 13:00:00,21.46,79.14,Saturday,1,0,3,5.9,0.0,0.71,0.01,0,0.425
2025-12-20 14:00:00,21.63,77.07,Saturday,1,0,2,4.26,0.0,0.6,0.09,0,0.496
2025-12-20 15:00:00,19.88,82.24,Saturday,1,0,2,4.93,0.0,0.41,0.1,0,0.358
2025-12-20 16:00:00,23.4,74.55,Saturday,1,0,2,10.54,0.0,0.6,0.01,0,0.475
2025-12-20 17:00:00,21.7,86.12,Saturday,1,0,3,8.14,0.0,1.0,0.01,0,0.235
2025-12-20 18:00:00,25.75,68.28,Saturday,1,0,2,8.48,0.0,0.59,0.31,0,0.344
2025-12-20 19:00:00,22.03,79.98,Saturday,1,0,0,0.0,0.0,0.0,0.0,0,0.307
2025-12-20 20:00:00,23.67,82.25,Saturday,1,0,1,12.28,0.0,0.74,0.71,0,0.562
2025-12-20 21:00:00,22.77,81.71,Saturday,1,0,4,10.49,0.0,0.79,0.71,0,0.792
2025-12-20 22:00:00,21.7,77.39,Saturday,1,0,2,16.0,0.0,0.44,0.37,0,0.716
2025-12-20 23:00:00,24.33,81.9,Saturday,1,0,1,15.71,0.0,1.0,0.73,0,0.788
2025-12-21 00:00:00,23.34,75.06,Sunday,1,0,2,12.73,0.0,1.0,0.12,0,0.433
2025-12-21 01:00:00,23.83,78.94,Sunday,1,0,2,16.0,0.0,0.58,0.01,0,0.614
2025-12-21 02:00:00,17.67,87.85,Sunday,1,0,1,12.76,0.0,1.0,0.02,0,0.798
2025-12-21 03:00:00,22.02,83.0,Sunday,1,0,2,11.87,0.0,0.43,0.1,0,0.32
2025-12-21 04:00:00,23.89,75.63,Sunday,1,0,1,11.16,0.0,0.74,0.15,0,0.25
2025-12-21 05:00:00,17.94,90.34,Sunday,1,0,2,14.2,0.0,0.46,0.17,0,0.53
2025-12-21 06:00:00,21.69,81.41,Sunday,1,0,2,13.07,0.0,0.84,0.11,0,0.29
2025-12-21 07:00:00,17.5,88.46,Sunday,1,0,2,7.88,0.0,0.7,0.12,0,0.528
2025-12-21 08:00:00,15.41,94.28,Sunday,1,0,2,10.06,0.0,0.74,0.12,0,0.419
2025-12-21 09:00:00,17.43,90.4,Sunday,1,0,0,0.0,0.0,0.0,0.0,0,0.138
2025-12-21 10:00:00,20.16,87.95,Sunday,1,0,0,0.0,0.0,0.0,0.0,0,0.152
2025-12-21 11:00:00,17.25,85.94,Sunday,1,0,0,0.0,0.0,0.0,0.0,0,0.195
2025-12-21 12:00:00,18.3,88.0,Sunday,1,0,1,7.26,0.0,1.0,0.12,0,0.422
2025-12-21 13:00:00,21.17,82.52,Sunday,1,0,2,5.29,0.0,1.0,0.08,0,0.617
2025-12-21 14:00:00,20.88,75.66,Sunday,1,0,2,6.52,0.0,1.0,0.17,0,0.28
2025-12-21 15:00:00,22.7,81.58,Sunday,1,0,2,5.39,0.0,0.79,0.04,1,1.073
2025-12-21 16:00:00,22.8,81.26,Sunday,1,0,2,7.54,0.0,0.83,0.12,0,0.422
2025-12-21 17:00:00,23.86,81.94,Sunday,1,1,2,8.46,0.0,0.68,0.16,0,0.441
2025-12-21 18:00:00,22.7,79.43,Sunday,1,0,1,9.67,0.0,1.0,0.72,0,0.182
2025-12-21 19:00:00,24.19,74.92,Sunday,1,0,2,13.0,0.0,0.85,0.73,0,0.472
2025-12-21 20:00:00,22.21,83.8,Sunday,1,0,4,12.82,0.0,0.73,0.71,0,0.414
2025-12-21 21:00:00,26.09,70.45,Sunday,1,0,1,16.0,0.0,0.88,0.44,0,0.663
2025-12-21 22:00:00,22.33,87.69,Sunday,1,0,1,14.7,0.0,0.82,0.6,0,0.866
2025-12-21 23:00:00,25.03,76.82,Sunday,1,0,2,16.0,0.0,1.0,0.94,0,0.689
2025-12-22 00:00:00,21.96,81.97,Monday,0,0,2,16.0,0.0,0.74,0.04,0,0.828
2025-12-22 01:00:00,22.02,83.48,Monday,0,0,2,14.7,0.0,0.94,0.19,0,0.647
2025-12-22 02:00:00,19.99,85.47,Monday,0,0,3,14.59,0.0,0.72,0.1,0,0.682
2025-12-22 03:00:00,18.27,77.01,Monday,0,0,2,12.28,0.0,0.33,0.02,0,0.437
2025-12-22 04:00:00,16.24,90.01,Monday,0,0,1,12.74,0.0,0.75,0.02,0,0.564
2025-12-22 05:00:00,16.86,86.85,Monday,0,0,4,9.82,0.0,0.96,0.19,0,0.382
2025-12-22 06:00:00,17.69,81.4,Monday,0,0,1,12.0,0.0,0.78,0.09,0,0.356
2025-12-22 07:00:00,18.36,80.23,Monday,0,0,1,8.19,0.0,0.46,0.19,0,0.543
2025-12-22 08:00:00,19.69,81.1,Monday,0,0,1,8.03,0.0,1.0,0.12,0,0.402
2025-12-22 09:00:00,17.18,78.55,Monday,0,0,0,0.0,0.0,0.0,0.0,0,0.31
2025-12-22 10:00:00,16.69,94.09,Monday,0,0,0,0.0,0.0,0.0,0.0,0,0.238
2025-12-22 11:00:00,16.16,93.39,Monday,0,0,2,4.61,0.0,0.47,0.01,0,0.453
2025-12-22 12:00:00,20.24,84.54,Monday,0,0,0,0.0,0.0,0.0,0.0,0,0.361
2025-12-22 13:00:00,22.59,79.05,Monday,0,0,0,0.0,0.0,0.0,0.0,0,0.158
2025-12-22 14:00:00,23.16,78.67,Monday,0,0,1,7.2,0.0,0.9,0.14,0,0.456
2025-12-22 15:00:00,22.93,83.65,Monday,0,0,0,0.0,0.0,0.0,0.0,0,0.246
2025-12-22 16:00:00,23.53,88.12,Monday,0,0,2,9.35,0.0,0.89,0.12,0,0.507
2025-12-22 17:00:00,26.05,74.2,Monday,0,0,3,9.33,0.0,0.94,0.15,0,0.412
2025-12-22 18:00:00,24.07,73.25,Monday,0,0,1,7.94,0.0,0.67,0.69,0,0.634
2025-12-22 19:00:00,24.94,85.79,Monday,0,0,2,11.16,0.0,0.37,0.48,0,0.588
2025-12-22 20:00:00,23.3,70.6,Monday,0,1,3,12.44,0.0,1.0,0.35,0,0.24
2025-12-22 21:00:00,21.32,76.27,Monday,0,0,1,8.64,0.0,0.58,0.97,0,0.41
2025-12-22 22:00:00,22.24,79.25,Monday,0,0,1,12.81,0.0,0.2,0.89,0,0.533
2025-12-22 23:00:00,22.98,72.02,Monday,0,0,2,16.0,0.0,0.65,0.33,0,0.265
2025-12-23 00:00:00,22.49,85.82,Tuesday,0,0,0,0.0,0.0,0.0,0.0,0,0.244
2025-12-23 01:00:00,25.12,82.18,Tuesday,0,0,2,14.67,0.0,0.93,0.07,0,0.432
2025-12-23 02:00:00,21.02,78.71,Tuesday,0,0,3,11.06,0.0,0.47,0.06,0,0.479
2025-12-23 03:00:00,22.22,86.9,Tuesday,0,0,2,11.51,0.0,0.29,0.14,0,0.309
2025-12-23 04:00:00,18.59,91.01,Tuesday,0,0,2,13.23,0.0,0.83,0.14,0,0.407
2025-12-23 05:00:00,18.19,83.56,Tuesday,0,0,0,0.0,0.0,0.0,0.0,0,0.545
2025-12-23 06:00:00,15.89,83.95,Tuesday,0,0,3,8.34,0.0,1.0,0.09,0,0.382
2025-12-23 07:00:00,16.64,95.0,Tuesday,0,0,3,10.65,0.0,1.0,0.0,0,0.612
2025-12-23 08:00:00,18.82,87.16,Tuesday,0,0,1,6.45,0.0,0.79,0.11,0,0.418
2025-12-23 09:00:00,17.99,85.59,Tuesday,0,0,0,0.0,0.0,0.0,0.0,0,0.206
2025-12-23 10:00:00,19.98,89.34,Tuesday,0,0,0,0.0,0.0,0.0,0.0,0,0.243
2025-12-23 11:00:00,19.08,84.84,Tuesday,0,0,2,3.95,0.0,0.69,0.04,1,1.169
2025-12-23 12:00:00,18.74,81.1,Tuesday,0,0,2,3.78,0.0,0.52,0.17,0,0.309
2025-12-23 13:00:00,23.97,79.33,Tuesday,0,0,0,0.0,0.0,0.0,0.0,0,0.082
2025-12-23 14:00:00,20.71,87.06,Tuesday,0,0,0,0.0,0.0,0.0,0.0,0,0.05
2025-12-23 15:00:00,23.75,69.17,Tuesday,0,0,0,0.0,0.0,0.0,0.0,0,0.303
2025-12-23 16:00:00,21.65,79.57,Tuesday,0,0,3,8.34,0.0,0.67,0.06,0,0.408
2025-12-23 17:00:00,24.27,85.57,Tuesday,0,0,2,10.0,0.0,1.0,0.09,0,0.287
2025-12-23 18:00:00,25.14,75.31,Tuesday,0,0,2,9.62,0.0,1.0,0.98,0,0.448
2025-12-23 19:00:00,24.15,86.5,Tuesday,0,0,1,12.22,0.0,0.8,0.98,0,0.525
2025-12-23 20:00:00,19.64,89.9,Tuesday,0,0,1,11.95,0.0,1.0,0.63,0,0.902
2025-12-23 21:00:00,23.81,78.75,Tuesday,0,0,1,10.67,0.0,1.0,0.86,0,0.255
2025-12-23 22:00:00,25.69,74.54,Tuesday,0,0,1,15.67,0.0,0.77,0.69,0,0.6
2025-12-23 23:00:00,23.95,77.51,Tuesday,0,0,2,14.68,0.0,0.41,0.83,0,0.755
2025-12-24 00:00:00,23.18,92.96,Wednesday,0,0,2,15.23,0.0,0.96,0.15,0,0.328
2025-12-24 01:00:00,18.55,93.17,Wednesday,0,0,2,14.67,0.0,0.98,0.2,0,0.441
2025-12-24 02:00:00,19.58,83.51,Wednesday,0,0,4,14.06,0.0,0.5,0.02,0,0.475
2025-12-24 03:00:00,20.84,78.7,Wednesday,0,0,2,13.75,0.0,0.82,0.06,0,0.407
2025-12-24 04:00:00,20.11,82.98,Wednesday,0,0,3,12.74,0.0,0.55,0.17,0,0.712
2025-12-24 05:00:00,20.94,82.87,Wednesday,0,0,1,13.19,0.0,0.34,0.18,0,0.486
2025-12-24 06:00:00,18.02,78.07,Wednesday,0,0,1,10.66,0.0,0.81,0.04,0,0.377
2025-12-24 07:00:00,18.71,84.06,Wednesday,0,0,2,10.47,0.0,1.0,0.18,0,0.5
2025-12-24 08:00:00,17.91,91.0,Wednesday,0,0,1,9.76,0.0,0.83,0.12,0,0.637
2025-12-24 09:00:00,16.2,76.92,Wednesday,0,0,1,4.05,0.0,0.79,0.2,0,0.395
2025-12-24 10:00:00,14.22,91.84,Wednesday,0,0,0,0.0,0.0,0.0,0.0,0,0.146
2025-12-24 11:00:00,19.53,89.8,Wednesday,0,0,0,0.0,0.0,0.0,0.0,0,0.3
2025-12-24 12:00:00,19.69,79.98,Wednesday,0,0,2,5.73,0.0,0.61,0.01,1,1.529
2025-12-24 13:00:00,18.99,91.88,Wednesday,0,0,3,6.65,0.0,0.56,0.15,0,0.618
2025-12-24 14:00:00,17.96,80.88,Wednesday,0,0,0,0.0,0.0,0.0,0.0,0,0.349
2025-12-24 15:00:00,22.79,82.2,Wednesday,0,0,1,7.37,0.0,0.45,0.07,0,0.304
2025-12-24 16:00:00,21.9,79.26,Wednesday,0,0,0,0.0,0.0,0.0,0.0,0,0.346
2025-12-24 17:00:00,24.0,77.37,Wednesday,0,0,1,6.59,0.0,0.46,0.05,0,0.441
2025-12-24 18:00:00,26.83,73.27,Wednesday,0,0,3,10.8,0.0,0.68,0.68,0,0.704
2025-12-24 19:00:00,19.92,86.07,Wednesday,0,0,4,11.19,0.0,0.2,0.74,0,0.596
2025-12-24 20:00:00,22.62,84.39,Wednesday,0,0,1,12.5,0.0,0.89,0.44,0,0.74
2025-12-24 21:00:00,23.4,79.12,Wednesday,0,0,1,12.34,0.0,0.85,0.74,0,0.757
2025-12-24 22:00:00,26.09,70.22,Wednesday,0,0,4,14.92,0.0,1.0,0.55,0,0.441
2025-12-24 23:00:00,20.05,84.47,Wednesday,0,0,2,14.19,0.0,0.81,0.8,0,0.673
2025-12-25 00:00:00,25.86,79.34,Thursday,0,0,2,14.93,0.0,0.52,0.13,0,0.275
2025-12-25 01:00:00,21.9,79.71,Thursday,0,0,2,14.1,0.0,1.0,0.04,0,0.578
2025-12-25 02:00:00,20.7,91.2,Thursday,0,0,0,0.0,0.0,0.0,0.0,0,0.244
2025-12-25 03:00:00,19.74,74.91,Thursday,0,0,0,0.0,0.0,0.0,0.0,0,0.36
2025-12-25 04:00:00,18.59,72.68,Thursday,0,0,1,14.28,0.0,0.26,0.09,0,0.393
2025-12-25 05:00:00,20.64,78.27,Thursday,0,0,2,10.58,0.0,0.57,0.08,0,0.415
2025-12-25 06:00:00,16.35,89.33,Thursday,0,0,2,9.81,0.0,0.52,0.09,0,0.368
2025-12-25 07:00:00,18.6,78.48,Thursday,0,0,2,8.31,0.0,1.0,0.05,0,0.391
2025-12-25 08:00:00,17.18,80.13,Thursday,0,0,2,6.54,0.0,0.95,0.16,0,0.184
2025-12-25 09:00:00,16.61,90.31,Thursday,0,0,4,8.31,0.0,1.0,0.1,0,0.623
2025-12-25 10:00:00,22.93,82.17,Thursday,0,0,0,0.0,0.0,0.0,0.0,0,0.248
2025-12-25 11:00:00,19.51,84.83,Thursday,0,0,0,0.0,0.0,0.0,0.0,0,0.214
2025-12-25 12:00:00,20.48,85.98,Thursday,0,0,0,0.0,0.0,0.0,0.0,0,0.223
2025-12-25 13:00:00,22.15,78.44,Thursday,0,0,0,0.0,0.0,0.0,0.0,0,0.428
2025-12-25 14:00:00,18.32,82.12,Thursday,0,0,2,5.87,0.0,0.78,0.08,0,0.472
2025-12-25 15:00:00,24.81,82.22,Thursday,0,0,0,0.0,0.0,0.0,0.0,0,0.15
2025-12-25 16:00:00,17.86,77.7,Thursday,0,0,0,0.0,0.0,0.0,0.0,0,0.283
2025-12-25 17:00:00,21.61,70.33,Thursday,0,0,1,8.83,0.0,0.59,0.16,0,0.298
2025-12-25 18:00:00,22.65,77.95,Thursday,0,0,3,11.12,0.0,0.86,0.65,0,0.534
2025-12-25 19:00:00,24.82,82.82,Thursday,0,0,2,12.55,0.0,0.75,0.9,0,0.479
2025-12-25 20:00:00,24.27,79.93,Thursday,0,0,4,11.13,0.0,1.0,0.77,0,0.818
2025-12-25 21:00:00,23.47,83.66,Thursday,0,0,2,14.7,0.0,0.64,0.46,0,0.801
2025-12-25 22:00:00,23.45,69.31,Thursday,0,0,3,14.78,0.0,0.29,0.9,0,0.696
2025-12-25 23:00:00,21.24,82.96,Thursday,0,0,2,15.56,0.0,0.9,0.56,0,0.708
2025-12-26 00:00:00,19.68,86.06,Friday,0,0,4,14.39,0.0,0.83,0.18,0,0.632
2025-12-26 01:00:00,22.96,73.08,Friday,0,0,3,13.55,0.0,0.53,0.16,0,0.854
2025-12-26 02:00:00,22.12,84.9,Friday,0,0,3,12.78,0.0,0.67,0.07,0,0.486
2025-12-26 03:00:00,22.95,79.29,Friday,0,0,0,0.0,0.0,0.0,0.0,0,0.416
2025-12-26 04:00:00,17.95,95.0,Friday,0,0,2,11.44,0.0,0.66,0.17,0,0.882
2025-12-26 05:00:00,20.0,71.61,Friday,0,0,2,14.95,0.0,0.47,0.16,0,0.518
2025-12-26 06:00:00,17.77,91.35,Friday,0,0,1,11.23,0.0,0.7,0.18,0,0.526
2025-12-26 07:00:00,20.12,80.42,Friday,0,0,3,9.18,0.0,0.97,0.17,0,0.23
2025-12-26 08:00:00,19.72,74.67,Friday,0,0,1,8.94,0.0,0.66,0.03,0,0.207
2025-12-26 09:00:00,18.36,81.34,Friday,0,0,0,0.0,0.0,0.0,0.0,0,0.423
2025-12-26 10:00:00,17.67,85.99,Friday,0,0,2,5.08,0.0,0.7,0.06,0,0.443
2025-12-26 11:00:00,20.48,87.25,Friday,0,0,0,0.0,0.0,0.0,0.0,0,0.232
2025-12-26 12:00:00,20.54,90.62,Friday,0,0,0,0.0,0.0,0.0,0.0,0,0.153
2025-12-26 13:00:00,18.87,90.63,Friday,0,0,2,4.19,0.0,0.64,0.16,0,0.28
2025-12-26 14:00:00,18.49,79.04,Friday,0,0,0,0.0,0.0,0.0,0.0,0,0.276
2025-12-26 15:00:00,21.13,87.13,Friday,0,0,2,6.56,0.0,1.0,0.04,1,0.704
2025-12-26 16:00:00,25.1,79.86,Friday,0,0,0,0.0,0.0,0.0,0.0,0,0.348
2025-12-26 17:00:00,25.06,74.67,Friday,0,0,4,10.24,0.0,0.57,0.04,0,0.631
2025-12-26 18:00:00,21.47,80.12,Friday,0,0,4,7.77,0.0,0.46,0.31,0,0.732
2025-12-26 19:00:00,21.67,77.45,Friday,0,0,2,10.85,0.0,0.37,0.89,0,0.534
2025-12-26 20:00:00,26.17,77.13,Friday,0,0,2,10.84,0.0,0.79,0.34,0,0.554
2025-12-26 21:00:00,21.73,77.29,Friday,0,0,1,9.62,0.0,0.57,0.61,0,0.78
2025-12-26 22:00:00,24.39,73.41,Friday,0,0,4,14.46,0.0,0.47,0.42,0,0.341
2025-12-26 23:00:00,21.89,83.2,Friday,0,0,0,0.0,0.0,0.0,0.0,0,0.147
2025-12-27 00:00:00,25.29,80.89,Saturday,1,0,2,15.11,0.0,0.87,0.09,0,0.439
2025-12-27 01:00:00,20.27,81.32,Saturday,1,0,3,15.48,0.0,0.83,0.14,0,0.389
2025-12-27 02:00:00,22.93,86.7,Saturday,1,0,4,13.83,0.0,0.82,0.04,0,0.629
2025-12-27 03:00:00,20.43,80.81,Saturday,1,0,3,11.99,0.0,1.0,0.14,0,0.463
2025-12-27 04:00:00,19.83,81.14,Saturday,1,0,3,11.95,0.0,0.71,0.14,0,0.319
2025-12-27 05:00:00,15.21,90.12,Saturday,1,1,3,13.35,0.0,0.9,0.12,0,0.647
2025-12-27 06:00:00,14.31,86.96,Saturday,1,0,0,0.0,0.0,0.0,0.0,0,0.197
2025-12-27 07:00:00,17.58,85.1,Saturday,1,0,0,0.0,0.0,0.0,0.0,0,0.319
2025-12-27 08:00:00,18.32,71.41,Saturday,1,0,4,7.7,0.0,0.75,0.05,0,0.372
2025-12-27 09:00:00,15.95,86.23,Saturday,1,0,3,8.38,0.0,1.0,0.19,0,0.444
2025-12-27 10:00:00,16.32,76.68,Saturday,1,0,2,6.81,0.0,0.29,0.18,0,0.31
2025-12-27 11:00:00,19.77,76.61,Saturday,1,0,2,7.1,0.0,1.0,0.04,0,0.597
2025-12-27 12:00:00,20.39,75.47,Saturday,1,1,3,2.77,0.0,0.86,0.06,0,0.324
2025-12-27 13:00:00,19.85,77.42,Saturday,1,0,0,0.0,0.0,0.0,0.0,0,0.403
2025-12-27 14:00:00,22.28,77.7,Saturday,1,0,3,5.15,0.0,0.43,0.06,0,0.362
2025-12-27 15:00:00,19.54,80.48,Saturday,1,0,1,7.36,0.0,0.41,0.16,1,0.949
2025-12-27 16:00:00,21.74,84.26,Saturday,1,0,4,6.23,0.0,0.59,0.11,0,0.32
2025-12-27 17:00:00,25.96,78.24,Saturday,1,0,2,7.41,0.0,0.75,0.17,1,1.499
2025-12-27 18:00:00,23.6,69.76,Saturday,1,0,1,10.0,0.0,0.69,0.95,0,0.656
2025-12-27 19:00:00,24.0,79.32,Saturday,1,0,3,9.91,0.0,0.65,0.36,0,0.611
2025-12-27 20:00:00,28.03,76.87,Saturday,1,0,1,12.89,0.31,0.7,0.55,0,0.796
2025-12-27 21:00:00,21.26,79.73,Saturday,1,0,3,10.48,0.0,0.17,0.98,0,0.83
2025-12-27 22:00:00,24.91,77.78,Saturday,1,0,2,16.0,0.0,0.86,0.68,0,0.69
2025-12-27 23:00:00,25.99,78.06,Saturday,1,0,4,10.65,0.0,0.71,0.36,0,0.706
2025-12-28 00:00:00,21.79,84.71,Sunday,1,0,1,16.0,0.0,0.99,0.2,0,0.522
2025-12-28 01:00:00,23.2,71.75,Sunday,1,0,1,13.96,0.0,0.63,0.13,0,0.457
2025-12-28 02:00:00,19.11,82.08,Sunday,1,0,4,12.16,0.0,0.66,0.0,0,0.384
2025-12-28 03:00:00,18.86,91.06,Sunday,1,0,1,13.79,0.0,0.79,0.1,0,0.537
2025-12-28 04:00:00,20.07,89.52,Sunday,1,0,4,13.83,0.0,0.92,0.03,0,0.52
2025-12-28 05:00:00,20.19,86.58,Sunday,1,0,3,13.03,0.0,1.0,0.14,0,0.537
2025-12-28 06:00:00,20.3,84.92,Sunday,1,0,1,11.69,0.0,0.74,0.01,0,0.631
2025-12-28 07:00:00,20.8,90.05,Sunday,1,0,2,7.42,0.0,0.86,0.07,0,0.479
2025-12-28 08:00:00,17.75,94.11,Sunday,1,0,1,7.81,0.0,0.76,0.06,0,0.464
2025-12-28 09:00:00,20.13,81.74,Sunday,1,0,2,3.8,0.0,0.68,0.18,0,0.445
2025-12-28 10:00:00,17.66,79.76,Sunday,1,0,0,0.0,0.0,0.0,0.0,0,0.322
2025-12-28 11:00:00,20.38,80.81,Sunday,1,0,2,5.68,0.0,0.8,0.16,1,0.991
2025-12-28 12:00:00,19.75,95.0,Sunday,1,0,4,4.44,0.0,0.52,0.15,0,0.447
2025-12-28 13:00:00,20.9,73.84,Sunday,1,0,1,2.42,0.0,0.97,0.19,0,0.454
2025-12-28 14:00:00,21.64,78.67,Sunday,1,0,2,4.78,0.0,0.53,0.04,0,0.441
2025-12-28 15:00:00,18.76,76.55,Sunday,1,0,2,9.33,0.0,0.61,0.16,0,0.647
2025-12-28 16:00:00,20.35,82.81,Sunday,1,0,1,8.09,0.0,0.54,0.13,0,0.272
2025-12-28 17:00:00,23.18,73.62,Sunday,1,0,3,7.98,0.0,0.88,0.14,0,0.515
2025-12-28 18:00:00,20.44,81.56,Sunday,1,0,2,9.76,0.0,0.67,0.35,0,0.495
2025-12-28 19:00:00,25.27,68.01,Sunday,1,0,4,11.87,0.0,0.89,0.96,0,1.162
2025-12-28 20:00:00,25.44,80.69,Sunday,1,0,2,10.18,0.0,0.08,0.89,1,0.916
2025-12-28 21:00:00,24.36,84.69,Sunday,1,0,2,11.29,0.0,1.0,0.97,0,0.783
2025-12-28 22:00:00,21.46,79.27,Sunday,1,0,0,0.0,0.0,0.0,0.0,0,0.329
2025-12-28 23:00:00,25.48,76.89,Sunday,1,0,3,14.06,0.0,0.94,0.64,0,0.767
2025-12-29 00:00:00,26.04,76.24,Monday,0,0,3,16.0,0.0,0.87,0.14,0,0.719
2025-12-29 01:00:00,21.92,81.68,Monday,0,0,2,14.94,0.0,0.93,0.05,0,0.584
2025-12-29 02:00:00,21.8,80.69,Monday,0,0,2,13.55,0.0,0.55,0.17,0,0.45
2025-12-29 03:00:00,20.46,85.92,Monday,0,0,2,13.62,0.0,0.67,0.18,0,0.878
2025-12-29 04:00:00,20.33,88.37,Monday,0,0,2,9.46,0.0,0.85,0.02,0,0.324
2025-12-29 05:00:00,18.54,79.74,Monday,0,0,2,9.94,0.0,0.75,0.09,0,0.229
2025-12-29 06:00:00,18.22,82.56,Monday,0,0,0,0.0,0.0,0.0,0.0,0,0.249
2025-12-29 07:00:00,19.61,87.36,Monday,0,0,1,7.18,0.0,0.89,0.18,0,0.524
2025-12-29 08:00:00,22.1,73.5,Monday,0,0,2,9.35,0.0,1.0,0.11,0,0.354
2025-12-29 09:00:00,15.46,76.73,Monday,0,0,1,7.45,0.0,0.64,0.08,0,0.343
2025-12-29 10:00:00,18.09,85.35,Monday,0,0,1,3.85,0.0,0.87,0.01,0,0.563
2025-12-29 11:00:00,16.63,88.01,Monday,0,0,2,3.27,0.0,0.81,0.11,0,0.454
2025-12-29 12:00:00,22.24,76.87,Monday,0,0,0,0.0,0.0,0.0,0.0,0,0.306
2025-12-29 13:00:00,19.04,80.47,Monday,0,0,0,0.0,0.0,0.0,0.0,0,0.377
2025-12-29 14:00:00,18.28,80.25,Monday,0,0,0,0.0,0.0,0.0,0.0,0,0.296
2025-12-29 15:00:00,22.8,75.64,Monday,0,0,0,0.0,0.0,0.0,0.0,0,0.387
2025-12-29 16:00:00,25.52,81.0,Monday,0,0,0,0.0,0.0,0.0,0.0,0,0.253
2025-12-29 17:00:00,24.19,72.82,Monday,0,0,1,8.44,0.0,0.75,0.12,0,0.425
2025-12-29 18:00:00,23.84,77.71,Monday,0,0,1,9.92,0.0,1.0,0.96,0,0.81
2025-12-29 19:00:00,24.51,73.91,Monday,0,0,0,0.0,0.0,0.0,0.0,0,0.23
2025-12-29 20:00:00,26.42,69.44,Monday,0,0,2,13.66,0.0,0.76,0.51,0,0.826
2025-12-29 21:00:00,22.2,84.87,Monday,0,0,3,11.38,0.0,0.75,0.73,0,0.804
2025-12-29 22:00:00,23.27,76.96,Monday,0,0,4,11.5,0.0,0.92,0.93,0,0.886
2025-12-29 23:00:00,22.18,81.48,Monday,0,0,0,0.0,0.0,0.0,0.0,0,0.244
2025-12-30 00:00:00,20.27,74.71,Tuesday,0,0,2,14.04,0.0,0.84,0.19,0,0.323
2025-12-30 01:00:00,21.06,77.83,Tuesday,0,0,1,13.39,0.0,1.0,0.11,0,0.462
2025-12-30 02:00:00,22.87,83.7,Tuesday,0,0,2,13.2,0.0,0.88,0.15,0,0.675
2025-12-30 03:00:00,21.12,94.43,Tuesday,0,0,4,14.4,0.0,0.31,0.11,0,0.864
2025-12-30 04:00:00,20.54,72.14,Tuesday,0,0,2,10.24,0.0,0.4,0.15,0,0.307
2025-12-30 05:00:00,19.02,82.38,Tuesday,0,0,1,14.07,0.0,0.76,0.01,0,0.378
2025-12-30 06:00:00,19.22,85.26,Tuesday,0,0,2,8.92,0.0,0.55,0.01,0,0.17
2025-12-30 07:00:00,16.54,82.54,Tuesday,0,0,2,9.65,0.0,0.97,0.18,0,0.242
2025-12-30 08:00:00,17.32,89.16,Tuesday,0,0,2,6.5,0.0,0.63,0.09,0,0.451
2025-12-30 09:00:00,18.32,79.67,Tuesday,0,0,0,0.0,0.0,0.0,0.0,0,0.188
2025-12-30 10:00:00,18.78,84.37,Tuesday,0,0,3,5.45,0.0,1.0,0.18,0,0.609
2025-12-30 11:00:00,19.33,80.49,Tuesday,0,0,0,0.0,0.0,0.0,0.0,0,0.244
2025-12-30 12:00:00,19.13,89.38,Tuesday,0,0,0,0.0,0.0,0.0,0.0,0,0.178
2025-12-30 13:00:00,19.42,79.64,Tuesday,0,0,0,0.0,0.0,0.0,0.0,0,0.173
2025-12-30 14:00:00,26.56,74.84,Tuesday,0,0,0,0.0,0.0,0.0,0.0,0,0.305
2025-12-30 15:00:00,23.28,84.27,Tuesday,0,0,0,0.0,0.0,0.0,0.0,0,0.323
2025-12-30 16:00:00,23.12,74.55,Tuesday,0,0,0,0.0,0.0,0.0,0.0,0,0.391
2025-12-30 17:00:00,22.58,80.52,Tuesday,0,0,3,8.54,0.0,0.45,0.16,0,0.609
2025-12-30 18:00:00,22.66,70.99,Tuesday,0,0,1,8.91,0.0,1.0,0.86,0,0.703
2025-12-30 19:00:00,23.54,73.88,Tuesday,0,0,3,11.89,0.0,0.6,0.5,1,0.84
2025-12-30 20:00:00,24.4,80.45,Tuesday,0,0,1,13.16,0.0,1.0,0.8,0,0.955
2025-12-30 21:00:00,20.39,77.2,Tuesday,0,0,3,13.11,0.0,0.22,0.53,0,0.93
2025-12-30 22:00:00,20.65,79.19,Tuesday,0,0,1,16.0,0.0,1.0,0.61,0,0.445
2025-12-30 23:00:00,21.85,83.3,Tuesday,0,0,3,14.38,0.0,0.68,0.39,0,0.547
2025-12-31 00:00:00,22.75,77.13,Wednesday,0,0,1,16.0,0.0,0.45,0.02,0,0.532
2025-12-31 01:00:00,21.22,85.51,Wednesday,0,0,2,13.85,0.0,0.98,0.16,0,0.504
2025-12-31 02:00:00,23.54,80.4,Wednesday,0,0,1,15.61,0.0,0.88,0.16,0,0.538
2025-12-31 03:00:00,17.43,86.99,Wednesday,0,0,2,13.21,0.0,0.86,0.04,0,0.562
2025-12-31 04:00:00,18.02,90.48,Wednesday,0,0,4,12.9,0.0,0.98,0.11,0,0.807
2025-12-31 05:00:00,21.49,82.76,Wednesday,0,0,0,0.0,0.0,0.0,0.0,0,0.306
2025-12-31 06:00:00,18.51,91.53,Wednesday,0,0,2,13.25,0.0,0.68,0.07,0,0.491
2025-12-31 07:00:00,19.57,87.44,Wednesday,0,0,3,9.18,0.0,0.46,0.03,0,0.771
2025-12-31 08:00:00,21.57,78.47,Wednesday,0,0,1,9.03,0.0,0.72,0.07,0,0.51
2025-12-31 09:00:00,16.73,91.91,Wednesday,0,0,1,4.4,0.0,0.62,0.12,0,0.299
2025-12-31 10:00:00,18.1,85.53,Wednesday,0,0,0,0.0,0.0,0.0,0.0,0,0.232
2025-12-31 11:00:00,18.26,82.09,Wednesday,0,0,0,0.0,0.0,0.0,0.0,0,0.224
2025-12-31 12:00:00,15.86,87.62,Wednesday,0,0,0,0.0,0.0,0.0,0.0,0,0.439
2025-12-31 13:00:00,19.54,88.47,Wednesday,0,0,0,0.0,0.0,0.0,0.0,0,0.257
2025-12-31 14:00:00,22.46,82.56,Wednesday,0,0,0,0.0,0.0,0.0,0.0,0,0.166
2025-12-31 15:00:00,22.63,89.25,Wednesday,0,0,0,0.0,0.0,0.0,0.0,0,0.128
2025-12-31 16:00:00,23.49,84.79,Wednesday,0,0,4,8.44,0.0,0.4,0.05,0,0.381
2025-12-31 17:00:00,22.32,83.03,Wednesday,0,0,2,7.42,0.0,1.0,0.15,0,0.433
2025-12-31 18:00:00,22.29,75.31,Wednesday,0,0,0,0.0,0.0,0.0,0.0,0,0.203
2025-12-31 19:00:00,26.06,76.15,Wednesday,0,0,2,11.43,0.0,0.84,0.35,0,0.747
2025-12-31 20:00:00,22.98,80.18,Wednesday,0,0,1,12.7,0.0,1.0,0.83,1,0.962
2025-12-31 21:00:00,24.3,82.11,Wednesday,0,0,3,15.08,0.0,0.44,0.52,0,0.401
2025-12-31 22:00:00,23.77,82.3,Wednesday,0,0,0,0.0,0.0,0.0,0.0,0,0.16
2025-12-31 23:00:00,25.63,78.28,Wednesday,0,0,3,14.03,0.0,0.37,0.72,0,0.469
